tenure,MonthlyCharges,TotalCharges,gender,SeniorCitizen,Partner,Dependents,PhoneService,MultipleLines,InternetService,MonthlyChargeRatio,churn_binary
1,29.85,29.85,Female,0,Yes,No,No,No phone service,DSL,14.925,0
34,56.95,1889.5,Male,0,No,No,Yes,No,DSL,53.98571428571429,0
2,53.85,108.15,Male,0,No,No,Yes,No,DSL,36.050000000000004,1
45,42.3,1840.75,Male,0,No,No,No,No phone service,DSL,40.016304347826086,0
2,70.7,151.65,Female,0,No,No,Yes,No,Fiber optic,50.550000000000004,1
8,99.65,820.5,Female,0,No,No,Yes,Yes,Fiber optic,91.16666666666667,1
22,89.1,1949.4,Male,0,No,Yes,Yes,Yes,Fiber optic,84.75652173913043,0
10,29.75,301.9,Female,0,No,No,No,No phone service,DSL,27.44545454545454,0
28,104.8,3046.05,Female,0,Yes,No,Yes,Yes,Fiber optic,105.03620689655173,1
62,56.15,3487.95,Male,0,No,Yes,Yes,No,DSL,55.364285714285714,0
13,49.95,587.45,Male,0,Yes,Yes,Yes,No,DSL,41.96071428571429,0
16,18.95,326.8,Male,0,No,No,Yes,No,No,19.223529411764705,0
58,100.35,5681.1,Male,0,Yes,No,Yes,Yes,Fiber optic,96.28983050847458,0
49,103.7,5036.3,Male,0,No,No,Yes,Yes,Fiber optic,100.726,1
25,105.5,2686.05,Male,0,No,No,Yes,No,Fiber optic,103.3096153846154,0
69,113.25,7895.15,Female,0,Yes,Yes,Yes,Yes,Fiber optic,112.78785714285713,0
52,20.65,1022.95,Female,0,No,No,Yes,No,No,19.300943396226415,0
71,106.7,7382.25,Male,0,No,Yes,Yes,Yes,Fiber optic,102.53125,0
10,55.2,528.35,Female,0,Yes,Yes,Yes,No,DSL,48.03181818181818,1
21,90.05,1862.9,Female,0,No,No,Yes,No,Fiber optic,84.67727272727274,0
1,39.65,39.65,Male,1,No,No,No,No phone service,DSL,19.825,1
12,19.8,202.25,Male,0,Yes,No,Yes,No,No,15.557692307692308,0
1,20.15,20.15,Male,0,No,No,Yes,No,No,10.075,1
58,59.9,3505.1,Female,0,Yes,No,Yes,Yes,DSL,59.40847457627118,0
49,59.6,2970.3,Male,0,Yes,Yes,Yes,No,DSL,59.406000000000006,0
30,55.3,1530.6,Female,0,No,No,Yes,No,DSL,49.37419354838709,0
47,99.35,4749.15,Male,0,Yes,Yes,Yes,Yes,Fiber optic,98.940625,1
1,30.2,30.2,Male,0,Yes,Yes,No,No phone service,DSL,15.1,1
72,90.25,6369.45,Male,0,Yes,No,Yes,Yes,DSL,87.2527397260274,0
17,64.7,1093.1,Female,0,No,Yes,Yes,No,DSL,60.727777777777774,1
71,96.35,6766.95,Female,1,Yes,No,Yes,Yes,Fiber optic,93.98541666666667,0
2,95.5,181.65,Male,1,Yes,No,Yes,No,Fiber optic,60.550000000000004,0
27,66.15,1874.45,Female,0,Yes,Yes,Yes,No,DSL,66.94464285714285,0
1,20.2,20.2,Male,0,No,No,Yes,No,No,10.1,0
1,45.25,45.25,Male,1,No,No,Yes,No,DSL,22.625,0
72,99.9,7251.7,Female,0,Yes,Yes,Yes,Yes,Fiber optic,99.33835616438355,0
5,69.7,316.9,Male,0,No,No,Yes,No,Fiber optic,52.81666666666666,1
46,74.8,3548.3,Female,0,No,No,Yes,No,Fiber optic,75.49574468085106,0
34,106.35,3549.25,Male,0,No,No,Yes,Yes,Fiber optic,101.40714285714286,1
11,97.85,1105.4,Female,0,No,No,Yes,Yes,Fiber optic,92.11666666666667,1
10,49.55,475.7,Male,0,Yes,Yes,Yes,No,DSL,43.24545454545454,0
70,69.2,4872.35,Female,0,Yes,Yes,Yes,Yes,DSL,68.62464788732395,0
17,20.75,418.25,Female,0,Yes,Yes,Yes,No,No,23.23611111111111,0
63,79.85,4861.45,Female,0,No,No,Yes,Yes,DSL,75.96015625,0
13,76.2,981.45,Female,0,Yes,No,Yes,Yes,DSL,70.10357142857143,0
49,84.5,3906.7,Female,0,No,No,Yes,Yes,Fiber optic,78.134,0
2,49.25,97.0,Male,0,No,No,Yes,No,DSL,32.333333333333336,0
2,80.65,144.15,Female,0,No,No,Yes,No,Fiber optic,48.050000000000004,1
52,79.75,4217.8,Male,0,No,No,Yes,Yes,DSL,79.5811320754717,0
69,64.15,4254.1,Female,0,Yes,Yes,Yes,Yes,DSL,60.77285714285715,0
43,90.25,3838.75,Female,1,No,No,Yes,Yes,Fiber optic,87.24431818181819,0
15,99.1,1426.4,Female,0,No,No,Yes,No,Fiber optic,89.15,1
25,69.5,1752.65,Female,1,Yes,No,Yes,Yes,DSL,67.40961538461539,0
8,80.65,633.3,Female,1,Yes,No,Yes,Yes,Fiber optic,70.36666666666666,1
60,74.85,4456.35,Female,1,Yes,Yes,Yes,No,DSL,73.05491803278689,0
18,95.45,1752.55,Male,1,No,No,Yes,Yes,Fiber optic,92.23947368421052,1
63,99.65,6311.2,Female,0,Yes,Yes,Yes,Yes,Fiber optic,98.6125,0
66,108.45,7076.35,Male,1,Yes,Yes,Yes,Yes,Fiber optic,105.61716417910448,0
34,24.95,894.3,Female,0,Yes,Yes,Yes,Yes,No,25.55142857142857,0
72,107.5,7853.7,Female,0,No,No,Yes,Yes,Fiber optic,107.58493150684932,0
47,100.5,4707.1,Female,0,Yes,No,Yes,Yes,Fiber optic,98.06458333333335,0
60,89.9,5450.7,Male,0,No,No,Yes,Yes,Fiber optic,89.35573770491803,0
72,42.1,2962.0,Male,0,Yes,No,No,No phone service,DSL,40.57534246575342,0
18,54.4,957.1,Female,0,Yes,Yes,Yes,No,DSL,50.373684210526314,0
9,94.4,857.25,Female,0,No,No,Yes,Yes,Fiber optic,85.725,1
3,75.3,244.1,Female,0,No,No,Yes,No,DSL,61.025,0
47,78.9,3650.35,Male,0,Yes,No,Yes,Yes,Fiber optic,76.04895833333333,0
31,79.2,2497.2,Female,0,No,No,Yes,No,DSL,78.0375,0
50,20.15,930.9,Female,0,Yes,Yes,Yes,No,No,18.25294117647059,0
10,79.85,887.35,Male,0,No,No,Yes,No,Fiber optic,80.66818181818182,0
1,49.05,49.05,Male,0,No,No,Yes,No,DSL,24.525,0
52,20.4,1090.65,Female,0,Yes,Yes,Yes,No,No,20.578301886792456,0
64,111.6,7099.0,Male,1,Yes,Yes,Yes,Yes,Fiber optic,109.21538461538462,0
62,24.25,1424.6,Male,0,Yes,Yes,Yes,Yes,No,22.61269841269841,0
3,64.5,177.4,Female,0,No,Yes,Yes,No,DSL,44.35,0
56,110.5,6139.5,Female,1,No,No,Yes,Yes,Fiber optic,107.71052631578948,0
46,55.65,2688.85,Female,0,No,No,Yes,No,DSL,57.2095744680851,0
8,54.65,482.25,Female,0,Yes,Yes,Yes,No,DSL,53.583333333333336,0
30,74.75,2111.3,Male,1,No,No,Yes,No,DSL,68.10645161290323,0
45,25.9,1216.6,Female,0,Yes,Yes,Yes,Yes,No,26.44782608695652,0
1,79.35,79.35,Female,0,No,Yes,Yes,No,Fiber optic,39.675,1
11,50.55,565.35,Female,0,Yes,Yes,No,No phone service,DSL,47.112500000000004,0
7,75.15,496.9,Female,0,Yes,No,Yes,No,Fiber optic,62.1125,1
42,103.8,4327.5,Female,0,No,No,Yes,No,Fiber optic,100.63953488372093,0
49,20.15,973.35,Female,0,Yes,No,Yes,No,No,19.467,0
9,99.3,918.75,Male,0,No,No,Yes,Yes,Fiber optic,91.875,0
35,62.15,2215.45,Female,0,Yes,No,Yes,No,DSL,61.540277777777774,0
48,20.65,1057.0,Female,0,Yes,Yes,Yes,No,No,21.571428571428573,0
46,19.95,927.1,Female,0,Yes,Yes,Yes,No,No,19.72553191489362,0
29,33.75,1009.25,Male,0,Yes,No,No,No phone service,DSL,33.641666666666666,0
30,82.05,2570.2,Male,0,Yes,Yes,Yes,No,Fiber optic,82.90967741935484,0
1,74.7,74.7,Male,1,No,No,Yes,No,Fiber optic,37.35,0
66,84.0,5714.25,Male,0,Yes,Yes,Yes,Yes,DSL,85.28731343283582,0
65,111.05,7107.0,Female,0,No,No,Yes,Yes,Fiber optic,107.68181818181819,0
72,100.9,7459.05,Male,0,No,No,Yes,Yes,Fiber optic,102.17876712328767,0
12,78.95,927.35,Female,0,No,No,Yes,Yes,Fiber optic,71.33461538461539,1
71,66.85,4748.7,Male,0,Yes,Yes,Yes,Yes,DSL,65.95416666666667,0
5,21.05,113.85,Male,0,No,No,Yes,No,No,18.974999999999998,1
52,21.0,1107.2,Male,0,No,No,Yes,No,No,20.89056603773585,0
25,98.5,2514.5,Female,1,Yes,No,Yes,No,Fiber optic,96.71153846153847,1
1,20.2,20.2,Male,0,No,No,Yes,No,No,10.1,0
1,19.45,19.45,Female,0,Yes,Yes,Yes,No,No,9.725,0
38,95.0,3605.6,Male,0,No,No,Yes,Yes,Fiber optic,92.45128205128205,0
66,45.55,3027.25,Female,1,Yes,No,No,No phone service,DSL,45.18283582089552,0
68,110.0,7611.85,Male,0,Yes,No,Yes,Yes,Fiber optic,110.31666666666668,1
5,24.3,100.2,Male,0,No,No,No,No phone service,DSL,16.7,0
72,104.15,7303.05,Female,0,Yes,Yes,Yes,Yes,Fiber optic,100.04178082191781,0
32,30.15,927.65,Female,0,No,No,No,No phone service,DSL,28.11060606060606,0
43,94.35,3921.3,Male,0,No,No,Yes,Yes,Fiber optic,89.12045454545455,0
72,19.4,1363.25,Male,0,Yes,Yes,Yes,No,No,18.674657534246574,0
55,96.75,5238.9,Male,0,Yes,No,Yes,Yes,Fiber optic,93.55178571428571,1
52,57.95,3042.25,Female,0,No,No,Yes,No,DSL,57.40094339622642,0
43,91.65,3954.1,Female,0,No,No,Yes,No,Fiber optic,89.86590909090908,0
37,76.5,2868.15,Female,1,Yes,No,Yes,Yes,Fiber optic,75.47763157894737,1
64,54.6,3423.5,Female,0,Yes,Yes,No,No phone service,DSL,52.66923076923077,0
3,89.85,248.4,Male,0,Yes,Yes,Yes,No,Fiber optic,62.1,0
36,31.05,1126.35,Female,0,No,No,No,No phone service,DSL,30.44189189189189,0
10,100.25,1064.65,Female,0,Yes,Yes,Yes,Yes,Fiber optic,96.78636363636365,1
41,20.65,835.15,Female,0,No,No,Yes,No,No,19.88452380952381,0
27,85.2,2151.6,Male,0,Yes,Yes,Yes,Yes,Fiber optic,76.84285714285714,0
56,99.8,5515.45,Female,0,Yes,Yes,Yes,Yes,Fiber optic,96.76228070175438,0
6,20.7,112.75,Female,0,No,No,Yes,No,No,16.107142857142858,0
3,74.4,229.55,Male,0,No,No,Yes,Yes,Fiber optic,57.3875,1
7,50.7,350.35,Female,0,Yes,Yes,Yes,No,DSL,43.79375,0
4,20.85,62.9,Female,0,Yes,Yes,Yes,No,No,12.58,0
33,88.95,3027.65,Male,0,No,No,Yes,No,Fiber optic,89.0485294117647,0
27,78.05,2135.5,Female,1,No,No,Yes,Yes,Fiber optic,76.26785714285714,1
72,23.55,1723.95,Male,0,Yes,No,Yes,Yes,No,23.615753424657534,0
1,19.75,19.75,Male,0,No,No,Yes,No,No,9.875,0
71,56.45,3985.35,Male,1,No,No,No,No phone service,DSL,55.35208333333333,0
13,85.95,1215.65,Female,0,No,No,Yes,Yes,Fiber optic,86.83214285714287,0
25,58.6,1502.65,Female,0,Yes,Yes,No,No phone service,DSL,57.79423076923077,1
67,50.55,3260.1,Male,0,No,No,Yes,No,DSL,47.942647058823525,0
1,35.45,35.45,Male,0,No,No,No,No phone service,DSL,17.725,1
2,44.35,81.25,Male,0,No,No,Yes,No,DSL,27.083333333333332,1
43,25.7,1188.2,Female,0,No,No,Yes,Yes,No,27.004545454545454,0
23,75.0,1778.5,Female,0,No,No,Yes,No,Fiber optic,74.10416666666667,0
64,20.2,1277.75,Female,0,Yes,Yes,Yes,No,No,19.657692307692308,0
57,19.6,1170.55,Male,0,No,Yes,Yes,No,No,20.181896551724137,0
1,70.45,70.45,Female,1,Yes,No,Yes,No,Fiber optic,35.225,1
72,88.05,6425.65,Female,1,Yes,Yes,Yes,Yes,DSL,88.02260273972603,0
8,71.15,563.65,Female,0,No,No,Yes,Yes,DSL,62.62777777777777,1
61,101.05,5971.25,Female,0,Yes,No,Yes,Yes,Fiber optic,96.31048387096774,0
64,84.3,5289.05,Male,0,No,No,Yes,Yes,Fiber optic,81.37,0
71,23.95,1756.2,Male,1,Yes,No,Yes,Yes,No,24.391666666666666,0
65,99.05,6416.7,Female,0,Yes,Yes,Yes,Yes,Fiber optic,97.22272727272727,0
3,19.6,61.35,Male,0,No,No,Yes,No,No,15.3375,0
1,45.65,45.65,Male,0,No,No,Yes,No,DSL,22.825,1
30,64.5,1929.95,Male,0,No,Yes,Yes,No,DSL,62.25645161290323,0
15,69.5,1071.4,Male,0,Yes,Yes,Yes,No,DSL,66.9625,0
8,68.55,564.35,Female,0,Yes,Yes,Yes,No,DSL,62.705555555555556,0
7,95.0,655.5,Male,0,No,No,Yes,Yes,Fiber optic,81.9375,1
70,108.15,7930.55,Female,0,Yes,Yes,Yes,Yes,Fiber optic,111.69788732394366,0
62,86.1,5215.25,Male,0,Yes,Yes,Yes,No,DSL,82.78174603174604,0
6,19.7,113.5,Female,0,Yes,Yes,Yes,No,No,16.214285714285715,0
14,80.9,1152.8,Female,0,Yes,Yes,Yes,No,Fiber optic,76.85333333333332,0
22,84.15,1821.95,Female,0,No,No,Yes,Yes,Fiber optic,79.21521739130435,0
22,20.15,419.9,Male,0,Yes,Yes,Yes,No,No,18.256521739130434,0
16,64.25,1024.0,Male,0,Yes,Yes,Yes,No,DSL,60.23529411764706,0
10,25.7,251.6,Male,0,No,No,Yes,Yes,No,22.87272727272727,0
13,56.0,764.55,Female,0,No,Yes,Yes,No,DSL,54.61071428571428,0
20,82.4,1592.35,Female,0,Yes,No,Yes,Yes,Fiber optic,75.82619047619048,1
2,69.7,135.2,Female,0,No,No,Yes,No,Fiber optic,45.06666666666666,0
53,73.9,3958.25,Male,0,No,No,Yes,Yes,DSL,73.30092592592592,0
11,20.6,233.9,Female,0,Yes,Yes,Yes,No,No,19.491666666666667,0
69,19.9,1363.45,Male,0,Yes,No,Yes,No,No,19.477857142857143,0
4,70.9,273.0,Female,0,No,No,Yes,No,Fiber optic,54.6,1
72,89.05,6254.45,Male,0,Yes,No,Yes,Yes,DSL,85.67739726027396,0
58,45.3,2651.2,Male,1,Yes,No,No,No phone service,DSL,44.93559322033898,1
16,20.4,321.4,Female,0,Yes,Yes,Yes,No,No,18.905882352941177,0
43,84.25,3539.25,Male,0,Yes,No,Yes,No,Fiber optic,80.4375,0
2,104.4,242.8,Female,0,Yes,No,Yes,Yes,Fiber optic,80.93333333333334,1
14,81.95,1181.75,Male,0,Yes,No,Yes,No,DSL,78.78333333333333,0
53,94.85,5000.2,Female,0,Yes,No,Yes,No,Fiber optic,92.59629629629629,1
32,20.55,654.55,Female,0,No,No,Yes,No,No,19.834848484848482,0
34,24.7,780.2,Female,0,Yes,No,Yes,Yes,No,22.291428571428572,0
15,74.45,1145.7,Female,1,No,No,Yes,Yes,Fiber optic,71.60625,1
7,76.45,503.6,Female,1,No,No,Yes,No,Fiber optic,62.95,1
15,105.35,1559.25,Female,0,Yes,Yes,Yes,Yes,Fiber optic,97.453125,0
61,20.55,1252.0,Male,0,Yes,No,Yes,No,No,20.193548387096776,0
1,29.95,29.95,Female,0,No,No,No,No phone service,DSL,14.975,1
1,45.3,45.3,Female,0,No,No,Yes,No,DSL,22.65,0
8,84.5,662.65,Male,0,No,No,Yes,Yes,Fiber optic,73.62777777777778,1
33,74.75,2453.3,Male,0,Yes,Yes,Yes,No,DSL,72.15588235294118,0
13,79.25,1111.65,Female,0,No,No,Yes,No,Fiber optic,79.40357142857144,1
1,24.8,24.8,Female,0,Yes,No,No,No phone service,DSL,12.4,1
20,51.8,1023.85,Male,0,No,No,Yes,No,DSL,48.75476190476191,0
3,30.4,82.15,Male,0,No,No,No,No phone service,DSL,20.5375,0
13,19.65,244.8,Female,0,No,No,Yes,No,No,17.485714285714288,0
40,56.6,2379.1,Female,0,Yes,No,Yes,Yes,DSL,58.02682926829268,0
43,71.9,3173.35,Male,0,Yes,Yes,Yes,Yes,DSL,72.12159090909091,0
6,91.0,531.0,Male,0,Yes,No,Yes,No,Fiber optic,75.85714285714286,1
69,19.75,1375.4,Female,0,Yes,Yes,Yes,No,No,19.64857142857143,0
72,109.7,8129.3,Female,0,Yes,Yes,Yes,Yes,Fiber optic,111.36027397260274,0
59,19.3,1192.7,Male,0,Yes,Yes,Yes,No,No,19.878333333333334,0
20,96.55,1901.65,Female,0,Yes,No,Yes,No,Fiber optic,90.5547619047619,0
24,24.1,587.4,Male,0,Yes,Yes,Yes,Yes,No,23.496,0
59,111.35,6519.75,Male,0,No,No,Yes,Yes,Fiber optic,108.6625,0
72,112.25,8041.65,Male,0,Yes,Yes,Yes,Yes,Fiber optic,110.15958904109588,0
1,20.75,20.75,Male,0,No,Yes,Yes,No,No,10.375,0
27,101.9,2681.15,Female,0,Yes,No,Yes,No,Fiber optic,95.75535714285715,0
14,80.05,1112.3,Female,0,No,No,Yes,No,Fiber optic,74.15333333333334,0
71,105.55,7405.5,Male,0,Yes,Yes,Yes,Yes,Fiber optic,102.85416666666667,0
13,78.3,1033.95,Male,0,No,Yes,Yes,No,Fiber optic,73.85357142857143,0
44,68.85,2958.95,Male,0,No,No,Yes,No,Fiber optic,65.75444444444445,0
33,79.95,2684.85,Female,0,No,No,Yes,No,Fiber optic,78.96617647058824,0
72,55.45,4179.2,Male,0,Yes,Yes,No,No phone service,DSL,57.249315068493146,0
1,79.9,79.9,Male,0,No,No,Yes,No,Fiber optic,39.95,1
19,106.6,1934.45,Female,0,No,No,Yes,No,Fiber optic,96.7225,1
64,102.45,6654.1,Male,0,Yes,No,Yes,No,Fiber optic,102.37076923076924,0
2,46.0,84.5,Male,0,No,No,Yes,No,DSL,28.166666666666668,1
1,25.25,25.25,Female,0,No,No,No,No phone service,DSL,12.625,0
61,19.75,1124.2,Male,0,No,Yes,Yes,No,No,18.13225806451613,0
29,20.0,540.05,Female,0,Yes,Yes,Yes,No,No,18.001666666666665,0
23,86.8,1975.85,Male,1,Yes,No,Yes,Yes,Fiber optic,82.32708333333333,0
57,58.75,3437.45,Female,0,Yes,No,No,No phone service,DSL,59.266379310344824,0
72,45.25,3139.8,Male,0,Yes,Yes,No,No phone service,DSL,43.01095890410959,0
66,56.6,3789.2,Male,0,Yes,No,No,No phone service,DSL,56.55522388059701,0
65,84.2,5324.5,Male,0,Yes,Yes,Yes,Yes,DSL,80.67424242424242,0
8,80.0,624.6,Female,0,No,No,Yes,No,Fiber optic,69.4,0
4,70.15,268.35,Female,0,No,No,Yes,No,Fiber optic,53.67,1
71,24.75,1836.9,Female,0,Yes,No,Yes,Yes,No,25.512500000000003,0
1,20.2,20.2,Male,0,Yes,Yes,Yes,No,No,10.1,0
4,50.05,179.35,Male,0,Yes,No,Yes,No,DSL,35.87,1
12,19.35,219.35,Female,0,No,No,Yes,No,No,16.873076923076923,0
24,50.6,1288.75,Male,0,No,No,No,No phone service,DSL,51.55,0
31,81.15,2545.75,Female,0,Yes,Yes,Yes,No,DSL,79.5546875,0
1,55.2,55.2,Female,0,Yes,No,Yes,No,DSL,27.6,1
30,89.9,2723.15,Male,0,No,No,Yes,Yes,Fiber optic,87.84354838709677,0
47,85.3,4107.25,Female,0,Yes,Yes,Yes,Yes,DSL,85.56770833333333,0
54,108.0,5760.65,Male,0,No,No,Yes,Yes,Fiber optic,104.7390909090909,0
50,93.5,4747.5,Male,0,No,No,Yes,No,Fiber optic,93.08823529411765,0
1,84.6,84.6,Male,0,No,No,Yes,No,Fiber optic,42.3,1
72,20.25,1566.9,Female,0,No,No,Yes,No,No,21.464383561643835,0
29,25.15,702.0,Female,0,No,No,Yes,Yes,No,23.4,0
2,54.4,114.1,Male,0,No,No,Yes,Yes,DSL,38.03333333333333,1
10,29.6,299.05,Female,0,No,No,No,No phone service,DSL,27.186363636363637,0
18,73.15,1305.95,Male,0,Yes,No,Yes,Yes,Fiber optic,68.73421052631579,0
11,95.0,1120.3,Female,1,No,No,Yes,No,Fiber optic,93.35833333333333,1
16,19.75,284.35,Male,0,No,No,Yes,No,No,16.726470588235294,0
72,86.6,6350.5,Female,0,No,No,Yes,Yes,DSL,86.9931506849315,0
72,109.2,7878.3,Male,0,No,No,Yes,Yes,Fiber optic,107.92191780821918,0
41,74.7,3187.65,Female,0,Yes,Yes,Yes,No,DSL,75.89642857142857,0
65,94.4,6126.15,Female,1,Yes,No,Yes,No,Fiber optic,92.82045454545454,0
13,54.8,731.3,Female,1,No,No,Yes,No,DSL,52.23571428571428,0
4,75.35,273.4,Male,1,No,No,Yes,No,Fiber optic,54.67999999999999,0
41,65.0,2531.8,Male,0,No,No,Yes,Yes,DSL,60.280952380952385,0
15,74.4,1074.3,Male,1,No,No,Yes,No,Fiber optic,67.14375,1
1,48.55,48.55,Male,0,No,No,Yes,No,DSL,24.275,1
42,99.0,4298.45,Male,0,No,No,Yes,Yes,Fiber optic,99.96395348837208,0
51,93.5,4619.55,Female,0,Yes,No,Yes,No,Fiber optic,88.8375,0
2,70.4,147.15,Female,0,Yes,Yes,Yes,No,Fiber optic,49.050000000000004,1
1,40.2,40.2,Male,1,Yes,No,No,No phone service,DSL,20.1,1
32,83.7,2633.3,Male,0,No,Yes,Yes,Yes,DSL,79.7969696969697,0
10,19.85,193.05,Male,0,No,No,Yes,No,No,17.55,0
67,59.55,4103.9,Female,0,Yes,Yes,No,No phone service,DSL,60.35147058823529,0
61,115.1,7008.15,Female,0,Yes,Yes,Yes,Yes,Fiber optic,113.03467741935484,0
50,114.35,5791.1,Male,0,No,No,Yes,Yes,Fiber optic,113.55098039215687,0
2,44.6,80.55,Female,0,Yes,No,Yes,No,DSL,26.849999999999998,1
29,45.0,1228.65,Female,1,Yes,No,No,No phone service,DSL,40.955000000000005,0
3,41.15,132.2,Male,1,No,No,No,No phone service,DSL,33.05,1
13,106.9,1364.3,Male,1,No,No,Yes,Yes,Fiber optic,97.45,1
57,89.85,4925.35,Male,1,Yes,No,Yes,Yes,Fiber optic,84.9198275862069,0
31,49.85,1520.1,Female,0,No,No,No,No phone service,DSL,47.503125,0
45,113.3,5032.25,Female,0,Yes,No,Yes,Yes,Fiber optic,109.39673913043478,0
61,88.1,5526.75,Female,0,Yes,Yes,Yes,Yes,DSL,89.14112903225806,0
50,24.9,1195.25,Male,0,No,No,Yes,Yes,No,23.436274509803923,0
19,105.0,2007.25,Female,1,No,No,Yes,No,Fiber optic,100.3625,0
59,19.35,1099.6,Male,0,No,No,Yes,No,No,18.326666666666664,1
71,24.25,1732.95,Female,0,Yes,No,Yes,Yes,No,24.06875,0
16,94.45,1511.2,Female,1,No,No,Yes,No,Fiber optic,88.89411764705882,1
57,59.75,3450.15,Male,0,Yes,No,Yes,No,DSL,59.48534482758621,0
1,24.8,24.8,Male,0,No,No,No,No phone service,DSL,12.4,1
20,107.05,2172.05,Male,1,Yes,No,Yes,Yes,Fiber optic,103.43095238095239,0
1,70.6,70.6,Male,0,No,No,Yes,No,Fiber optic,35.3,1
5,85.4,401.1,Male,0,Yes,No,Yes,Yes,Fiber optic,66.85000000000001,1
52,105.05,5624.85,Female,0,Yes,No,Yes,Yes,Fiber optic,106.12924528301888,1
21,64.95,1339.8,Male,1,Yes,No,Yes,No,DSL,60.9,0
14,55.0,771.95,Male,0,No,No,No,No phone service,DSL,51.46333333333334,0
5,50.55,244.75,Female,0,No,No,Yes,No,DSL,40.791666666666664,0
6,55.15,322.9,Female,0,No,No,Yes,No,DSL,46.128571428571426,0
10,51.2,498.25,Female,0,No,No,Yes,No,DSL,45.29545454545455,0
1,25.4,25.4,Female,0,No,Yes,Yes,Yes,No,12.7,0
68,54.45,3687.75,Female,0,No,No,Yes,Yes,DSL,53.44565217391305,0
18,95.15,1779.95,Male,0,Yes,Yes,Yes,No,Fiber optic,93.68157894736842,1
22,76.0,1783.6,Female,0,No,No,Yes,Yes,Fiber optic,77.54782608695652,0
20,44.35,927.15,Female,0,No,No,Yes,No,DSL,44.15,0
1,70.0,70.0,Male,0,Yes,No,Yes,No,Fiber optic,35.0,1
8,74.5,606.55,Male,1,No,No,Yes,No,Fiber optic,67.39444444444445,1
10,44.85,435.4,Male,0,No,No,Yes,No,DSL,39.58181818181818,1
24,76.1,1712.7,Male,1,No,No,Yes,Yes,Fiber optic,68.508,1
35,61.2,2021.2,Male,0,No,No,Yes,No,DSL,56.144444444444446,0
23,86.8,1940.8,Male,0,Yes,Yes,Yes,No,Fiber optic,80.86666666666666,0
6,89.35,567.8,Female,1,No,No,Yes,No,Fiber optic,81.11428571428571,0
12,19.7,220.35,Female,0,No,No,Yes,No,No,16.95,0
1,20.25,20.25,Male,0,No,No,Yes,No,No,10.125,0
71,76.05,5436.45,Female,0,Yes,Yes,Yes,No,Fiber optic,75.50625,0
35,100.8,3437.5,Male,1,Yes,No,Yes,Yes,Fiber optic,95.48611111111111,0
40,74.55,3015.75,Male,0,Yes,Yes,Yes,Yes,DSL,73.5548780487805,0
1,73.6,73.6,Female,0,No,Yes,Yes,No,Fiber optic,36.8,1
23,64.9,1509.8,Male,0,No,No,Yes,No,DSL,62.90833333333333,0
4,95.45,396.1,Female,1,No,No,Yes,Yes,Fiber optic,79.22,1
4,90.4,356.65,Male,0,No,No,Yes,No,Fiber optic,71.33,0
68,60.3,4109.0,Female,0,Yes,Yes,No,No phone service,DSL,59.55072463768116,0
38,81.85,3141.7,Male,0,No,Yes,Yes,Yes,Fiber optic,80.55641025641025,0
52,24.8,1229.1,Male,0,Yes,Yes,Yes,Yes,No,23.19056603773585,0
32,74.9,2303.35,Male,1,Yes,No,Yes,Yes,Fiber optic,69.79848484848485,1
29,75.55,2054.4,Male,0,Yes,Yes,Yes,No,DSL,68.48,0
38,101.15,3741.85,Male,1,Yes,Yes,Yes,Yes,Fiber optic,95.94487179487179,0
48,78.75,3682.45,Male,0,No,Yes,Yes,Yes,DSL,75.15204081632653,0
1,19.25,19.25,Female,0,No,No,Yes,No,No,9.625,0
22,89.05,1886.25,Female,0,No,No,Yes,No,Fiber optic,82.01086956521739,0
43,115.05,4895.1,Female,0,No,No,Yes,Yes,Fiber optic,111.25227272727274,0
5,69.35,341.6,Female,1,Yes,No,Yes,No,Fiber optic,56.93333333333334,0
5,80.6,415.55,Male,0,No,No,Yes,No,Fiber optic,69.25833333333334,1
51,110.05,5686.4,Male,0,Yes,Yes,Yes,Yes,Fiber optic,109.35384615384615,0
71,19.9,1355.1,Male,0,No,No,Yes,No,No,18.820833333333333,0
38,80.3,3058.65,Female,0,Yes,Yes,Yes,No,DSL,78.42692307692307,1
24,93.15,2231.05,Male,1,Yes,No,Yes,No,Fiber optic,89.242,1
35,91.5,3236.35,Male,0,Yes,No,Yes,Yes,Fiber optic,89.89861111111111,0
54,82.45,4350.1,Female,1,No,No,Yes,Yes,DSL,79.09272727272727,1
72,60.0,4264.0,Female,0,Yes,Yes,No,No phone service,DSL,58.41095890410959,0
1,44.8,44.8,Male,0,No,No,Yes,No,DSL,22.4,0
9,48.6,422.3,Female,0,Yes,Yes,Yes,No,DSL,42.230000000000004,0
69,60.05,4176.7,Male,0,No,No,No,No phone service,DSL,59.667142857142856,0
52,102.7,5138.1,Female,0,Yes,No,Yes,Yes,Fiber optic,96.94528301886793,0
11,82.9,880.05,Female,1,Yes,No,Yes,No,Fiber optic,73.33749999999999,0
2,70.35,139.05,Female,1,No,No,Yes,No,Fiber optic,46.35,1
28,35.9,973.65,Female,1,Yes,Yes,No,No phone service,DSL,33.574137931034485,0
17,82.65,1470.05,Female,1,No,No,Yes,Yes,Fiber optic,81.66944444444444,0
35,19.85,739.35,Female,0,Yes,Yes,Yes,No,No,20.5375,0
8,19.2,161.95,Female,0,No,No,Yes,No,No,17.994444444444444,0
46,94.9,4422.95,Male,0,No,No,Yes,Yes,Fiber optic,94.10531914893616,0
7,73.85,511.25,Female,0,No,No,Yes,Yes,Fiber optic,63.90625,1
2,80.6,155.8,Female,0,No,No,Yes,Yes,Fiber optic,51.93333333333334,1
68,75.8,5293.95,Male,0,Yes,Yes,Yes,Yes,DSL,76.72391304347826,1
43,104.6,4759.85,Female,0,No,No,Yes,Yes,Fiber optic,108.1784090909091,1
68,88.15,6148.45,Female,0,No,No,Yes,Yes,DSL,89.10797101449275,0
36,94.8,3565.65,Female,0,No,No,Yes,No,Fiber optic,96.36891891891892,0
63,103.4,6603.0,Male,0,Yes,No,Yes,Yes,Fiber optic,103.171875,1
32,54.65,1830.1,Female,1,No,No,Yes,No,DSL,55.45757575757575,0
71,85.75,6223.8,Female,0,Yes,No,Yes,Yes,DSL,86.44166666666666,0
66,67.45,4508.65,Female,0,Yes,Yes,Yes,Yes,DSL,67.29328358208954,0
63,20.5,1328.15,Male,0,No,No,Yes,No,No,20.75234375,0
41,20.25,865.0,Female,0,No,Yes,Yes,No,No,20.595238095238095,0
1,72.1,72.1,Female,1,No,No,Yes,Yes,Fiber optic,36.05,0
2,90.4,168.2,Female,0,No,No,Yes,No,Fiber optic,56.06666666666666,1
70,19.45,1303.5,Female,0,Yes,No,Yes,No,No,18.359154929577464,0
23,44.95,996.85,Female,0,No,No,No,No phone service,DSL,41.53541666666667,0
64,97.0,6430.9,Female,1,Yes,No,Yes,No,Fiber optic,98.93692307692307,0
37,62.8,2278.75,Male,0,Yes,Yes,Yes,Yes,DSL,59.9671052631579,0
17,44.6,681.4,Male,0,No,Yes,Yes,No,DSL,37.855555555555554,0
7,89.15,574.35,Female,1,No,No,Yes,No,Fiber optic,71.79375,0
4,84.8,371.9,Male,0,Yes,Yes,Yes,Yes,Fiber optic,74.38,1
21,41.9,840.1,Female,1,No,No,No,No phone service,DSL,38.18636363636364,1
10,80.25,846.0,Female,0,No,No,Yes,No,Fiber optic,76.9090909090909,1
16,54.1,889.0,Female,1,No,No,Yes,Yes,DSL,52.294117647058826,0
64,105.25,6823.4,Male,0,Yes,No,Yes,Yes,Fiber optic,104.97538461538461,0
27,30.75,805.1,Male,1,Yes,No,No,No phone service,DSL,28.75357142857143,1
42,97.1,4016.75,Male,0,Yes,Yes,Yes,Yes,Fiber optic,93.41279069767442,0
5,20.2,83.75,Male,0,No,Yes,Yes,No,No,13.958333333333334,0
41,98.8,3959.15,Female,0,No,No,Yes,No,Fiber optic,94.26547619047619,0
58,50.3,2878.55,Male,0,Yes,No,Yes,No,DSL,48.78898305084746,0
47,20.55,945.7,Female,0,No,No,Yes,No,No,19.702083333333334,0
18,75.9,1373.05,Male,0,No,No,Yes,No,Fiber optic,72.26578947368421,0
5,96.5,492.55,Male,0,No,No,Yes,No,Fiber optic,82.09166666666667,1
23,59.95,1406.0,Male,0,Yes,No,Yes,No,DSL,58.583333333333336,0
1,19.15,19.15,Female,0,No,No,Yes,No,No,9.575,0
71,98.65,6962.85,Male,0,Yes,No,Yes,Yes,Fiber optic,96.70625000000001,0
72,112.6,8126.65,Male,0,Yes,Yes,Yes,Yes,Fiber optic,111.32397260273972,0
33,20.6,690.25,Male,0,Yes,Yes,Yes,No,No,20.301470588235293,0
2,85.65,181.5,Male,0,No,No,Yes,Yes,Fiber optic,60.5,1
24,35.75,830.8,Male,0,No,Yes,No,No phone service,DSL,33.232,0
56,99.75,5608.4,Female,0,Yes,Yes,Yes,Yes,Fiber optic,98.39298245614034,0
37,96.1,3646.8,Male,0,No,No,Yes,No,Fiber optic,95.96842105263158,0
43,85.1,3662.25,Female,0,No,No,Yes,Yes,DSL,83.23295454545455,0
1,25.35,25.35,Male,0,No,No,No,No phone service,DSL,12.675,0
25,104.95,2566.5,Female,0,Yes,No,Yes,Yes,Fiber optic,98.71153846153847,1
61,89.65,5308.7,Female,0,No,No,Yes,Yes,DSL,85.6241935483871,0
17,86.75,1410.25,Male,0,No,No,Yes,Yes,Fiber optic,78.34722222222223,0
41,86.2,3339.05,Female,0,Yes,No,Yes,No,Fiber optic,79.50119047619049,0
1,50.65,50.65,Male,0,No,No,Yes,No,DSL,25.325,1
72,64.8,4732.35,Male,1,Yes,Yes,No,No phone service,DSL,64.82671232876713,0
1,90.85,90.85,Male,0,No,No,Yes,Yes,Fiber optic,45.425,1
48,108.1,5067.45,Male,0,No,No,Yes,Yes,Fiber optic,103.41734693877551,0
11,19.95,214.75,Male,1,Yes,No,Yes,No,No,17.895833333333332,1
55,85.45,4874.7,Female,1,Yes,No,Yes,Yes,Fiber optic,87.04821428571428,1
42,54.75,2348.45,Female,0,No,No,No,No phone service,DSL,54.61511627906976,0
44,90.4,4063.0,Male,0,No,No,Yes,Yes,Fiber optic,90.28888888888889,0
1,44.0,44.0,Male,0,No,Yes,Yes,No,DSL,22.0,0
27,95.6,2595.25,Female,0,No,No,Yes,Yes,Fiber optic,92.6875,0
27,84.8,2309.55,Male,1,Yes,No,Yes,Yes,DSL,82.48392857142858,0
2,44.3,89.3,Female,1,No,No,Yes,No,DSL,29.766666666666666,0
19,19.9,367.55,Female,0,No,No,Yes,No,No,18.3775,0
42,95.05,3944.5,Female,1,Yes,No,Yes,Yes,Fiber optic,91.73255813953489,0
66,90.05,5965.95,Female,0,No,No,Yes,Yes,DSL,89.04402985074627,0
33,109.9,3694.7,Male,1,Yes,No,Yes,Yes,Fiber optic,108.66764705882352,0
34,73.95,2524.45,Female,0,No,No,Yes,No,Fiber optic,72.12714285714286,1
33,54.6,1803.7,Male,1,No,No,No,No phone service,DSL,53.050000000000004,0
23,20.05,415.1,Female,0,Yes,Yes,Yes,No,No,17.295833333333334,0
32,19.75,624.15,Female,0,No,No,Yes,No,No,18.913636363636364,0
11,20.05,237.7,Female,0,No,No,Yes,No,No,19.808333333333334,0
69,99.45,7007.6,Male,0,Yes,Yes,Yes,Yes,Fiber optic,100.10857142857144,1
68,55.9,3848.8,Female,0,Yes,No,Yes,No,DSL,55.77971014492754,0
20,19.7,419.4,Male,0,No,No,Yes,No,No,19.97142857142857,0
72,19.8,1468.75,Male,0,No,No,Yes,No,No,20.11986301369863,0
60,95.4,5812.0,Male,0,Yes,Yes,Yes,Yes,Fiber optic,95.27868852459017,0
32,93.95,2861.45,Male,1,Yes,Yes,Yes,No,Fiber optic,86.71060606060605,0
1,19.9,19.9,Female,0,No,No,Yes,No,No,9.95,1
1,19.6,19.6,Male,0,No,No,Yes,No,No,9.8,1
3,81.35,233.7,Male,1,No,No,Yes,Yes,Fiber optic,58.425,1
46,24.45,1066.15,Female,0,Yes,No,Yes,Yes,No,22.684042553191492,0
29,74.95,2149.05,Female,0,Yes,No,Yes,Yes,Fiber optic,71.635,0
51,87.35,4473.0,Male,0,No,No,Yes,Yes,Fiber optic,86.01923076923077,0
48,70.65,3545.05,Female,1,Yes,No,Yes,No,Fiber optic,72.34795918367347,0
16,73.25,1195.75,Female,0,Yes,Yes,Yes,No,Fiber optic,70.33823529411765,0
70,98.7,6858.9,Male,0,Yes,No,Yes,Yes,Fiber optic,96.60422535211266,0
40,24.8,1024.7,Female,0,Yes,Yes,Yes,Yes,No,24.992682926829268,0
22,83.3,1845.9,Female,0,Yes,Yes,Yes,No,Fiber optic,80.25652173913043,1
1,75.3,75.3,Female,1,No,No,Yes,No,Fiber optic,37.65,1
5,24.3,132.25,Female,0,Yes,Yes,Yes,Yes,No,22.041666666666668,0
7,69.85,515.45,Female,0,No,No,Yes,No,Fiber optic,64.43125,0
29,100.55,2830.45,Male,0,No,Yes,Yes,Yes,Fiber optic,94.34833333333333,0
44,25.7,1110.5,Male,0,Yes,Yes,Yes,Yes,No,24.677777777777777,0
10,40.7,449.3,Female,0,No,No,No,No phone service,DSL,40.845454545454544,0
55,51.65,2838.55,Female,1,Yes,No,Yes,Yes,DSL,50.68839285714286,0
52,105.1,5376.4,Male,1,Yes,No,Yes,Yes,Fiber optic,101.44150943396225,0
10,85.95,858.6,Female,0,Yes,Yes,Yes,Yes,Fiber optic,78.05454545454546,0
18,75.6,1395.05,Male,0,No,No,Yes,Yes,Fiber optic,73.42368421052632,0
68,58.25,3975.7,Female,0,Yes,No,Yes,Yes,DSL,57.618840579710145,0
61,19.4,1182.55,Female,0,Yes,Yes,Yes,No,No,19.073387096774194,1
72,65.2,4784.45,Female,0,Yes,Yes,No,No phone service,DSL,65.5404109589041,0
2,53.45,119.5,Male,0,No,No,Yes,No,DSL,39.833333333333336,0
12,45.4,518.9,Male,0,No,No,Yes,No,DSL,39.91538461538461,1
41,19.75,899.45,Male,0,Yes,No,Yes,No,No,21.41547619047619,0
26,44.45,1183.8,Female,0,No,No,No,No phone service,DSL,43.84444444444444,0
36,20.85,720.05,Male,0,Yes,No,Yes,No,No,19.46081081081081,0
72,114.05,8468.2,Male,0,Yes,Yes,Yes,Yes,Fiber optic,116.00273972602741,0
35,89.85,3161.2,Male,0,Yes,No,Yes,Yes,Fiber optic,87.8111111111111,0
1,55.05,55.05,Male,0,No,No,Yes,No,DSL,27.525,0
16,112.95,1882.55,Female,0,Yes,Yes,Yes,Yes,Fiber optic,110.73823529411764,0
49,101.55,5070.4,Female,1,No,No,Yes,Yes,Fiber optic,101.40799999999999,0
54,114.65,6049.5,Female,0,Yes,No,Yes,Yes,Fiber optic,109.99090909090908,0
18,64.8,1166.7,Female,0,No,Yes,Yes,Yes,DSL,61.40526315789474,0
36,80.4,2937.65,Female,0,Yes,No,Yes,No,Fiber optic,79.39594594594595,0
60,105.9,6396.45,Female,0,No,No,Yes,Yes,Fiber optic,104.85983606557377,1
1,69.55,69.55,Female,0,No,No,Yes,No,Fiber optic,34.775,1
52,25.05,1270.25,Female,0,Yes,Yes,Yes,Yes,No,23.96698113207547,0
8,94.75,759.55,Male,0,Yes,Yes,Yes,No,Fiber optic,84.39444444444445,0
72,105.5,7611.55,Male,0,Yes,Yes,Yes,No,Fiber optic,104.26780821917808,0
64,24.7,1642.75,Female,0,No,No,Yes,Yes,No,25.273076923076925,0
22,69.75,1545.4,Female,1,No,No,Yes,No,DSL,67.19130434782609,0
60,60.2,3582.4,Male,0,Yes,No,No,No phone service,DSL,58.72786885245902,0
28,81.05,2227.1,Female,0,Yes,Yes,Yes,No,Fiber optic,76.79655172413793,1
61,24.4,1417.9,Female,0,Yes,No,Yes,Yes,No,22.86935483870968,0
24,104.15,2494.65,Female,0,No,No,Yes,Yes,Fiber optic,99.786,0
28,92.9,2768.35,Male,0,Yes,Yes,Yes,No,Fiber optic,95.4603448275862,0
30,80.8,2369.3,Female,0,Yes,Yes,Yes,No,DSL,76.42903225806452,0
2,20.0,38.0,Male,0,Yes,No,Yes,No,No,12.666666666666666,0
1,75.1,75.1,Male,0,No,No,Yes,Yes,Fiber optic,37.55,0
6,19.65,100.9,Male,0,No,Yes,Yes,No,No,14.414285714285715,0
24,69.45,1614.05,Female,0,Yes,No,Yes,No,DSL,64.562,0
4,101.15,385.9,Male,0,Yes,Yes,Yes,Yes,Fiber optic,77.17999999999999,1
7,99.8,673.25,Male,0,No,No,Yes,Yes,Fiber optic,84.15625,1
72,116.05,8404.9,Male,1,Yes,No,Yes,Yes,Fiber optic,115.13561643835617,0
70,40.05,2799.75,Male,0,No,No,No,No phone service,DSL,39.433098591549296,0
64,102.1,6538.45,Male,1,Yes,No,Yes,Yes,Fiber optic,100.59153846153846,0
72,89.7,6588.95,Male,0,Yes,Yes,Yes,Yes,Fiber optic,90.2595890410959,0
44,19.9,868.1,Female,0,No,Yes,Yes,No,No,19.29111111111111,0
13,55.95,734.35,Female,0,Yes,Yes,Yes,No,DSL,52.45357142857143,1
17,20.65,330.6,Female,1,No,No,Yes,No,No,18.366666666666667,0
1,55.0,55.0,Male,0,No,No,Yes,No,DSL,27.5,1
9,70.05,564.4,Male,0,Yes,No,Yes,No,DSL,56.44,0
24,53.6,1315.35,Male,0,Yes,No,Yes,No,DSL,52.614,0
1,74.7,74.7,Female,0,Yes,Yes,Yes,No,Fiber optic,37.35,1
24,80.25,1861.5,Male,0,No,No,Yes,Yes,Fiber optic,74.46,1
35,76.05,2747.2,Male,1,Yes,Yes,Yes,No,DSL,76.3111111111111,0
7,75.7,554.05,Female,0,Yes,Yes,Yes,No,DSL,69.25625,0
5,96.1,453.4,Male,0,No,No,Yes,No,Fiber optic,75.56666666666666,1
15,69.0,994.8,Female,0,No,Yes,Yes,No,Fiber optic,62.175,1
11,19.65,225.75,Male,0,Yes,Yes,Yes,No,No,18.8125,0
48,45.3,2145.0,Female,0,Yes,No,No,No phone service,DSL,43.775510204081634,1
20,81.45,1671.6,Female,1,No,No,Yes,No,Fiber optic,79.6,0
72,108.5,8003.8,Female,0,Yes,No,Yes,Yes,Fiber optic,109.64109589041097,0
8,83.55,680.05,Female,0,Yes,Yes,Yes,No,Fiber optic,75.5611111111111,1
72,84.5,6130.85,Male,0,Yes,Yes,Yes,Yes,Fiber optic,83.98424657534247,0
15,100.15,1415.0,Female,0,No,No,Yes,Yes,Fiber optic,88.4375,0
72,88.6,6201.95,Male,0,No,No,Yes,Yes,DSL,84.95821917808219,0
0,52.55,2283.3004408418656,Female,0,Yes,Yes,No,No phone service,DSL,2283.3004408418656,0
1,74.35,74.35,Male,0,No,Yes,Yes,Yes,Fiber optic,37.175,1
63,104.8,6597.25,Male,0,Yes,Yes,Yes,Yes,Fiber optic,103.08203125,0
2,59.0,114.15,Female,0,No,No,Yes,No,DSL,38.050000000000004,0
2,74.4,139.4,Female,0,Yes,No,Yes,No,Fiber optic,46.46666666666667,1
61,64.05,3902.6,Male,1,Yes,No,Yes,Yes,DSL,62.94516129032258,0
1,20.4,20.4,Male,0,No,No,Yes,No,No,10.2,0
22,43.75,903.6,Male,0,No,No,No,No phone service,DSL,39.28695652173913,1
28,60.9,1785.65,Male,0,Yes,No,Yes,No,DSL,61.574137931034485,0
70,19.8,1397.65,Female,0,Yes,No,Yes,No,No,19.685211267605634,0
5,28.45,131.05,Female,1,No,No,No,No phone service,DSL,21.84166666666667,1
12,99.7,1238.45,Female,0,No,No,Yes,Yes,Fiber optic,95.26538461538462,1
34,116.25,3899.05,Male,0,No,No,Yes,Yes,Fiber optic,111.40142857142858,0
71,80.7,5676.0,Female,1,Yes,No,Yes,Yes,Fiber optic,78.83333333333333,0
70,65.2,4543.15,Female,0,Yes,Yes,Yes,Yes,DSL,63.98802816901408,0
52,84.05,4326.8,Female,0,Yes,Yes,Yes,No,Fiber optic,81.63773584905661,0
69,79.45,5502.55,Male,0,No,Yes,Yes,Yes,DSL,78.60785714285714,0
20,94.1,1782.4,Female,1,No,No,Yes,Yes,Fiber optic,84.87619047619049,1
11,78.0,851.8,Male,0,No,Yes,Yes,Yes,Fiber optic,70.98333333333333,0
2,94.2,167.5,Male,0,Yes,No,Yes,No,Fiber optic,55.833333333333336,1
6,80.5,502.85,Female,0,Yes,Yes,Yes,Yes,Fiber optic,71.83571428571429,1
1,19.85,19.85,Female,0,No,No,Yes,No,No,9.925,0
20,94.3,1818.3,Male,1,Yes,Yes,Yes,No,Fiber optic,86.58571428571429,0
61,106.45,6300.15,Male,0,No,No,Yes,Yes,Fiber optic,101.61532258064516,0
5,74.35,334.8,Female,1,Yes,No,Yes,Yes,Fiber optic,55.800000000000004,1
56,105.45,5916.95,Female,0,No,No,Yes,Yes,Fiber optic,103.80614035087719,0
30,95.0,2852.4,Male,0,No,No,Yes,Yes,Fiber optic,92.01290322580645,0
40,104.8,4131.95,Male,0,No,No,Yes,Yes,Fiber optic,100.77926829268293,1
28,54.3,1546.3,Female,0,No,No,Yes,No,DSL,53.320689655172416,0
5,70.05,302.6,Female,1,Yes,No,Yes,No,Fiber optic,50.43333333333334,0
27,75.2,1929.35,Female,1,Yes,No,Yes,No,Fiber optic,68.90535714285714,1
12,20.05,265.45,Male,0,No,No,Yes,No,No,20.41923076923077,0
67,105.4,6989.45,Male,0,Yes,Yes,Yes,Yes,Fiber optic,102.7860294117647,0
29,51.6,1442.0,Male,1,Yes,No,Yes,Yes,DSL,48.06666666666667,0
55,85.5,4713.4,Male,0,Yes,Yes,Yes,Yes,Fiber optic,84.16785714285713,0
23,75.6,1758.6,Female,0,No,No,Yes,Yes,Fiber optic,73.27499999999999,1
34,100.05,3480.0,Male,0,Yes,No,Yes,Yes,Fiber optic,99.42857142857143,1
52,91.25,4738.3,Male,0,No,No,Yes,No,Fiber optic,89.40188679245283,0
72,115.75,8399.15,Male,1,Yes,Yes,Yes,Yes,Fiber optic,115.05684931506849,0
58,94.7,5430.35,Male,0,Yes,Yes,Yes,Yes,Fiber optic,92.03983050847458,0
35,19.6,686.95,Male,0,Yes,Yes,Yes,No,No,19.081944444444446,0
56,99.9,5706.3,Female,1,No,No,Yes,Yes,Fiber optic,100.11052631578947,0
24,21.1,490.65,Female,0,Yes,Yes,Yes,No,No,19.625999999999998,0
70,20.05,1360.25,Male,0,Yes,Yes,Yes,No,No,19.158450704225352,0
2,79.95,174.45,Male,0,No,No,Yes,No,Fiber optic,58.15,0
68,107.15,7379.8,Male,1,Yes,Yes,Yes,Yes,Fiber optic,106.9536231884058,0
1,85.0,85.0,Female,0,No,No,Yes,Yes,Fiber optic,42.5,1
12,89.55,1021.75,Male,0,No,No,Yes,Yes,Fiber optic,78.59615384615384,0
63,81.55,5029.05,Female,0,Yes,No,Yes,Yes,Fiber optic,78.57890625,0
33,58.45,1955.4,Female,0,Yes,Yes,Yes,No,DSL,57.51176470588236,0
69,95.65,6744.2,Female,0,Yes,No,Yes,No,Fiber optic,96.34571428571428,0
60,80.6,4946.7,Female,0,Yes,Yes,Yes,No,DSL,81.09344262295082,0
72,113.1,8248.5,Female,0,Yes,Yes,Yes,Yes,Fiber optic,112.9931506849315,0
11,58.95,601.6,Female,0,No,No,Yes,Yes,DSL,50.13333333333333,0
1,19.55,19.55,Female,0,No,No,Yes,No,No,9.775,0
10,86.05,834.1,Male,0,No,No,Yes,Yes,Fiber optic,75.82727272727273,1
13,45.55,597.0,Male,0,No,No,No,No phone service,DSL,42.642857142857146,1
34,78.95,2647.2,Male,0,Yes,Yes,Yes,No,Fiber optic,75.63428571428571,0
39,86.3,3266.0,Male,0,Yes,Yes,Yes,No,Fiber optic,81.65,1
65,105.05,6744.25,Female,0,No,No,Yes,Yes,Fiber optic,102.18560606060606,0
50,101.9,5265.5,Male,1,Yes,No,Yes,Yes,Fiber optic,103.24509803921569,0
15,19.75,311.6,Male,0,No,No,Yes,No,No,19.475,0
72,110.3,7966.9,Male,0,Yes,Yes,Yes,Yes,Fiber optic,109.13561643835617,0
72,115.6,8220.4,Female,0,Yes,Yes,Yes,Yes,Fiber optic,112.60821917808218,0
55,19.35,1153.25,Male,0,Yes,Yes,Yes,No,No,20.59375,0
23,25.6,514.75,Female,0,Yes,Yes,Yes,Yes,No,21.447916666666668,0
32,80.35,2596.15,Male,0,No,No,Yes,Yes,Fiber optic,78.67121212121212,1
56,68.75,3808.0,Female,0,Yes,Yes,Yes,Yes,DSL,66.80701754385964,0
1,19.9,19.9,Female,0,No,No,Yes,No,No,9.95,0
38,70.6,2708.2,Male,0,No,No,Yes,No,DSL,69.44102564102563,0
11,70.2,760.05,Male,0,No,No,Yes,No,Fiber optic,63.3375,0
1,49.3,49.3,Male,0,No,No,Yes,No,DSL,24.65,0
56,107.25,6033.3,Male,0,Yes,No,Yes,Yes,Fiber optic,105.84736842105264,0
3,23.6,89.05,Male,0,Yes,No,Yes,Yes,No,22.2625,0
7,69.7,516.15,Male,0,Yes,Yes,Yes,No,DSL,64.51875,0
59,99.5,5861.75,Male,0,Yes,Yes,Yes,Yes,Fiber optic,97.69583333333334,0
7,64.3,445.95,Male,0,No,No,Yes,No,DSL,55.74375,0
71,70.85,4973.4,Male,0,Yes,Yes,Yes,No,DSL,69.07499999999999,0
15,101.9,1667.25,Male,0,Yes,Yes,Yes,No,Fiber optic,104.203125,0
71,73.5,5357.75,Male,0,Yes,No,Yes,Yes,DSL,74.41319444444444,0
35,100.25,3527.6,Female,0,No,No,Yes,Yes,Fiber optic,97.98888888888888,1
11,40.4,422.6,Female,0,No,No,No,No phone service,DSL,35.21666666666667,0
60,19.25,1103.25,Female,0,Yes,Yes,Yes,No,No,18.08606557377049,0
47,59.6,2754.0,Male,1,No,No,Yes,Yes,DSL,57.375,0
11,64.9,697.25,Female,0,No,No,Yes,No,DSL,58.104166666666664,0
56,100.3,5614.45,Male,0,Yes,No,Yes,Yes,Fiber optic,98.49912280701754,1
28,110.85,3204.4,Female,1,Yes,No,Yes,Yes,Fiber optic,110.49655172413793,0
61,81.05,4747.65,Male,0,Yes,No,Yes,No,DSL,76.57499999999999,0
31,98.05,3082.1,Male,0,Yes,Yes,Yes,Yes,Fiber optic,96.315625,0
9,70.5,597.9,Male,0,No,No,Yes,No,Fiber optic,59.79,0
35,94.55,3365.4,Male,1,Yes,No,Yes,Yes,Fiber optic,93.48333333333333,0
2,19.65,38.8,Male,0,No,No,Yes,No,No,12.933333333333332,0
12,19.0,233.55,Female,0,Yes,Yes,Yes,No,No,17.965384615384615,1
1,75.3,75.3,Female,0,No,No,Yes,No,Fiber optic,37.65,1
4,89.2,346.2,Female,1,No,No,Yes,Yes,Fiber optic,69.24,1
1,19.0,19.0,Female,0,Yes,Yes,Yes,No,No,9.5,0
3,20.0,61.7,Female,0,No,No,Yes,No,No,15.425,0
1,85.7,85.7,Female,1,No,No,Yes,Yes,Fiber optic,42.85,1
52,63.25,3342.45,Male,0,No,No,Yes,No,DSL,63.06509433962264,0
5,20.1,85.1,Male,0,Yes,Yes,Yes,No,No,14.183333333333332,0
72,99.15,7422.1,Male,0,Yes,No,Yes,Yes,Fiber optic,101.67260273972603,0
71,90.4,6668.05,Male,0,Yes,Yes,Yes,Yes,DSL,92.61180555555556,0
72,111.9,8071.05,Male,0,Yes,No,Yes,Yes,Fiber optic,110.56232876712329,0
46,24.9,1174.8,Male,0,Yes,Yes,Yes,Yes,No,24.995744680851065,0
63,83.5,5435.0,Male,0,Yes,Yes,Yes,Yes,DSL,84.921875,0
30,84.3,2438.6,Male,0,No,No,Yes,No,Fiber optic,78.66451612903225,0
1,45.6,45.6,Male,0,No,No,Yes,No,DSL,22.8,0
12,61.65,713.75,Female,0,No,No,Yes,Yes,DSL,54.90384615384615,1
16,54.85,916.15,Male,0,No,No,No,No phone service,DSL,53.891176470588235,0
4,65.55,237.2,Male,0,No,No,Yes,Yes,DSL,47.44,0
51,90.35,4614.55,Male,0,Yes,No,Yes,Yes,Fiber optic,88.74134615384615,0
65,20.4,1414.45,Male,0,Yes,No,Yes,No,No,21.43106060606061,0
16,74.55,1170.5,Male,0,No,No,Yes,No,Fiber optic,68.8529411764706,0
2,19.95,47.7,Male,0,No,No,Yes,No,No,15.9,0
66,74.25,4859.25,Female,0,Yes,Yes,Yes,Yes,Fiber optic,72.52611940298507,0
46,108.65,4903.2,Male,0,No,No,Yes,Yes,Fiber optic,104.32340425531915,0
32,109.55,3608.0,Female,0,No,No,Yes,Yes,Fiber optic,109.33333333333333,0
72,86.65,6094.25,Male,0,Yes,No,Yes,Yes,DSL,83.48287671232876,0
38,81.0,3084.9,Male,0,Yes,Yes,Yes,No,DSL,79.10000000000001,0
51,47.85,2356.75,Male,0,No,Yes,Yes,No,DSL,45.32211538461539,0
72,114.55,8306.05,Male,0,Yes,Yes,Yes,Yes,Fiber optic,113.78150684931506,0
65,105.25,6786.4,Female,1,Yes,No,Yes,Yes,Fiber optic,102.82424242424241,1
9,29.95,248.95,Male,0,Yes,Yes,No,No phone service,DSL,24.895,1
9,65.0,663.05,Female,0,Yes,Yes,Yes,No,DSL,66.30499999999999,1
66,20.55,1357.1,Male,0,No,Yes,Yes,No,No,20.255223880597015,0
44,109.8,4860.35,Female,1,No,No,Yes,Yes,Fiber optic,108.00777777777779,0
50,69.5,3418.2,Male,0,No,No,Yes,Yes,DSL,67.0235294117647,0
15,48.85,631.4,Female,0,No,No,Yes,Yes,DSL,39.4625,0
8,25.25,186.3,Male,0,No,No,No,No phone service,DSL,20.700000000000003,0
66,102.85,6976.75,Female,1,No,No,Yes,Yes,Fiber optic,104.13059701492537,0
57,87.55,4884.85,Female,0,No,No,Yes,Yes,Fiber optic,84.22155172413794,0
7,78.55,522.95,Female,0,No,No,Yes,Yes,Fiber optic,65.36875,0
10,34.55,362.6,Male,1,Yes,Yes,No,No phone service,DSL,32.96363636363637,0
62,92.05,5755.8,Female,0,No,No,Yes,Yes,Fiber optic,91.36190476190477,0
40,85.05,3355.65,Male,0,Yes,Yes,Yes,No,Fiber optic,81.84512195121951,0
20,19.7,406.95,Female,0,No,No,Yes,No,No,19.378571428571426,0
7,20.0,137.6,Female,0,No,No,Yes,No,No,17.2,1
25,95.15,2395.7,Female,0,Yes,No,Yes,No,Fiber optic,92.14230769230768,0
23,84.25,1968.1,Male,0,Yes,No,Yes,Yes,Fiber optic,82.00416666666666,0
66,104.6,6819.45,Female,1,Yes,No,Yes,Yes,Fiber optic,101.78283582089551,0
72,111.65,7943.45,Female,1,No,No,Yes,Yes,Fiber optic,108.81438356164384,0
49,90.05,4547.25,Male,1,Yes,No,Yes,Yes,Fiber optic,90.945,1
43,110.75,4687.9,Male,1,Yes,Yes,Yes,Yes,Fiber optic,106.54318181818181,1
46,55.0,2473.95,Female,0,Yes,No,Yes,Yes,DSL,52.63723404255319,0
72,89.85,6562.9,Male,0,Yes,Yes,Yes,Yes,DSL,89.90273972602739,0
10,20.35,176.3,Male,0,No,No,Yes,No,No,16.027272727272727,0
40,54.55,2236.2,Female,0,No,No,No,No phone service,DSL,54.541463414634144,0
65,105.5,6985.65,Female,0,Yes,Yes,Yes,Yes,Fiber optic,105.84318181818182,1
31,99.45,3109.9,Male,0,No,No,Yes,No,Fiber optic,97.184375,0
68,70.9,4911.35,Female,0,Yes,No,Yes,Yes,DSL,71.17898550724638,0
56,104.55,5794.65,Male,1,Yes,Yes,Yes,Yes,Fiber optic,101.66052631578947,1
10,85.25,855.3,Male,0,Yes,No,Yes,Yes,Fiber optic,77.75454545454545,1
68,25.4,1620.2,Male,0,Yes,Yes,Yes,Yes,No,23.481159420289856,0
43,56.15,2499.3,Female,0,Yes,Yes,Yes,No,DSL,56.80227272727273,1
1,89.55,89.55,Male,0,No,No,Yes,No,Fiber optic,44.775,1
49,89.85,4287.2,Female,1,No,No,Yes,No,Fiber optic,85.744,0
15,25.25,394.85,Female,0,Yes,Yes,Yes,Yes,No,24.678125,0
20,94.55,1899.65,Male,1,Yes,No,Yes,Yes,Fiber optic,90.45952380952382,1
1,45.7,45.7,Male,0,No,No,Yes,No,DSL,22.85,1
50,69.65,3442.15,Male,0,Yes,Yes,Yes,Yes,DSL,67.49313725490197,0
2,89.5,161.5,Female,1,No,No,Yes,Yes,Fiber optic,53.833333333333336,1
24,70.0,1732.6,Male,1,No,No,Yes,No,Fiber optic,69.304,0
3,69.55,222.3,Female,0,No,No,Yes,No,Fiber optic,55.575,1
1,74.6,74.6,Female,0,No,No,Yes,No,Fiber optic,37.3,1
35,20.1,655.3,Male,0,Yes,Yes,Yes,No,No,18.202777777777776,0
17,24.8,475.25,Female,0,No,No,Yes,Yes,No,26.40277777777778,0
8,19.65,164.3,Female,1,No,No,Yes,No,No,18.255555555555556,1
10,95.1,865.1,Male,0,No,No,Yes,No,Fiber optic,78.64545454545454,0
68,88.85,6132.7,Male,0,Yes,Yes,Yes,Yes,DSL,88.87971014492753,0
45,78.8,3597.5,Male,0,Yes,No,Yes,No,DSL,78.20652173913044,0
2,19.85,35.9,Male,0,Yes,Yes,Yes,No,No,11.966666666666667,1
37,20.35,697.65,Male,0,Yes,No,Yes,No,No,18.35921052631579,0
4,24.25,96.05,Female,0,No,No,No,No phone service,DSL,19.21,1
10,45.25,428.7,Female,0,No,No,Yes,No,DSL,38.97272727272727,0
1,20.05,20.05,Male,0,No,No,Yes,No,No,10.025,0
65,69.55,4459.15,Male,0,Yes,Yes,Yes,Yes,DSL,67.56287878787879,0
57,19.5,1167.6,Female,0,Yes,Yes,Yes,No,No,20.13103448275862,0
3,74.75,238.1,Female,0,No,No,Yes,No,Fiber optic,59.525,0
2,69.65,145.15,Female,0,No,No,Yes,No,Fiber optic,48.38333333333333,1
49,30.2,1453.1,Male,0,No,No,No,No phone service,DSL,29.061999999999998,0
4,45.65,191.05,Female,0,No,No,Yes,No,DSL,38.21,1
70,57.8,4039.3,Female,0,Yes,No,No,No phone service,DSL,56.89154929577465,0
53,19.85,1039.45,Female,0,Yes,Yes,Yes,No,No,19.249074074074073,0
53,25.55,1336.1,Male,0,Yes,Yes,Yes,Yes,No,24.74259259259259,0
1,75.05,75.05,Female,0,No,No,Yes,Yes,Fiber optic,37.525,1
22,24.85,493.4,Male,0,No,No,Yes,Yes,No,21.452173913043477,0
52,49.15,2550.9,Male,1,No,No,No,No phone service,DSL,48.130188679245286,1
65,110.35,7246.15,Male,1,No,No,Yes,Yes,Fiber optic,109.7901515151515,0
48,24.55,1203.95,Female,0,No,No,Yes,Yes,No,24.570408163265306,0
2,34.7,62.25,Female,0,No,No,No,No phone service,DSL,20.75,1
3,107.95,313.6,Male,0,No,No,Yes,Yes,Fiber optic,78.4,0
45,81.4,3775.85,Male,0,Yes,No,Yes,Yes,Fiber optic,82.08369565217392,0
1,80.0,80.0,Male,0,Yes,Yes,Yes,No,Fiber optic,40.0,1
61,73.8,4616.05,Female,0,Yes,Yes,Yes,No,DSL,74.45241935483871,0
3,64.4,195.65,Male,0,No,No,Yes,No,DSL,48.9125,0
40,103.75,4188.4,Female,1,No,No,Yes,Yes,Fiber optic,102.1560975609756,0
1,71.1,71.1,Female,0,No,No,Yes,No,Fiber optic,35.55,0
1,49.9,49.9,Female,0,No,No,Yes,No,DSL,24.95,0
51,24.6,1266.4,Male,0,No,No,Yes,Yes,No,24.353846153846156,0
2,49.25,91.1,Male,1,No,No,Yes,No,DSL,30.366666666666664,1
52,30.1,1623.4,Male,0,No,No,No,No phone service,DSL,30.630188679245286,0
51,83.4,4149.45,Male,0,No,No,Yes,Yes,Fiber optic,79.79711538461538,0
1,20.45,20.45,Male,0,No,No,Yes,No,No,10.225,0
31,75.25,2344.5,Male,0,Yes,Yes,Yes,Yes,DSL,73.265625,0
47,20.55,1013.05,Male,0,No,Yes,Yes,No,No,21.105208333333334,0
3,75.1,270.7,Female,0,No,No,Yes,Yes,Fiber optic,67.675,1
22,20.05,417.0,Female,1,No,No,Yes,No,No,18.130434782608695,0
1,20.65,20.65,Female,0,Yes,No,Yes,No,No,10.325,0
72,85.15,6316.2,Male,0,Yes,No,Yes,Yes,DSL,86.52328767123288,0
3,50.15,168.15,Male,0,Yes,Yes,Yes,No,DSL,42.0375,1
47,84.95,4018.05,Male,1,Yes,Yes,Yes,No,Fiber optic,83.70937500000001,0
72,66.5,4811.6,Male,0,Yes,Yes,Yes,Yes,DSL,65.9123287671233,0
66,63.3,4189.7,Male,0,Yes,Yes,Yes,Yes,DSL,62.53283582089552,0
35,83.15,2848.45,Male,0,No,No,Yes,Yes,Fiber optic,79.1236111111111,0
29,84.9,2516.2,Male,0,No,No,Yes,Yes,Fiber optic,83.87333333333332,0
2,20.55,33.6,Female,0,No,No,Yes,No,No,11.200000000000001,0
4,49.25,208.45,Male,0,No,No,Yes,No,DSL,41.69,0
25,79.85,2015.35,Female,0,No,No,Yes,No,Fiber optic,77.51346153846154,1
65,59.6,3739.8,Female,0,No,No,Yes,No,DSL,56.663636363636364,0
27,104.65,2964.0,Male,1,No,No,Yes,Yes,Fiber optic,105.85714285714286,0
29,75.3,2263.4,Male,0,Yes,No,Yes,No,Fiber optic,75.44666666666667,0
29,80.1,2211.8,Male,0,Yes,Yes,Yes,Yes,DSL,73.72666666666667,0
1,19.55,19.55,Male,0,No,No,Yes,No,No,9.775,1
20,81.0,1683.7,Female,0,Yes,No,Yes,No,Fiber optic,80.17619047619048,0
58,24.7,1519.0,Female,0,No,No,Yes,Yes,No,25.74576271186441,0
14,86.0,1164.05,Female,0,No,Yes,Yes,Yes,Fiber optic,77.60333333333332,0
72,25.4,1710.9,Male,0,Yes,No,Yes,Yes,No,23.436986301369863,0
46,89.15,4245.55,Male,0,No,No,Yes,Yes,Fiber optic,90.3308510638298,0
71,58.25,4145.9,Female,0,Yes,No,No,No phone service,DSL,57.58194444444444,0
32,85.65,2664.3,Male,0,No,No,Yes,Yes,Fiber optic,80.73636363636365,0
26,50.35,1277.5,Female,0,No,No,No,No phone service,DSL,47.31481481481482,0
68,80.35,5589.3,Male,1,Yes,No,Yes,Yes,Fiber optic,81.00434782608696,0
2,20.2,34.75,Male,0,Yes,Yes,Yes,No,No,11.583333333333334,0
61,20.55,1305.95,Male,0,Yes,Yes,Yes,No,No,21.063709677419357,0
4,85.95,381.3,Female,0,Yes,Yes,Yes,Yes,Fiber optic,76.26,1
3,45.35,141.5,Male,0,No,No,Yes,No,DSL,35.375,1
33,94.5,3105.55,Male,1,Yes,No,Yes,Yes,Fiber optic,91.33970588235294,1
9,21.25,204.55,Male,1,Yes,No,Yes,No,No,20.455000000000002,0
22,26.25,605.9,Female,0,No,No,Yes,Yes,No,26.343478260869563,0
5,80.85,356.1,Female,0,Yes,Yes,Yes,No,Fiber optic,59.35,0
30,91.7,2758.15,Female,1,No,No,Yes,Yes,Fiber optic,88.97258064516129,1
65,74.2,4805.65,Male,0,No,No,Yes,Yes,DSL,72.81287878787879,0
45,87.25,3941.7,Female,0,No,No,Yes,Yes,Fiber optic,85.6891304347826,1
5,20.35,92.75,Male,0,No,No,Yes,No,No,15.458333333333334,0
25,75.5,1901.05,Male,0,Yes,Yes,Yes,No,Fiber optic,73.11730769230769,0
72,79.05,5730.7,Female,0,Yes,Yes,Yes,Yes,Fiber optic,78.5027397260274,0
27,90.15,2423.4,Female,0,Yes,No,Yes,Yes,Fiber optic,86.55,0
32,50.6,1653.45,Male,0,Yes,Yes,No,No phone service,DSL,50.10454545454546,0
30,110.45,3327.05,Female,0,No,No,Yes,Yes,Fiber optic,107.3241935483871,0
70,101.0,7085.5,Male,0,Yes,No,Yes,No,Fiber optic,99.79577464788733,0
42,79.35,3344.1,Male,1,No,No,Yes,Yes,Fiber optic,77.76976744186047,0
72,89.85,6697.35,Female,1,Yes,No,Yes,Yes,DSL,91.74452054794521,0
47,65.0,2879.9,Female,0,No,No,Yes,Yes,DSL,59.99791666666667,0
2,80.45,137.1,Female,0,No,No,Yes,No,Fiber optic,45.699999999999996,0
10,98.55,1008.55,Male,0,No,No,Yes,Yes,Fiber optic,91.68636363636364,1
61,24.1,1551.6,Female,0,Yes,Yes,Yes,Yes,No,25.0258064516129,0
5,44.05,202.15,Female,0,No,No,Yes,No,DSL,33.69166666666667,0
72,110.8,7882.25,Female,1,Yes,No,Yes,Yes,Fiber optic,107.97602739726027,0
72,114.95,8196.4,Male,1,Yes,Yes,Yes,Yes,Fiber optic,112.27945205479452,0
3,75.05,202.9,Female,1,No,No,Yes,No,Fiber optic,50.725,0
48,19.25,855.1,Male,0,Yes,No,Yes,No,No,17.451020408163266,0
63,90.05,5817.0,Female,0,No,No,Yes,No,Fiber optic,90.890625,0
27,56.7,1652.95,Female,0,No,No,Yes,No,DSL,59.033928571428575,0
70,80.15,5600.15,Male,0,Yes,Yes,Yes,No,DSL,78.87535211267605,0
7,71.35,515.75,Male,0,Yes,Yes,Yes,No,DSL,64.46875,0
0,20.25,2283.3004408418656,Male,0,No,Yes,Yes,No,No,2283.3004408418656,0
2,90.35,190.5,Female,0,Yes,No,Yes,No,Fiber optic,63.5,0
20,98.55,1842.8,Male,1,No,No,Yes,Yes,Fiber optic,87.75238095238095,1
66,19.7,1253.8,Male,0,No,No,Yes,No,No,18.713432835820896,0
3,19.85,57.2,Female,0,No,No,Yes,No,No,14.3,0
15,85.9,1269.55,Female,0,No,Yes,Yes,No,Fiber optic,79.346875,1
72,90.35,6563.4,Female,0,Yes,Yes,Yes,Yes,Fiber optic,89.90958904109588,0
1,20.8,20.8,Male,0,No,No,Yes,No,No,10.4,0
22,89.25,1907.85,Female,0,No,No,Yes,No,Fiber optic,82.95,1
3,70.3,208.85,Male,0,Yes,No,Yes,No,Fiber optic,52.2125,1
72,66.85,4758.8,Female,0,Yes,Yes,Yes,Yes,DSL,65.18904109589042,0
65,19.9,1292.6,Male,0,Yes,Yes,Yes,No,No,19.584848484848482,0
11,35.8,363.15,Female,0,No,No,No,No phone service,DSL,30.2625,0
22,78.85,1600.25,Male,0,No,No,Yes,Yes,Fiber optic,69.57608695652173,0
14,20.4,275.7,Male,0,No,No,Yes,No,No,18.38,0
41,74.25,3089.1,Male,0,No,No,Yes,No,Fiber optic,73.55,0
17,64.8,1175.6,Male,0,Yes,No,Yes,No,DSL,65.3111111111111,0
11,20.45,237.3,Male,0,No,No,Yes,No,No,19.775000000000002,0
15,93.35,1444.65,Male,0,No,No,Yes,Yes,Fiber optic,90.290625,1
1,19.9,19.9,Female,0,No,No,Yes,No,No,9.95,1
5,88.9,454.15,Female,0,Yes,No,Yes,No,Fiber optic,75.69166666666666,1
33,95.8,3036.75,Male,0,Yes,No,Yes,No,Fiber optic,89.31617647058823,1
72,110.65,8065.65,Female,0,Yes,No,Yes,Yes,Fiber optic,110.48835616438356,0
3,40.3,92.5,Female,0,Yes,Yes,No,No phone service,DSL,23.125,0
2,82.0,184.65,Male,0,No,No,Yes,Yes,Fiber optic,61.550000000000004,1
59,107.0,6152.3,Female,0,Yes,No,Yes,Yes,Fiber optic,102.53833333333334,0
2,45.35,89.5,Male,0,No,No,Yes,No,DSL,29.833333333333332,1
71,73.35,5154.5,Male,0,Yes,Yes,Yes,No,DSL,71.59027777777777,0
5,44.8,220.45,Female,0,Yes,Yes,Yes,No,DSL,36.74166666666667,0
27,54.75,1510.3,Male,0,Yes,Yes,Yes,No,DSL,53.93928571428571,0
1,52.2,52.2,Female,0,No,No,Yes,No,DSL,26.1,1
63,40.6,2588.95,Male,0,No,Yes,No,No phone service,DSL,40.45234375,0
46,110.0,4874.8,Female,1,No,No,Yes,Yes,Fiber optic,103.71914893617021,1
72,55.3,3983.6,Male,0,Yes,Yes,Yes,Yes,DSL,54.56986301369863,0
34,60.85,2003.6,Female,0,Yes,No,Yes,Yes,DSL,57.245714285714286,0
24,78.4,1832.4,Female,0,Yes,Yes,Yes,Yes,DSL,73.296,0
72,69.65,4908.25,Male,0,No,No,Yes,Yes,DSL,67.23630136986301,0
60,59.85,3590.2,Female,0,Yes,Yes,No,No phone service,DSL,58.85573770491803,0
68,76.9,5023.0,Male,0,No,No,Yes,Yes,DSL,72.79710144927536,0
8,19.85,146.6,Female,0,Yes,Yes,Yes,No,No,16.288888888888888,0
34,67.65,2339.3,Female,0,No,Yes,Yes,No,DSL,66.83714285714287,0
6,45.0,298.7,Female,0,No,No,No,No phone service,DSL,42.67142857142857,0
2,64.2,143.65,Male,0,Yes,No,Yes,No,DSL,47.88333333333333,0
31,81.7,2548.65,Male,0,No,No,Yes,Yes,Fiber optic,79.6453125,0
20,25.55,507.4,Female,0,Yes,Yes,Yes,Yes,No,24.16190476190476,0
1,20.0,20.0,Female,0,Yes,Yes,Yes,No,No,10.0,0
62,96.75,6125.4,Male,0,No,No,Yes,Yes,Fiber optic,97.22857142857143,1
70,75.65,5411.4,Female,1,Yes,No,Yes,Yes,Fiber optic,76.2169014084507,0
10,98.5,1058.25,Female,0,No,No,Yes,Yes,Fiber optic,96.20454545454545,1
39,23.8,903.8,Male,0,Yes,Yes,Yes,Yes,No,22.595,0
46,64.2,3009.5,Female,0,Yes,No,Yes,No,DSL,64.03191489361703,0
6,85.35,489.45,Male,0,No,No,Yes,No,Fiber optic,69.92142857142856,1
72,76.8,5468.45,Female,0,Yes,Yes,Yes,Yes,DSL,74.91027397260274,0
18,55.2,1058.1,Male,0,No,No,Yes,No,DSL,55.68947368421052,0
71,108.55,7616.0,Male,0,Yes,No,Yes,Yes,Fiber optic,105.77777777777777,0
40,101.3,4113.1,Male,0,Yes,No,Yes,Yes,Fiber optic,100.31951219512196,1
1,69.55,69.55,Male,0,No,No,Yes,No,Fiber optic,34.775,1
58,103.25,6017.65,Male,0,No,No,Yes,Yes,Fiber optic,101.99406779661017,1
70,104.0,7250.15,Male,0,No,No,Yes,Yes,Fiber optic,102.11478873239436,1
42,25.25,1108.2,Female,0,Yes,No,Yes,Yes,No,25.772093023255817,0
34,30.4,938.65,Male,0,Yes,Yes,No,No phone service,DSL,26.818571428571428,0
5,20.05,94.15,Male,1,No,No,Yes,No,No,15.691666666666668,0
25,84.6,2088.05,Female,0,No,No,Yes,Yes,Fiber optic,80.3096153846154,0
2,86.2,178.7,Female,0,No,No,Yes,No,Fiber optic,59.56666666666666,1
55,103.7,5656.75,Female,0,Yes,Yes,Yes,No,Fiber optic,101.01339285714286,0
21,111.2,2317.1,Male,0,Yes,No,Yes,Yes,Fiber optic,105.32272727272726,1
70,88.0,5986.45,Male,0,Yes,No,Yes,Yes,Fiber optic,84.3161971830986,0
61,106.35,6751.35,Female,0,Yes,No,Yes,Yes,Fiber optic,108.89274193548388,0
43,79.15,3566.6,Male,0,Yes,Yes,Yes,No,DSL,81.05909090909091,0
47,103.1,4889.3,Male,0,No,No,Yes,Yes,Fiber optic,101.86041666666667,0
5,63.95,318.1,Male,0,No,No,Yes,No,DSL,53.01666666666667,0
62,25.8,1563.95,Female,0,No,No,Yes,Yes,No,24.824603174603176,0
16,89.45,1430.25,Female,0,Yes,Yes,Yes,No,Fiber optic,84.13235294117646,1
7,95.6,644.35,Male,1,Yes,No,Yes,Yes,Fiber optic,80.54375,1
14,25.55,372.45,Female,0,Yes,Yes,Yes,Yes,No,24.83,0
60,90.95,5453.4,Male,0,Yes,Yes,Yes,No,Fiber optic,89.39999999999999,1
34,44.85,1442.6,Male,0,Yes,Yes,No,No phone service,DSL,41.21714285714285,0
50,108.55,5610.7,Female,0,Yes,No,Yes,Yes,Fiber optic,110.01372549019608,1
38,25.05,963.95,Male,0,Yes,Yes,Yes,Yes,No,24.71666666666667,0
70,74.1,5222.3,Female,0,Yes,Yes,Yes,No,DSL,73.55352112676057,0
37,88.8,3340.55,Female,0,Yes,Yes,Yes,Yes,Fiber optic,87.90921052631579,0
4,78.85,292.8,Female,1,No,No,Yes,No,Fiber optic,58.56,1
60,93.25,5774.55,Male,1,Yes,Yes,Yes,Yes,Fiber optic,94.66475409836066,0
62,71.4,4487.3,Male,0,Yes,Yes,Yes,No,DSL,71.22698412698414,0
1,44.4,44.4,Male,0,No,No,Yes,No,DSL,22.2,1
36,79.2,2854.95,Male,0,No,No,Yes,No,DSL,77.1608108108108,0
44,20.4,905.55,Male,0,No,No,Yes,No,No,20.12333333333333,0
55,100.0,5509.3,Female,1,No,No,Yes,Yes,Fiber optic,98.38035714285715,1
72,105.0,7589.8,Female,0,Yes,No,Yes,Yes,Fiber optic,103.96986301369863,0
12,19.8,229.6,Female,0,Yes,Yes,Yes,No,No,17.661538461538463,1
13,30.85,394.1,Female,0,No,No,No,No phone service,DSL,28.150000000000002,0
1,89.9,89.9,Male,0,No,No,Yes,No,Fiber optic,44.95,1
15,20.55,295.95,Female,0,Yes,Yes,Yes,No,No,18.496875,0
65,84.85,5459.2,Female,0,No,No,Yes,No,DSL,82.71515151515152,0
12,33.15,444.75,Female,0,Yes,Yes,No,No phone service,DSL,34.21153846153846,0
72,92.0,6782.15,Male,0,Yes,No,Yes,Yes,DSL,92.90616438356165,0
72,89.8,6510.45,Female,0,Yes,Yes,Yes,Yes,DSL,89.18424657534246,0
72,115.8,8476.5,Female,0,Yes,Yes,Yes,Yes,Fiber optic,116.11643835616438,0
52,85.15,4461.85,Male,0,No,Yes,Yes,Yes,DSL,84.18584905660379,0
2,24.85,62.0,Male,0,No,No,Yes,Yes,No,20.666666666666668,0
5,64.35,352.65,Female,0,No,No,Yes,No,DSL,58.775,0
68,20.5,1424.9,Female,0,No,No,Yes,No,No,20.65072463768116,0
62,100.15,6413.65,Female,0,No,Yes,Yes,Yes,Fiber optic,101.80396825396825,1
72,86.05,6309.65,Male,0,No,No,Yes,Yes,DSL,86.43356164383562,0
1,50.8,50.8,Male,0,No,No,Yes,No,DSL,25.4,1
66,89.0,5898.6,Female,0,Yes,No,Yes,Yes,Fiber optic,88.03880597014926,0
72,64.8,4719.75,Male,0,Yes,Yes,No,No phone service,DSL,64.6541095890411,0
26,19.8,457.3,Male,0,No,No,Yes,No,No,16.937037037037037,0
64,93.4,5822.3,Male,0,Yes,Yes,Yes,Yes,Fiber optic,89.57384615384616,0
20,73.65,1463.5,Male,1,Yes,No,Yes,No,Fiber optic,69.69047619047619,1
3,95.1,307.4,Female,0,No,No,Yes,No,Fiber optic,76.85,1
22,94.65,2104.55,Male,0,No,No,Yes,Yes,Fiber optic,91.50217391304349,1
4,80.6,319.15,Male,0,Yes,No,Yes,No,Fiber optic,63.83,1
62,39.0,2337.45,Male,0,Yes,No,No,No phone service,DSL,37.10238095238095,0
5,20.5,104.3,Female,0,No,No,Yes,No,No,17.383333333333333,0
59,85.55,5084.65,Male,0,Yes,No,Yes,Yes,Fiber optic,84.74416666666666,1
3,26.4,121.25,Male,0,No,Yes,Yes,Yes,No,30.3125,0
72,98.2,7015.9,Female,0,Yes,No,Yes,Yes,Fiber optic,96.10821917808218,0
57,97.55,5598.0,Male,0,Yes,Yes,Yes,No,Fiber optic,96.51724137931035,0
66,19.95,1269.1,Male,0,No,Yes,Yes,No,No,18.941791044776117,0
60,50.8,3027.4,Female,0,No,No,No,No phone service,DSL,49.62950819672131,1
45,99.7,4634.35,Male,0,No,Yes,Yes,Yes,Fiber optic,100.74673913043479,0
3,34.8,113.95,Female,0,No,No,No,No phone service,DSL,28.4875,0
15,105.1,1582.75,Female,0,No,No,Yes,No,Fiber optic,98.921875,1
51,60.15,3077.0,Female,0,No,Yes,No,No phone service,DSL,59.17307692307692,0
60,64.75,4039.5,Female,0,No,No,Yes,Yes,DSL,66.22131147540983,0
33,54.65,1665.2,Male,0,No,No,Yes,Yes,DSL,48.976470588235294,0
10,110.1,1043.3,Male,0,No,No,Yes,No,Fiber optic,94.84545454545454,1
26,19.3,504.2,Male,1,No,No,Yes,No,No,18.674074074074074,0
6,83.9,497.55,Female,0,No,No,Yes,No,Fiber optic,71.07857142857144,1
67,111.25,7511.65,Female,0,Yes,No,Yes,Yes,Fiber optic,110.46544117647058,0
49,35.8,1782.0,Female,0,Yes,Yes,No,No phone service,DSL,35.64,0
1,20.05,20.05,Male,0,No,No,Yes,No,No,10.025,0
7,84.35,609.65,Female,1,No,No,Yes,No,Fiber optic,76.20625,0
27,110.5,2857.6,Female,1,No,No,Yes,Yes,Fiber optic,102.05714285714285,0
37,91.2,3247.55,Male,0,Yes,Yes,Yes,No,Fiber optic,85.46184210526316,0
63,100.55,6215.35,Female,0,Yes,Yes,Yes,Yes,Fiber optic,97.11484375,1
31,89.3,2823.0,Male,0,Yes,Yes,Yes,Yes,Fiber optic,88.21875,0
50,103.85,5017.9,Male,0,Yes,Yes,Yes,Yes,Fiber optic,98.39019607843136,1
32,81.1,2619.25,Male,1,No,No,Yes,Yes,Fiber optic,79.37121212121212,0
1,24.6,24.6,Female,0,No,No,No,No phone service,DSL,12.3,1
63,81.2,4965.1,Female,0,Yes,No,Yes,Yes,Fiber optic,77.5796875,0
30,94.3,2679.7,Male,0,No,No,Yes,Yes,Fiber optic,86.44193548387096,0
71,116.1,8310.55,Male,0,Yes,No,Yes,Yes,Fiber optic,115.42430555555555,0
53,105.55,5682.25,Female,0,No,No,Yes,Yes,Fiber optic,105.22685185185185,0
12,98.9,1120.95,Female,0,No,No,Yes,No,Fiber optic,86.22692307692309,1
50,94.4,4914.9,Male,0,Yes,No,Yes,Yes,Fiber optic,96.37058823529411,0
2,19.5,27.55,Female,0,No,No,Yes,No,No,9.183333333333334,0
9,98.3,923.5,Female,0,No,No,Yes,Yes,Fiber optic,92.35,1
17,93.85,1625.65,Male,0,No,No,Yes,No,Fiber optic,90.3138888888889,1
56,105.6,6068.65,Female,0,Yes,No,Yes,No,Fiber optic,106.46754385964911,0
67,81.35,5398.6,Male,0,Yes,Yes,Yes,No,DSL,79.39117647058823,0
9,100.5,918.6,Male,1,No,No,Yes,Yes,Fiber optic,91.86,1
4,56.4,234.85,Male,0,No,No,Yes,No,DSL,46.97,0
19,65.35,1231.85,Male,0,No,No,Yes,No,DSL,61.592499999999994,0
8,19.95,170.9,Female,0,No,Yes,Yes,No,No,18.98888888888889,0
71,111.25,7984.15,Female,0,No,No,Yes,Yes,Fiber optic,110.89097222222222,0
10,72.85,688.65,Male,1,No,No,Yes,No,Fiber optic,62.60454545454545,1
15,89.0,1288.3,Female,1,No,No,Yes,Yes,Fiber optic,80.51875,0
72,106.1,7848.5,Male,0,Yes,Yes,Yes,Yes,Fiber optic,107.51369863013699,0
12,20.05,267.0,Male,0,No,No,Yes,No,No,20.53846153846154,0
72,25.2,1798.9,Male,0,Yes,Yes,Yes,Yes,No,24.64246575342466,0
1,73.55,73.55,Male,1,Yes,No,Yes,Yes,Fiber optic,36.775,1
23,75.4,1643.55,Female,1,No,No,Yes,No,Fiber optic,68.48125,0
72,65.55,4807.45,Male,0,No,No,No,No phone service,DSL,65.8554794520548,0
26,80.7,2193.0,Female,0,No,No,Yes,Yes,Fiber optic,81.22222222222223,0
21,104.55,2239.4,Female,0,No,No,Yes,No,Fiber optic,101.7909090909091,0
60,24.15,1505.9,Male,0,Yes,No,Yes,Yes,No,24.686885245901642,0
12,20.45,255.35,Male,0,No,No,Yes,No,No,19.642307692307693,0
16,75.4,1189.4,Male,0,Yes,No,Yes,Yes,Fiber optic,69.96470588235294,0
63,79.7,4786.15,Female,0,Yes,No,Yes,Yes,DSL,74.78359375,0
22,81.7,1820.9,Female,1,No,No,Yes,No,Fiber optic,79.16956521739131,0
32,76.3,2404.15,Female,0,Yes,Yes,Yes,No,DSL,72.85303030303031,0
3,79.4,205.05,Female,1,No,No,Yes,Yes,Fiber optic,51.2625,1
13,81.15,952.3,Female,0,No,No,Yes,No,Fiber optic,68.02142857142857,1
68,103.75,7039.45,Female,0,Yes,Yes,Yes,Yes,Fiber optic,102.02101449275362,0
30,86.45,2538.05,Female,0,Yes,Yes,Yes,No,Fiber optic,81.87258064516129,0
16,75.1,1212.85,Female,0,No,No,Yes,No,Fiber optic,71.34411764705882,0
33,80.6,2651.1,Male,0,No,No,Yes,No,Fiber optic,77.9735294117647,0
72,19.3,1304.8,Male,0,Yes,No,Yes,No,No,17.873972602739727,0
4,84.6,360.1,Female,1,No,No,Yes,Yes,Fiber optic,72.02000000000001,1
12,33.6,435.45,Female,0,No,No,No,No phone service,DSL,33.496153846153845,0
4,83.25,308.05,Female,1,Yes,No,Yes,Yes,Fiber optic,61.61,0
0,80.85,2283.3004408418656,Female,0,Yes,Yes,Yes,No,DSL,2283.3004408418656,0
6,79.05,434.5,Female,0,No,No,Yes,Yes,Fiber optic,62.07142857142857,1
65,108.05,7118.9,Female,0,Yes,No,Yes,Yes,Fiber optic,107.86212121212121,0
15,19.9,320.45,Female,0,No,No,Yes,No,No,20.028125,0
24,21.05,531.55,Female,0,No,Yes,Yes,No,No,21.261999999999997,0
13,30.15,382.2,Female,0,No,Yes,No,No phone service,DSL,27.3,0
24,79.85,2001.0,Male,0,No,No,Yes,No,Fiber optic,80.04,0
72,65.5,4919.7,Female,0,Yes,No,No,No phone service,DSL,67.3931506849315,0
54,104.1,5645.8,Female,0,Yes,Yes,Yes,Yes,Fiber optic,102.6509090909091,0
3,74.4,215.8,Female,0,No,No,Yes,Yes,Fiber optic,53.95,1
4,20.5,77.6,Male,0,Yes,Yes,Yes,No,No,15.52,0
32,91.35,2896.55,Female,1,Yes,Yes,Yes,Yes,Fiber optic,87.77424242424243,0
35,99.05,3395.8,Male,1,No,No,Yes,Yes,Fiber optic,94.32777777777778,1
35,20.5,759.35,Male,0,Yes,Yes,Yes,No,No,21.093055555555555,0
2,44.95,85.15,Male,1,No,No,Yes,No,DSL,28.383333333333336,1
8,75.6,535.55,Female,0,No,No,Yes,No,Fiber optic,59.50555555555555,0
22,55.1,1253.15,Male,0,No,No,Yes,No,DSL,54.48478260869565,0
15,58.95,955.15,Female,0,No,No,Yes,No,DSL,59.696875,0
22,95.1,2162.6,Male,0,No,No,Yes,Yes,Fiber optic,94.02608695652174,0
1,44.7,44.7,Male,0,Yes,No,Yes,No,DSL,22.35,1
71,25.45,1813.35,Female,0,Yes,Yes,Yes,Yes,No,25.185416666666665,0
4,56.75,245.15,Male,0,No,No,Yes,No,DSL,49.03,0
25,81.75,2028.8,Male,0,No,No,Yes,Yes,DSL,78.03076923076922,0
32,86.1,2723.75,Female,0,Yes,Yes,Yes,No,Fiber optic,82.53787878787878,0
7,29.8,220.45,Male,1,Yes,No,No,No phone service,DSL,27.55625,0
17,20.5,365.8,Male,0,No,No,Yes,No,No,20.322222222222223,0
8,60.9,551.95,Male,1,Yes,No,Yes,No,DSL,61.32777777777778,0
56,73.25,4054.2,Female,1,No,No,Yes,Yes,DSL,71.12631578947368,0
1,45.7,45.7,Male,0,No,No,Yes,No,DSL,22.85,1
8,100.3,832.35,Male,1,No,No,Yes,No,Fiber optic,92.48333333333333,1
7,19.25,112.3,Male,0,No,No,Yes,No,No,14.0375,1
3,20.85,60.65,Male,0,No,Yes,Yes,No,No,15.1625,0
71,77.35,5550.1,Female,0,No,No,Yes,No,DSL,77.08472222222223,0
2,96.0,174.8,Female,0,No,No,Yes,Yes,Fiber optic,58.26666666666667,1
1,90.55,90.55,Female,0,No,No,Yes,No,Fiber optic,45.275,1
49,93.85,4733.1,Male,0,Yes,No,Yes,Yes,Fiber optic,94.662,0
58,70.1,4048.95,Male,0,No,No,Yes,No,DSL,68.62627118644068,0
44,30.35,1359.7,Male,1,Yes,No,No,No phone service,DSL,30.215555555555557,1
59,75.95,4542.35,Female,0,Yes,Yes,Yes,No,DSL,75.70583333333335,0
71,108.05,7532.15,Male,0,No,No,Yes,Yes,Fiber optic,104.61319444444445,1
1,69.9,69.9,Male,0,No,No,Yes,No,Fiber optic,34.95,1
11,75.25,888.65,Female,0,No,No,Yes,Yes,Fiber optic,74.05416666666666,0
62,103.75,6383.35,Male,1,Yes,No,Yes,Yes,Fiber optic,101.32301587301588,1
35,54.95,1916.0,Female,0,Yes,Yes,Yes,No,DSL,53.22222222222222,0
20,19.5,413.0,Female,0,No,No,Yes,No,No,19.666666666666668,0
40,19.6,808.95,Male,0,Yes,Yes,Yes,No,No,19.73048780487805,0
39,47.85,1886.4,Female,0,No,No,Yes,No,DSL,47.160000000000004,0
1,86.6,86.6,Male,0,No,No,Yes,Yes,Fiber optic,43.3,1
72,23.75,1679.25,Female,0,Yes,Yes,Yes,Yes,No,23.003424657534246,0
33,80.6,2656.5,Female,1,Yes,No,Yes,Yes,Fiber optic,78.13235294117646,1
12,43.8,540.95,Female,0,No,No,Yes,No,DSL,41.611538461538466,0
1,19.75,19.75,Male,0,No,No,Yes,No,No,9.875,0
27,19.15,537.35,Male,0,No,Yes,Yes,No,No,19.19107142857143,0
34,19.6,678.8,Male,0,Yes,Yes,Yes,No,No,19.39428571428571,0
56,80.3,4513.65,Female,0,Yes,No,Yes,No,Fiber optic,79.18684210526315,0
58,24.35,1423.85,Female,0,No,No,Yes,Yes,No,24.133050847457625,0
22,25.25,555.4,Female,0,Yes,Yes,Yes,Yes,No,24.14782608695652,0
10,26.1,225.55,Female,0,Yes,Yes,Yes,Yes,No,20.504545454545454,0
13,20.0,268.45,Male,0,No,No,Yes,No,No,19.175,0
35,85.3,2917.5,Female,0,No,No,Yes,Yes,Fiber optic,81.04166666666667,1
34,70.0,2416.1,Female,0,No,No,Yes,No,Fiber optic,69.03142857142856,1
4,94.3,424.45,Female,1,No,No,Yes,Yes,Fiber optic,84.89,1
72,20.7,1492.1,Male,0,Yes,No,Yes,No,No,20.43972602739726,0
2,70.3,132.4,Male,0,No,No,Yes,No,DSL,44.13333333333333,0
7,95.35,660.9,Female,0,No,No,Yes,No,Fiber optic,82.6125,1
27,75.5,1893.95,Male,1,Yes,No,Yes,Yes,Fiber optic,67.64107142857144,1
4,69.55,284.9,Male,0,Yes,Yes,Yes,No,Fiber optic,56.98,0
37,19.85,784.25,Female,0,No,No,Yes,No,No,20.638157894736842,0
21,20.0,417.7,Male,0,No,No,Yes,No,No,18.986363636363635,0
53,95.85,5016.25,Female,1,Yes,No,Yes,Yes,Fiber optic,92.89351851851852,0
18,90.1,1612.75,Female,0,No,No,Yes,Yes,Fiber optic,84.88157894736842,1
2,68.95,119.75,Female,0,No,No,Yes,No,Fiber optic,39.916666666666664,1
32,99.55,3204.65,Male,0,Yes,Yes,Yes,Yes,Fiber optic,97.11060606060606,1
23,20.75,485.2,Male,1,Yes,No,Yes,No,No,20.216666666666665,0
3,50.15,160.85,Male,0,No,No,Yes,No,DSL,40.2125,0
71,58.65,4145.25,Female,0,Yes,Yes,No,No phone service,DSL,57.572916666666664,0
9,95.9,827.45,Male,0,No,No,Yes,No,Fiber optic,82.745,0
1,49.5,49.5,Female,0,No,No,Yes,No,DSL,24.75,0
18,57.45,990.85,Male,0,Yes,Yes,Yes,No,DSL,52.15,1
12,53.65,696.35,Male,0,Yes,Yes,Yes,No,DSL,53.565384615384616,1
71,80.1,5585.4,Male,0,Yes,No,Yes,Yes,DSL,77.57499999999999,0
64,24.4,1601.2,Female,0,No,No,Yes,Yes,No,24.633846153846154,0
4,40.05,162.45,Male,0,No,No,No,No phone service,DSL,32.489999999999995,0
23,19.5,470.2,Female,0,No,No,Yes,No,No,19.591666666666665,0
39,51.05,2066.0,Female,0,Yes,Yes,Yes,No,DSL,51.65,0
28,54.35,1426.45,Male,0,Yes,No,Yes,No,DSL,49.18793103448276,0
5,84.7,392.5,Female,1,No,No,Yes,No,Fiber optic,65.41666666666667,0
45,86.1,3861.45,Female,1,Yes,No,Yes,No,Fiber optic,83.9445652173913,0
37,70.35,2552.9,Male,0,No,No,Yes,No,Fiber optic,67.18157894736842,0
60,110.0,6668.35,Female,1,Yes,No,Yes,No,Fiber optic,109.31721311475411,0
8,100.6,819.4,Male,1,No,No,Yes,Yes,Fiber optic,91.04444444444444,1
47,94.9,4615.25,Female,0,No,No,Yes,Yes,Fiber optic,96.15104166666667,0
26,83.75,2070.6,Male,0,Yes,Yes,Yes,Yes,Fiber optic,76.68888888888888,1
3,88.3,273.75,Female,1,Yes,Yes,Yes,No,Fiber optic,68.4375,1
50,69.75,3557.7,Female,0,Yes,Yes,Yes,No,Fiber optic,69.75882352941176,0
27,71.6,1957.1,Male,0,Yes,Yes,Yes,Yes,DSL,69.89642857142857,0
8,92.1,729.95,Female,1,No,No,Yes,No,Fiber optic,81.10555555555555,1
62,23.65,1416.75,Female,0,Yes,No,Yes,Yes,No,22.488095238095237,0
71,81.85,5924.4,Female,0,Yes,No,Yes,No,DSL,82.28333333333333,0
66,25.1,1697.7,Male,0,No,No,Yes,Yes,No,25.338805970149256,0
68,114.7,7849.85,Male,0,Yes,Yes,Yes,Yes,Fiber optic,113.7659420289855,0
13,49.15,649.4,Female,0,No,No,No,No phone service,DSL,46.385714285714286,0
56,80.9,4557.5,Male,0,Yes,No,Yes,No,Fiber optic,79.95614035087719,0
38,79.45,3013.05,Male,0,Yes,No,Yes,No,Fiber optic,77.25769230769231,1
14,90.45,1266.1,Male,1,No,No,Yes,No,Fiber optic,84.40666666666667,1
16,19.3,360.35,Female,0,No,Yes,Yes,No,No,21.197058823529414,0
14,70.2,1046.5,Female,0,Yes,Yes,Yes,No,Fiber optic,69.76666666666667,0
32,69.75,2347.9,Male,0,Yes,Yes,Yes,No,Fiber optic,71.14848484848486,1
8,54.25,447.75,Female,0,No,No,Yes,No,DSL,49.75,0
43,99.3,4209.95,Female,0,Yes,Yes,Yes,Yes,Fiber optic,95.68068181818181,0
52,74.0,3877.65,Female,0,No,No,Yes,Yes,DSL,73.16320754716982,0
3,50.25,152.3,Male,0,No,No,Yes,No,DSL,38.075,0
29,19.8,572.2,Male,0,No,No,Yes,No,No,19.073333333333334,0
1,19.65,19.65,Female,0,No,No,Yes,No,No,9.825,1
12,43.65,526.95,Male,1,No,No,No,No phone service,DSL,40.534615384615385,1
16,35.5,552.7,Female,0,Yes,Yes,No,No phone service,DSL,32.51176470588236,0
40,80.75,3208.65,Female,0,No,No,Yes,Yes,DSL,78.25975609756098,0
5,39.5,210.75,Female,0,No,No,No,No phone service,DSL,35.125,1
40,97.1,3706.95,Male,0,Yes,No,Yes,Yes,Fiber optic,90.41341463414633,1
36,19.55,620.75,Female,0,No,No,Yes,No,No,16.777027027027028,0
5,80.0,412.5,Female,0,No,No,Yes,No,Fiber optic,68.75,1
10,84.7,832.05,Female,0,No,No,Yes,No,Fiber optic,75.64090909090909,1
2,89.55,185.55,Male,0,Yes,Yes,Yes,No,Fiber optic,61.85,1
23,90.6,1943.2,Male,0,No,No,Yes,Yes,Fiber optic,80.96666666666667,1
26,20.05,505.9,Male,0,Yes,Yes,Yes,No,No,18.737037037037037,0
72,112.4,8046.85,Female,1,Yes,No,Yes,Yes,Fiber optic,110.23082191780823,0
34,50.2,1815.3,Female,0,Yes,No,Yes,No,DSL,51.86571428571428,0
10,62.25,612.95,Male,0,No,No,Yes,No,DSL,55.722727272727276,0
14,55.7,795.15,Female,0,No,No,Yes,No,DSL,53.01,0
23,90.05,2169.8,Female,0,No,No,Yes,Yes,Fiber optic,90.40833333333335,1
47,19.65,973.1,Male,0,Yes,No,Yes,No,No,20.272916666666667,0
24,89.25,2210.2,Male,0,Yes,No,Yes,No,Fiber optic,88.40799999999999,0
49,99.05,4853.75,Male,0,Yes,No,Yes,Yes,Fiber optic,97.075,1
20,54.0,1055.9,Male,1,No,No,Yes,No,DSL,50.280952380952385,0
2,69.75,144.55,Female,0,No,No,Yes,No,Fiber optic,48.18333333333334,1
2,49.05,91.1,Female,0,No,No,Yes,No,DSL,30.366666666666664,1
22,56.75,1304.85,Male,0,No,No,No,No phone service,DSL,56.73260869565217,0
7,98.05,713.0,Male,0,No,No,Yes,Yes,Fiber optic,89.125,1
1,21.1,21.1,Male,0,No,No,Yes,No,No,10.55,0
59,96.65,5580.8,Female,0,Yes,Yes,Yes,Yes,Fiber optic,93.01333333333334,0
58,24.5,1497.9,Female,0,Yes,Yes,Yes,Yes,No,25.38813559322034,0
41,114.5,4527.45,Female,0,No,No,Yes,Yes,Fiber optic,107.79642857142856,1
59,79.2,4590.35,Female,1,No,No,Yes,Yes,Fiber optic,76.50583333333334,0
3,69.55,200.2,Female,0,Yes,Yes,Yes,No,Fiber optic,50.05,0
32,20.05,614.45,Male,0,No,No,Yes,No,No,18.61969696969697,0
46,98.85,4564.9,Male,1,Yes,No,Yes,Yes,Fiber optic,97.12553191489361,0
0,25.75,2283.3004408418656,Male,0,Yes,Yes,Yes,Yes,No,2283.3004408418656,0
2,80.95,171.15,Male,0,No,No,Yes,No,Fiber optic,57.050000000000004,1
52,19.6,1012.4,Female,0,Yes,Yes,Yes,No,No,19.10188679245283,0
13,74.3,940.35,Female,1,No,No,Yes,No,Fiber optic,67.16785714285714,1
11,89.7,1047.7,Female,1,No,No,Yes,No,Fiber optic,87.30833333333334,1
32,87.65,2766.4,Male,0,No,No,Yes,Yes,Fiber optic,83.83030303030303,0
17,100.45,1622.45,Male,1,Yes,No,Yes,Yes,Fiber optic,90.13611111111112,1
16,74.75,1129.35,Female,0,No,No,Yes,Yes,Fiber optic,66.43235294117646,0
51,107.45,5680.9,Female,0,No,No,Yes,Yes,Fiber optic,109.24807692307692,0
29,75.35,2243.9,Male,0,No,No,Yes,No,DSL,74.79666666666667,0
70,64.95,4523.25,Male,0,Yes,No,Yes,No,DSL,63.70774647887324,0
71,100.45,7159.7,Female,0,Yes,Yes,Yes,Yes,Fiber optic,99.44027777777778,0
41,68.5,2839.95,Male,0,Yes,Yes,Yes,Yes,DSL,67.61785714285713,0
1,80.55,80.55,Male,0,No,No,Yes,No,Fiber optic,40.275,0
7,81.25,580.1,Female,0,Yes,No,Yes,No,DSL,72.5125,0
25,90.4,2178.6,Male,0,Yes,Yes,Yes,No,Fiber optic,83.79230769230769,1
67,89.55,6038.55,Male,0,Yes,Yes,Yes,Yes,Fiber optic,88.80220588235295,0
5,55.7,259.4,Male,0,Yes,Yes,Yes,Yes,DSL,43.23333333333333,0
15,24.8,324.15,Male,0,No,Yes,Yes,Yes,No,20.259375,0
20,20.0,417.65,Female,0,Yes,Yes,Yes,No,No,19.888095238095236,0
3,56.15,168.15,Male,0,Yes,Yes,Yes,No,DSL,42.0375,1
54,105.2,5637.85,Male,0,Yes,Yes,Yes,Yes,Fiber optic,102.50636363636364,0
42,19.55,839.4,Male,0,No,No,Yes,No,No,19.52093023255814,0
9,79.75,769.1,Female,0,Yes,No,Yes,No,Fiber optic,76.91,0
63,97.45,6253.0,Female,0,No,No,Yes,Yes,Fiber optic,97.703125,0
69,24.25,1641.8,Female,0,Yes,No,Yes,Yes,No,23.454285714285714,0
69,24.6,1678.05,Female,0,No,No,Yes,Yes,No,23.972142857142856,0
40,50.15,2058.5,Male,0,Yes,No,Yes,No,DSL,50.207317073170735,0
60,39.6,2424.5,Male,0,No,No,No,No phone service,DSL,39.74590163934426,0
4,94.4,387.2,Female,0,No,No,Yes,No,Fiber optic,77.44,1
71,89.85,6293.45,Female,1,No,No,Yes,Yes,DSL,87.40902777777778,0
37,78.95,2839.65,Female,0,Yes,No,Yes,Yes,Fiber optic,74.72763157894737,1
32,98.85,3145.9,Male,0,Yes,No,Yes,Yes,Fiber optic,95.33030303030303,0
39,53.85,2200.7,Male,0,No,No,Yes,Yes,DSL,55.0175,0
38,24.25,914.4,Female,0,No,No,Yes,Yes,No,23.446153846153845,0
52,89.45,4577.75,Male,0,No,No,Yes,Yes,Fiber optic,86.37264150943396,0
48,105.25,4997.5,Female,0,Yes,Yes,Yes,Yes,Fiber optic,101.98979591836735,0
70,59.5,4144.8,Male,0,Yes,Yes,No,No phone service,DSL,58.3774647887324,0
20,70.55,1493.55,Male,0,No,No,Yes,No,Fiber optic,71.12142857142857,0
50,82.5,4179.1,Female,0,No,No,Yes,Yes,DSL,81.94313725490197,0
19,44.85,893.55,Female,0,No,No,No,No phone service,DSL,44.677499999999995,1
25,61.6,1611.0,Male,0,Yes,Yes,Yes,No,DSL,61.96153846153846,0
12,49.05,593.05,Male,0,No,No,Yes,No,DSL,45.61923076923077,0
39,105.65,4284.8,Male,1,Yes,No,Yes,Yes,Fiber optic,107.12,1
7,74.65,544.55,Male,0,No,No,Yes,No,Fiber optic,68.06875,1
23,66.25,1533.8,Female,0,Yes,Yes,Yes,No,DSL,63.90833333333333,0
27,19.4,529.8,Male,0,No,No,Yes,No,No,18.92142857142857,0
47,86.05,3865.6,Male,1,No,No,Yes,Yes,Fiber optic,80.53333333333333,0
26,19.15,515.75,Male,0,Yes,Yes,Yes,No,No,19.10185185185185,0
14,64.7,941.0,Female,0,Yes,No,Yes,Yes,DSL,62.733333333333334,1
11,104.05,1133.65,Female,1,Yes,No,Yes,Yes,Fiber optic,94.47083333333335,1
2,19.25,48.35,Male,0,No,Yes,Yes,No,No,16.116666666666667,0
26,81.95,2070.05,Female,0,Yes,Yes,Yes,No,Fiber optic,76.66851851851852,0
72,114.65,8333.95,Female,1,Yes,No,Yes,Yes,Fiber optic,114.16369863013699,0
63,20.0,1209.25,Female,0,Yes,Yes,Yes,No,No,18.89453125,0
71,19.8,1396.25,Male,0,Yes,Yes,Yes,No,No,19.39236111111111,0
11,65.15,723.35,Male,0,Yes,Yes,Yes,Yes,DSL,60.27916666666667,0
14,19.65,228.65,Male,1,Yes,No,Yes,No,No,15.243333333333334,0
13,88.95,1161.75,Female,0,No,Yes,Yes,Yes,DSL,82.98214285714286,0
6,20.2,98.35,Male,0,No,Yes,Yes,No,No,14.049999999999999,0
11,75.2,775.3,Male,1,Yes,Yes,Yes,Yes,Fiber optic,64.60833333333333,0
18,56.8,1074.65,Male,0,Yes,No,Yes,Yes,DSL,56.56052631578948,0
1,35.55,35.55,Male,0,No,No,No,No phone service,DSL,17.775,1
32,75.5,2324.7,Female,0,Yes,No,Yes,No,Fiber optic,70.44545454545454,0
29,35.6,1072.6,Male,0,No,No,No,No phone service,DSL,35.75333333333333,0
3,60.25,170.5,Female,0,No,No,Yes,Yes,DSL,42.625,0
2,95.15,196.9,Female,0,No,No,Yes,Yes,Fiber optic,65.63333333333334,1
13,96.65,1162.85,Male,0,Yes,Yes,Yes,No,Fiber optic,83.06071428571428,1
41,40.35,1677.85,Female,0,No,No,No,No phone service,DSL,39.94880952380952,0
1,18.85,18.85,Female,0,No,No,Yes,No,No,9.425,0
7,54.85,370.4,Male,0,No,No,Yes,No,DSL,46.3,0
52,64.3,3410.6,Female,0,Yes,No,Yes,No,DSL,64.35094339622641,0
45,24.65,1138.8,Female,0,Yes,Yes,Yes,Yes,No,24.756521739130434,0
70,76.1,5264.25,Male,0,Yes,No,Yes,Yes,DSL,74.1443661971831,0
53,18.7,1005.7,Female,0,No,No,Yes,No,No,18.624074074074073,0
62,97.95,5936.55,Female,1,Yes,No,Yes,Yes,Fiber optic,94.23095238095239,0
60,94.1,5475.9,Female,0,Yes,No,Yes,Yes,Fiber optic,89.76885245901639,0
3,80.4,224.05,Female,1,Yes,No,Yes,No,Fiber optic,56.0125,1
23,95.1,2326.05,Female,1,Yes,No,Yes,No,Fiber optic,96.91875,0
1,31.35,31.35,Male,0,No,Yes,No,No phone service,DSL,15.675,1
67,72.35,4991.5,Female,0,No,No,Yes,No,DSL,73.40441176470588,0
12,89.75,1052.4,Female,0,No,No,Yes,Yes,Fiber optic,80.95384615384616,1
71,82.7,5831.2,Female,1,Yes,No,Yes,Yes,DSL,80.98888888888888,0
25,19.9,510.8,Male,0,No,No,Yes,No,No,19.646153846153847,0
5,53.8,283.95,Female,0,No,No,Yes,Yes,DSL,47.324999999999996,0
26,51.55,1295.4,Male,0,No,No,Yes,Yes,DSL,47.97777777777778,0
1,19.65,19.65,Male,0,Yes,Yes,Yes,No,No,9.825,0
70,44.05,3011.65,Male,1,No,No,No,No phone service,DSL,42.417605633802815,0
72,114.0,8093.15,Male,0,Yes,Yes,Yes,Yes,Fiber optic,110.86506849315067,0
60,94.4,5610.25,Male,0,Yes,No,Yes,No,Fiber optic,91.97131147540983,1
32,100.4,3217.65,Female,1,Yes,Yes,Yes,Yes,Fiber optic,97.50454545454545,0
1,19.85,19.85,Male,0,No,No,Yes,No,No,9.925,1
14,54.25,773.2,Female,0,No,No,Yes,Yes,DSL,51.54666666666667,0
13,80.0,1029.35,Female,0,No,No,Yes,Yes,Fiber optic,73.52499999999999,0
6,109.9,669.45,Female,0,No,No,Yes,Yes,Fiber optic,95.63571428571429,1
46,79.2,3593.8,Female,0,No,No,Yes,Yes,DSL,76.46382978723405,0
15,101.35,1553.95,Male,0,No,No,Yes,No,Fiber optic,97.121875,1
43,94.3,3953.15,Male,1,Yes,No,Yes,Yes,Fiber optic,89.84431818181818,0
39,49.8,1971.15,Male,0,No,No,Yes,No,DSL,49.27875,0
21,60.05,1236.15,Male,1,No,No,Yes,No,DSL,56.18863636363637,1
57,53.75,3196.0,Male,0,No,No,No,No phone service,DSL,55.10344827586207,0
53,93.45,4872.2,Female,0,Yes,No,Yes,No,Fiber optic,90.22592592592592,0
18,87.9,1500.5,Male,0,Yes,Yes,Yes,No,Fiber optic,78.97368421052632,0
1,60.15,60.15,Female,0,No,No,Yes,Yes,DSL,30.075,1
58,61.05,3478.75,Female,0,Yes,No,Yes,Yes,DSL,58.96186440677966,0
71,104.05,7413.55,Female,1,No,No,Yes,Yes,Fiber optic,102.96597222222222,0
35,99.25,3532.0,Female,0,No,No,Yes,No,Fiber optic,98.11111111111111,0
3,85.7,256.75,Male,0,No,No,Yes,No,Fiber optic,64.1875,0
38,104.85,3887.25,Male,0,No,No,Yes,Yes,Fiber optic,99.67307692307692,0
35,69.15,2490.15,Male,0,Yes,Yes,Yes,Yes,DSL,69.17083333333333,0
7,90.45,593.45,Male,0,No,No,Yes,Yes,Fiber optic,74.18125,1
47,74.45,3510.3,Female,0,No,No,Yes,No,DSL,73.13125000000001,0
14,50.45,765.45,Female,0,No,No,Yes,No,DSL,51.03,0
20,60.0,1259.35,Female,1,Yes,No,Yes,No,DSL,59.969047619047615,0
66,85.25,5538.35,Male,0,Yes,No,Yes,Yes,DSL,82.66194029850747,0
15,19.45,340.85,Male,0,Yes,No,Yes,No,No,21.303125,0
42,20.75,844.45,Female,0,No,No,Yes,No,No,19.638372093023257,0
17,78.9,1348.95,Female,0,Yes,No,Yes,Yes,Fiber optic,74.94166666666666,0
37,104.5,3778.0,Male,0,No,No,Yes,Yes,Fiber optic,99.42105263157895,0
12,49.4,611.65,Female,0,No,No,Yes,No,DSL,47.05,0
53,94.25,4867.95,Male,0,Yes,No,Yes,No,Fiber optic,90.14722222222223,1
60,25.0,1505.05,Female,0,No,No,Yes,Yes,No,24.67295081967213,0
18,25.55,467.85,Male,0,Yes,Yes,No,No phone service,DSL,24.623684210526317,0
1,74.9,74.9,Male,0,No,No,Yes,Yes,Fiber optic,37.45,1
3,70.15,194.2,Female,0,No,No,Yes,No,Fiber optic,48.55,0
9,69.4,571.45,Female,0,No,Yes,Yes,No,DSL,57.145,0
1,80.25,80.25,Female,0,No,No,Yes,No,Fiber optic,40.125,1
56,93.15,5253.95,Male,0,Yes,No,Yes,Yes,Fiber optic,92.17456140350878,0
17,69.0,1149.65,Male,0,Yes,Yes,Yes,No,Fiber optic,63.86944444444445,1
11,66.35,740.8,Female,0,Yes,Yes,Yes,Yes,DSL,61.73333333333333,1
7,69.55,521.35,Male,0,No,No,Yes,No,Fiber optic,65.16875,0
69,20.2,1412.65,Female,0,Yes,Yes,Yes,No,No,20.180714285714288,0
19,86.0,1532.45,Male,0,No,No,Yes,Yes,Fiber optic,76.6225,1
3,80.3,250.05,Female,0,Yes,Yes,Yes,No,Fiber optic,62.5125,1
54,20.4,1090.6,Male,0,Yes,Yes,Yes,No,No,19.829090909090908,0
62,23.75,1446.8,Male,0,Yes,No,Yes,Yes,No,22.965079365079365,0
24,90.55,2282.55,Male,0,No,No,Yes,Yes,Fiber optic,91.302,1
62,70.45,4300.45,Female,0,Yes,Yes,Yes,Yes,DSL,68.2611111111111,0
17,65.75,1111.2,Male,0,No,No,Yes,Yes,DSL,61.733333333333334,0
9,24.6,190.1,Male,0,No,No,No,No phone service,DSL,19.009999999999998,0
64,69.25,4447.75,Male,0,Yes,Yes,Yes,No,DSL,68.42692307692307,0
2,75.9,143.35,Female,0,No,No,Yes,Yes,Fiber optic,47.78333333333333,1
1,45.85,45.85,Male,0,Yes,Yes,Yes,No,DSL,22.925,1
16,49.95,810.2,Female,0,Yes,No,No,No phone service,DSL,47.65882352941177,1
72,24.65,1830.05,Female,0,Yes,No,Yes,Yes,No,25.06917808219178,0
30,90.4,2820.65,Male,0,No,No,Yes,Yes,Fiber optic,90.98870967741935,0
49,100.85,4847.35,Female,0,Yes,No,Yes,Yes,Fiber optic,96.947,0
61,75.35,4729.3,Male,0,Yes,No,Yes,Yes,DSL,76.27903225806452,0
47,87.2,4017.45,Male,0,Yes,Yes,Yes,Yes,Fiber optic,83.69687499999999,0
20,64.4,1398.6,Male,0,No,No,Yes,No,DSL,66.6,0
34,78.3,2564.3,Male,0,Yes,Yes,Yes,No,Fiber optic,73.2657142857143,1
70,24.7,1685.9,Female,0,Yes,Yes,Yes,Yes,No,23.745070422535214,0
54,105.85,5826.65,Male,0,No,Yes,Yes,No,Fiber optic,105.93909090909091,0
61,98.3,6066.55,Male,1,Yes,No,Yes,Yes,Fiber optic,97.84758064516129,0
3,76.95,228.4,Male,0,No,No,Yes,Yes,Fiber optic,57.1,1
13,19.45,270.2,Male,0,No,No,Yes,No,No,19.3,0
16,96.15,1529.2,Female,1,No,No,Yes,Yes,Fiber optic,89.95294117647059,1
3,58.7,168.6,Female,0,Yes,Yes,Yes,No,DSL,42.15,0
25,20.15,536.35,Male,0,No,No,Yes,No,No,20.628846153846155,0
30,64.5,1888.45,Male,0,No,No,Yes,Yes,DSL,60.917741935483875,0
21,28.5,629.35,Female,0,Yes,No,No,No phone service,DSL,28.606818181818184,0
1,45.3,45.3,Male,0,No,No,Yes,No,DSL,22.65,1
15,19.4,289.3,Female,0,No,No,Yes,No,No,18.08125,1
23,90.45,2117.25,Male,1,Yes,No,Yes,No,Fiber optic,88.21875,0
45,105.15,4730.9,Female,0,Yes,Yes,Yes,Yes,Fiber optic,102.84565217391304,0
24,83.15,2033.05,Female,0,Yes,Yes,Yes,Yes,Fiber optic,81.322,0
11,90.15,987.95,Female,0,No,No,Yes,Yes,Fiber optic,82.32916666666667,1
1,45.05,45.05,Male,0,No,No,Yes,No,DSL,22.525,1
56,103.2,5744.35,Female,0,Yes,No,Yes,Yes,Fiber optic,100.7780701754386,0
1,75.8,75.8,Female,0,No,No,Yes,No,Fiber optic,37.9,1
1,19.45,19.45,Male,0,No,No,Yes,No,No,9.725,0
7,79.3,523.15,Female,0,No,No,Yes,No,Fiber optic,65.39375,1
55,88.8,4805.3,Female,1,Yes,No,Yes,No,Fiber optic,85.80892857142858,0
2,30.9,59.05,Female,0,No,No,No,No phone service,DSL,19.683333333333334,1
72,85.9,6110.75,Female,0,Yes,Yes,Yes,Yes,DSL,83.70890410958904,0
45,34.2,1596.6,Female,1,No,No,No,No phone service,DSL,34.70869565217391,0
47,20.15,1046.2,Female,0,No,No,Yes,No,No,21.795833333333334,0
46,95.25,4424.2,Female,1,No,No,Yes,No,Fiber optic,94.13191489361702,1
2,50.3,92.75,Male,0,No,No,Yes,No,DSL,30.916666666666668,0
2,80.15,194.55,Female,0,Yes,No,Yes,No,Fiber optic,64.85000000000001,0
12,51.25,612.1,Female,0,Yes,No,Yes,No,DSL,47.08461538461539,0
68,89.6,6127.6,Female,1,Yes,No,Yes,Yes,Fiber optic,88.80579710144929,1
69,95.2,6671.7,Male,0,Yes,Yes,Yes,No,Fiber optic,95.31,0
56,94.8,5264.3,Male,1,No,Yes,Yes,No,Fiber optic,92.3561403508772,0
4,80.25,303.7,Female,1,No,No,Yes,Yes,Fiber optic,60.739999999999995,0
64,76.1,4818.8,Male,0,Yes,No,Yes,Yes,DSL,74.13538461538462,0
59,110.15,6448.05,Male,0,Yes,No,Yes,Yes,Fiber optic,107.4675,1
62,115.55,7159.05,Male,0,Yes,Yes,Yes,Yes,Fiber optic,113.63571428571429,0
63,24.65,1574.5,Male,0,Yes,Yes,Yes,Yes,No,24.6015625,0
53,53.6,2879.2,Female,0,No,No,No,No phone service,DSL,53.318518518518516,0
5,19.45,86.05,Male,0,Yes,Yes,Yes,No,No,14.341666666666667,0
49,88.2,4159.45,Male,1,Yes,No,Yes,Yes,Fiber optic,83.189,0
62,101.15,6638.35,Female,0,Yes,Yes,Yes,Yes,Fiber optic,105.37063492063493,0
55,56.8,3112.05,Female,0,Yes,No,Yes,No,DSL,55.572321428571435,0
71,99.4,7168.25,Female,1,Yes,No,Yes,No,Fiber optic,99.55902777777777,0
72,20.1,1326.25,Female,0,Yes,Yes,Yes,No,No,18.16780821917808,0
36,60.7,2234.55,Male,0,Yes,Yes,No,No phone service,DSL,60.39324324324325,0
25,20.95,495.15,Male,0,Yes,No,Yes,No,No,19.04423076923077,0
72,114.85,8317.95,Female,1,Yes,No,Yes,Yes,Fiber optic,113.94452054794522,0
36,19.25,679.8,Female,0,No,No,Yes,No,No,18.37297297297297,0
1,62.8,62.8,Male,0,No,No,Yes,No,DSL,31.4,0
72,105.5,7544.0,Female,0,Yes,No,Yes,Yes,Fiber optic,103.34246575342466,0
59,19.85,1188.25,Male,0,Yes,Yes,Yes,No,No,19.804166666666667,0
7,89.5,676.7,Male,1,Yes,No,Yes,No,Fiber optic,84.5875,1
1,74.1,74.1,Female,0,No,No,Yes,No,DSL,37.05,0
30,107.5,3242.5,Female,0,Yes,Yes,Yes,Yes,Fiber optic,104.59677419354838,0
64,19.55,1240.15,Male,0,No,No,Yes,No,No,19.079230769230772,0
63,68.8,4111.35,Male,0,No,No,Yes,Yes,DSL,64.23984375,0
72,84.45,5899.85,Male,1,Yes,No,Yes,Yes,DSL,80.81986301369864,0
8,75.0,632.95,Male,0,Yes,No,Yes,No,Fiber optic,70.32777777777778,1
62,84.5,5193.2,Female,0,No,No,Yes,Yes,DSL,82.43174603174603,0
67,111.2,7530.8,Male,0,Yes,Yes,Yes,Yes,Fiber optic,110.74705882352941,0
6,44.75,270.95,Male,0,No,No,Yes,No,DSL,38.707142857142856,1
70,80.6,5460.2,Female,0,Yes,Yes,Yes,Yes,DSL,76.90422535211268,0
20,80.7,1614.2,Female,1,No,No,Yes,No,Fiber optic,76.86666666666667,0
5,75.6,402.5,Female,0,No,No,Yes,Yes,Fiber optic,67.08333333333333,0
24,57.6,1367.75,Female,0,Yes,Yes,No,No phone service,DSL,54.71,0
11,44.05,483.7,Female,0,Yes,No,Yes,No,DSL,40.30833333333333,1
72,110.6,7962.2,Male,0,Yes,No,Yes,Yes,Fiber optic,109.07123287671233,0
66,58.2,3810.8,Female,0,Yes,Yes,Yes,No,DSL,56.87761194029851,0
45,81.0,3533.6,Female,0,Yes,Yes,Yes,No,DSL,76.81739130434782,0
69,19.7,1396.9,Female,0,Yes,Yes,Yes,No,No,19.955714285714286,0
15,85.6,1345.55,Male,1,Yes,No,Yes,Yes,Fiber optic,84.096875,1
28,59.55,1646.45,Female,0,No,No,Yes,No,DSL,56.77413793103448,0
70,115.55,8127.6,Female,0,No,No,Yes,Yes,Fiber optic,114.47323943661972,1
36,75.55,2680.15,Female,0,No,No,Yes,No,DSL,72.43648648648649,0
16,86.6,1281.0,Male,1,No,No,Yes,Yes,Fiber optic,75.3529411764706,1
18,85.2,1553.9,Female,0,No,No,Yes,Yes,Fiber optic,81.78421052631579,1
34,97.65,3207.55,Female,0,Yes,No,Yes,Yes,Fiber optic,91.64428571428572,1
42,45.1,2049.05,Male,0,Yes,Yes,No,No phone service,DSL,47.65232558139535,0
48,70.95,3629.2,Male,0,No,No,Yes,Yes,DSL,74.06530612244897,0
47,109.55,5124.55,Male,0,Yes,No,Yes,Yes,Fiber optic,106.76145833333334,1
39,89.55,3474.45,Female,0,Yes,Yes,Yes,Yes,Fiber optic,86.86125,1
11,20.9,202.3,Female,0,Yes,Yes,Yes,No,No,16.858333333333334,0
7,19.95,147.5,Male,0,No,No,Yes,No,No,18.4375,0
3,24.6,86.35,Female,0,No,No,Yes,Yes,No,21.5875,0
8,66.7,579.0,Male,0,No,No,Yes,No,DSL,64.33333333333333,0
1,19.45,19.45,Male,0,No,Yes,Yes,No,No,9.725,1
32,94.8,3131.55,Male,0,Yes,Yes,Yes,No,Fiber optic,94.89545454545456,0
60,65.85,3928.3,Male,0,Yes,Yes,Yes,No,DSL,64.3983606557377,0
10,19.95,187.75,Female,0,Yes,No,Yes,No,No,17.068181818181817,0
71,24.65,1710.15,Female,0,Yes,No,Yes,Yes,No,23.752083333333335,0
4,20.35,76.35,Female,0,Yes,Yes,Yes,No,No,15.27,1
1,69.25,69.25,Female,1,No,No,Yes,No,Fiber optic,34.625,1
43,51.25,2151.6,Female,0,Yes,Yes,No,No phone service,DSL,48.9,0
59,99.5,5961.1,Male,0,Yes,No,Yes,Yes,Fiber optic,99.35166666666667,1
23,54.25,1221.55,Female,0,Yes,No,Yes,No,DSL,50.89791666666667,0
72,19.4,1496.45,Female,0,Yes,No,Yes,No,No,20.49931506849315,0
22,56.25,1292.2,Male,0,Yes,No,Yes,No,DSL,56.18260869565218,0
1,25.15,25.15,Female,0,No,No,No,No phone service,DSL,12.575,0
69,23.95,1713.1,Male,0,No,No,Yes,Yes,No,24.47285714285714,0
50,35.4,1748.9,Male,0,No,No,No,No phone service,DSL,34.2921568627451,0
1,25.2,25.2,Female,1,No,No,No,No phone service,DSL,12.6,1
2,45.0,96.45,Male,0,No,No,Yes,No,DSL,32.15,1
15,75.35,1114.55,Female,0,Yes,No,Yes,No,Fiber optic,69.659375,0
31,20.4,609.1,Male,0,No,No,Yes,No,No,19.034375,0
1,20.15,20.15,Male,0,No,No,Yes,No,No,10.075,1
66,105.0,7133.25,Male,0,Yes,No,Yes,Yes,Fiber optic,106.46641791044776,1
0,56.05,2283.3004408418656,Female,0,Yes,Yes,No,No phone service,DSL,2283.3004408418656,0
3,54.7,169.45,Male,0,No,Yes,Yes,No,DSL,42.3625,1
8,20.0,141.6,Female,0,No,No,Yes,No,No,15.733333333333333,0
64,73.05,4688.65,Male,0,Yes,Yes,Yes,No,DSL,72.13307692307691,0
28,20.5,563.05,Female,0,Yes,No,Yes,No,No,19.41551724137931,0
57,100.75,5985.0,Female,0,Yes,No,Yes,Yes,Fiber optic,103.1896551724138,0
14,87.25,1258.6,Female,0,Yes,Yes,Yes,Yes,Fiber optic,83.90666666666667,1
19,19.95,373.5,Male,0,No,No,Yes,No,No,18.675,0
10,79.95,857.2,Male,0,Yes,No,Yes,No,Fiber optic,77.92727272727274,1
51,49.65,2553.35,Female,0,Yes,No,No,No phone service,DSL,49.10288461538461,0
67,65.65,4322.85,Female,0,Yes,No,Yes,Yes,DSL,63.57132352941177,0
11,20.45,250.8,Male,0,Yes,Yes,Yes,No,No,20.900000000000002,0
72,60.95,4549.05,Male,0,Yes,Yes,No,No phone service,DSL,62.31575342465754,0
66,20.35,1359.5,Male,0,Yes,Yes,Yes,No,No,20.291044776119403,0
18,88.35,1639.3,Female,0,No,No,Yes,Yes,Fiber optic,86.27894736842104,1
9,19.5,178.85,Female,0,No,No,Yes,No,No,17.884999999999998,0
9,75.2,633.85,Female,0,No,No,Yes,Yes,Fiber optic,63.385000000000005,0
48,111.45,5315.1,Male,0,Yes,No,Yes,Yes,Fiber optic,108.47142857142858,0
10,70.15,735.5,Male,0,No,No,Yes,No,Fiber optic,66.86363636363636,0
9,94.75,889.9,Female,0,No,No,Yes,Yes,Fiber optic,88.99,1
13,95.05,1290.0,Female,1,No,No,Yes,Yes,Fiber optic,92.14285714285714,1
4,78.45,330.05,Male,0,No,No,Yes,Yes,Fiber optic,66.01,1
4,70.2,237.95,Male,0,No,No,Yes,No,Fiber optic,47.589999999999996,1
72,92.0,6474.4,Female,0,Yes,No,Yes,Yes,DSL,88.69041095890411,0
51,85.5,4421.95,Female,0,Yes,Yes,Yes,No,DSL,85.0375,0
59,41.05,2452.7,Male,0,Yes,No,No,No phone service,DSL,40.87833333333333,1
10,85.6,813.85,Male,0,Yes,No,Yes,Yes,Fiber optic,73.98636363636363,1
61,82.15,4904.85,Male,1,Yes,No,Yes,Yes,Fiber optic,79.11048387096774,0
54,84.4,4484.05,Male,0,No,No,Yes,No,Fiber optic,81.52818181818182,0
33,60.9,2033.85,Female,0,No,No,Yes,Yes,DSL,59.81911764705882,0
27,20.25,538.2,Female,0,No,No,Yes,No,No,19.22142857142857,0
1,79.2,79.2,Female,1,No,No,Yes,No,Fiber optic,39.6,1
23,95.3,2192.9,Male,0,No,No,Yes,No,Fiber optic,91.37083333333334,0
1,19.85,19.85,Male,0,No,Yes,Yes,No,No,9.925,0
45,84.35,3858.05,Male,0,Yes,Yes,Yes,No,DSL,83.87065217391304,0
39,19.85,854.8,Female,0,Yes,Yes,Yes,No,No,21.369999999999997,0
5,70.0,347.4,Male,0,No,No,Yes,No,DSL,57.9,1
72,82.3,5815.15,Male,0,Yes,Yes,Yes,Yes,DSL,79.65958904109588,0
58,66.8,3970.4,Female,0,Yes,Yes,Yes,Yes,DSL,67.2949152542373,0
70,44.6,3058.15,Female,0,No,No,No,No phone service,DSL,43.072535211267606,0
61,98.45,6145.2,Male,0,Yes,Yes,Yes,No,Fiber optic,99.11612903225806,0
2,70.7,129.2,Male,0,No,No,Yes,No,Fiber optic,43.06666666666666,0
46,24.95,1165.9,Female,0,Yes,Yes,Yes,Yes,No,24.806382978723406,0
1,49.95,49.95,Female,0,No,No,Yes,Yes,DSL,24.975,1
22,69.25,1554.0,Female,0,Yes,No,Yes,No,Fiber optic,67.56521739130434,1
48,102.5,4904.25,Female,0,No,No,Yes,No,Fiber optic,100.08673469387755,0
64,86.55,5632.55,Male,0,No,No,Yes,Yes,DSL,86.65461538461538,0
72,24.3,1643.25,Male,0,Yes,Yes,Yes,Yes,No,22.51027397260274,0
12,58.35,740.55,Female,0,Yes,Yes,Yes,No,DSL,56.965384615384615,0
34,94.25,3217.55,Female,1,Yes,No,Yes,Yes,Fiber optic,91.93,1
72,68.75,4888.2,Female,0,Yes,Yes,Yes,No,DSL,66.96164383561644,0
29,85.8,2440.25,Male,0,Yes,No,Yes,Yes,Fiber optic,81.34166666666667,0
33,20.1,620.55,Male,0,Yes,Yes,Yes,No,No,18.251470588235293,0
1,20.35,20.35,Female,0,No,No,Yes,No,No,10.175,0
62,110.8,6840.95,Female,0,Yes,Yes,Yes,Yes,Fiber optic,108.58650793650793,0
41,73.0,3001.2,Male,0,Yes,No,Yes,Yes,DSL,71.45714285714286,1
64,100.05,6254.2,Female,0,No,No,Yes,Yes,Fiber optic,96.21846153846154,1
4,82.85,319.6,Female,0,No,No,Yes,No,Fiber optic,63.92,0
24,84.35,1938.05,Female,0,No,No,Yes,Yes,Fiber optic,77.52199999999999,0
14,19.55,294.5,Female,0,Yes,Yes,Yes,No,No,19.633333333333333,0
3,19.95,58.3,Male,0,No,Yes,Yes,No,No,14.575,0
4,99.8,442.85,Female,1,No,No,Yes,No,Fiber optic,88.57000000000001,1
18,35.0,553.0,Female,0,No,Yes,No,No phone service,DSL,29.105263157894736,1
8,66.25,546.45,Male,0,No,No,Yes,No,DSL,60.71666666666667,0
35,23.3,797.1,Female,0,No,No,Yes,Yes,No,22.141666666666666,0
1,76.0,76.0,Female,0,No,No,Yes,Yes,Fiber optic,38.0,1
66,25.3,1673.8,Male,0,No,Yes,Yes,Yes,No,24.982089552238804,0
8,44.55,343.45,Male,0,No,Yes,No,No phone service,DSL,38.16111111111111,0
71,104.1,7412.25,Female,0,Yes,No,Yes,Yes,Fiber optic,102.94791666666667,0
43,92.55,4039.0,Female,0,Yes,Yes,Yes,Yes,Fiber optic,91.79545454545455,0
2,93.85,170.85,Female,1,No,No,Yes,Yes,Fiber optic,56.949999999999996,1
29,101.45,2948.6,Male,1,No,No,Yes,No,Fiber optic,98.28666666666666,0
15,84.3,1308.4,Female,0,Yes,No,Yes,No,Fiber optic,81.775,1
65,94.55,6078.75,Male,0,Yes,Yes,Yes,Yes,Fiber optic,92.10227272727273,0
35,95.5,3418.2,Male,0,No,No,Yes,Yes,Fiber optic,94.94999999999999,0
64,100.3,6603.8,Male,0,No,No,Yes,No,Fiber optic,101.59692307692308,0
58,55.5,3166.9,Female,0,Yes,Yes,No,No phone service,DSL,53.67627118644068,0
18,49.85,865.75,Female,1,No,No,Yes,No,DSL,45.56578947368421,0
67,89.55,6373.1,Male,0,Yes,Yes,Yes,Yes,Fiber optic,93.72205882352942,0
63,19.15,1177.05,Male,0,Yes,Yes,Yes,No,No,18.39140625,0
60,99.8,5985.75,Female,0,Yes,No,Yes,Yes,Fiber optic,98.12704918032787,0
9,84.4,732.5,Male,1,No,No,Yes,Yes,Fiber optic,73.25,1
70,113.05,7869.05,Female,0,Yes,Yes,Yes,Yes,Fiber optic,110.83169014084507,0
15,101.1,1504.05,Male,0,Yes,No,Yes,Yes,Fiber optic,94.003125,1
48,19.95,936.7,Female,0,No,Yes,Yes,No,No,19.116326530612245,0
12,74.15,741.4,Male,0,Yes,No,Yes,No,DSL,57.03076923076923,0
71,92.0,6585.2,Male,1,Yes,No,Yes,Yes,Fiber optic,91.46111111111111,0
44,73.85,3122.4,Male,1,No,No,Yes,No,Fiber optic,69.38666666666667,0
1,50.45,50.45,Male,0,No,No,Yes,Yes,DSL,25.225,1
45,24.45,1088.25,Male,0,Yes,Yes,Yes,Yes,No,23.657608695652176,0
23,24.8,615.35,Female,0,No,No,Yes,Yes,No,25.639583333333334,0
43,64.85,2908.2,Female,0,Yes,No,Yes,Yes,DSL,66.09545454545454,0
35,20.75,739.9,Male,0,No,No,Yes,No,No,20.552777777777777,0
9,68.95,593.85,Male,0,Yes,No,Yes,No,DSL,59.385000000000005,0
12,99.95,1132.75,Male,0,No,No,Yes,Yes,Fiber optic,87.13461538461539,1
65,109.4,7227.45,Female,1,Yes,No,Yes,Yes,Fiber optic,109.50681818181818,0
2,91.4,193.6,Female,0,No,No,Yes,Yes,Fiber optic,64.53333333333333,1
27,49.0,1291.35,Male,0,No,No,Yes,Yes,DSL,46.11964285714286,0
40,50.25,2023.55,Female,0,No,No,Yes,No,DSL,49.354878048780485,0
5,75.55,349.65,Female,1,No,No,Yes,No,Fiber optic,58.275,1
8,19.9,153.95,Male,0,Yes,Yes,Yes,No,No,17.105555555555554,0
58,97.8,5458.8,Female,1,Yes,No,Yes,Yes,Fiber optic,92.52203389830508,0
52,100.3,5244.45,Female,0,Yes,Yes,Yes,No,Fiber optic,98.95188679245283,0
3,55.8,154.55,Male,0,Yes,No,Yes,No,DSL,38.6375,0
41,111.15,4507.15,Male,0,No,Yes,Yes,No,Fiber optic,107.31309523809523,0
20,98.55,2031.95,Male,0,No,No,Yes,Yes,Fiber optic,96.75952380952381,0
1,50.05,50.05,Male,0,No,Yes,Yes,Yes,DSL,25.025,0
4,80.8,332.45,Male,0,No,Yes,Yes,Yes,Fiber optic,66.49,1
23,20.85,473.9,Male,0,No,No,Yes,No,No,19.745833333333334,0
6,19.5,106.8,Female,1,No,No,Yes,No,No,15.257142857142856,0
8,19.35,152.6,Male,0,Yes,Yes,Yes,No,No,16.955555555555556,0
18,69.5,1199.4,Male,0,No,No,Yes,Yes,DSL,63.126315789473686,0
52,48.8,2555.05,Male,1,No,No,No,No phone service,DSL,48.20849056603774,0
31,94.5,2979.2,Male,0,No,No,Yes,No,Fiber optic,93.1,0
29,20.65,654.85,Male,0,Yes,Yes,Yes,No,No,21.828333333333333,0
36,106.05,3834.4,Female,0,Yes,No,Yes,Yes,Fiber optic,103.63243243243244,0
16,100.0,1534.75,Female,0,Yes,No,Yes,Yes,Fiber optic,90.27941176470588,1
42,108.3,4586.15,Male,0,Yes,No,Yes,Yes,Fiber optic,106.65465116279069,0
1,20.55,20.55,Male,0,No,No,Yes,No,No,10.275,1
60,99.65,5941.05,Female,0,No,No,Yes,No,Fiber optic,97.39426229508197,0
5,85.3,424.15,Male,0,No,No,Yes,Yes,Fiber optic,70.69166666666666,1
22,95.9,2234.95,Male,0,Yes,No,Yes,Yes,Fiber optic,97.17173913043477,0
36,20.0,666.75,Male,0,Yes,No,Yes,No,No,18.02027027027027,0
4,70.4,281.0,Female,0,No,No,Yes,No,Fiber optic,56.2,1
9,64.95,547.8,Male,0,No,No,Yes,No,DSL,54.779999999999994,0
1,74.6,74.6,Male,0,Yes,Yes,Yes,No,Fiber optic,37.3,0
12,49.2,571.15,Male,0,Yes,Yes,Yes,No,DSL,43.934615384615384,0
23,73.75,1756.6,Female,0,No,No,Yes,Yes,DSL,73.19166666666666,0
62,92.3,5731.45,Male,0,No,No,Yes,Yes,Fiber optic,90.97539682539683,0
37,98.8,3475.55,Male,0,No,No,Yes,Yes,Fiber optic,91.46184210526316,1
8,19.2,156.85,Female,0,No,No,Yes,No,No,17.427777777777777,0
31,88.65,2683.2,Male,0,Yes,No,Yes,Yes,Fiber optic,83.85,0
13,74.4,896.75,Male,0,Yes,Yes,Yes,Yes,Fiber optic,64.05357142857143,1
24,98.75,2407.3,Female,0,No,No,Yes,Yes,Fiber optic,96.292,1
45,95.95,4456.65,Male,0,Yes,Yes,Yes,Yes,Fiber optic,96.8836956521739,0
69,105.4,6998.95,Female,1,Yes,No,Yes,Yes,Fiber optic,99.985,0
2,20.25,36.8,Male,0,No,No,Yes,No,No,12.266666666666666,0
61,106.0,6547.7,Male,0,Yes,Yes,Yes,Yes,Fiber optic,105.60806451612903,1
41,104.7,4346.4,Male,0,No,No,Yes,Yes,Fiber optic,103.48571428571428,1
44,49.05,2265.0,Female,0,No,No,No,No phone service,DSL,50.333333333333336,0
39,35.55,1309.15,Male,0,No,No,No,No phone service,DSL,32.728750000000005,0
72,65.1,4754.3,Male,0,Yes,Yes,No,No phone service,DSL,65.12739726027398,0
13,96.85,1235.55,Female,1,No,No,Yes,No,Fiber optic,88.25357142857142,0
51,69.75,3562.5,Female,0,Yes,Yes,Yes,No,DSL,68.50961538461539,0
71,99.2,7213.75,Female,1,Yes,No,Yes,No,Fiber optic,100.19097222222223,0
22,96.7,2082.95,Male,1,No,No,Yes,Yes,Fiber optic,90.56304347826087,1
2,55.05,102.75,Female,0,No,No,Yes,No,DSL,34.25,1
56,106.8,5914.4,Female,0,No,No,Yes,Yes,Fiber optic,103.76140350877192,0
1,51.25,51.25,Male,0,No,No,Yes,No,DSL,25.625,0
23,57.75,1282.85,Female,0,Yes,Yes,Yes,No,DSL,53.45208333333333,0
66,70.85,4738.85,Female,1,Yes,No,Yes,Yes,DSL,70.72910447761194,0
1,19.55,19.55,Female,0,No,No,Yes,No,No,9.775,0
19,88.2,1775.8,Male,1,No,No,Yes,Yes,Fiber optic,88.78999999999999,1
11,79.5,795.65,Male,0,No,No,Yes,No,Fiber optic,66.30416666666666,0
8,19.75,145.0,Female,0,Yes,Yes,Yes,No,No,16.11111111111111,1
52,98.15,4993.4,Female,0,Yes,Yes,Yes,Yes,Fiber optic,94.21509433962264,0
3,20.25,61.45,Male,0,No,No,Yes,No,No,15.3625,0
51,79.15,4018.55,Female,0,Yes,Yes,Yes,No,Fiber optic,77.2798076923077,0
15,75.65,1146.65,Male,1,No,No,Yes,Yes,Fiber optic,71.665625,1
64,94.25,6081.4,Male,1,Yes,No,Yes,Yes,Fiber optic,93.55999999999999,0
37,40.2,1478.85,Female,0,No,No,No,No phone service,DSL,38.91710526315789,0
13,19.95,243.65,Male,0,No,No,Yes,No,No,17.40357142857143,0
49,55.35,2633.95,Male,0,Yes,No,Yes,Yes,DSL,52.678999999999995,0
45,102.15,4735.35,Female,1,No,No,Yes,Yes,Fiber optic,102.94239130434784,0
18,71.1,1247.75,Female,0,No,No,Yes,No,Fiber optic,65.67105263157895,0
1,74.7,74.7,Male,1,No,No,Yes,Yes,Fiber optic,37.35,1
68,54.1,3794.5,Male,0,Yes,No,No,No phone service,DSL,54.992753623188406,0
54,19.65,1008.7,Male,0,No,No,Yes,No,No,18.34,0
23,88.45,2130.55,Female,1,Yes,Yes,Yes,No,Fiber optic,88.77291666666667,0
17,76.65,1313.55,Male,0,No,No,Yes,No,Fiber optic,72.975,1
71,80.4,5727.15,Male,0,Yes,No,Yes,Yes,DSL,79.54374999999999,0
67,19.25,1372.9,Female,0,Yes,Yes,Yes,No,No,20.189705882352943,0
14,84.8,1203.9,Female,0,Yes,Yes,Yes,Yes,Fiber optic,80.26,0
1,25.8,25.8,Female,1,No,No,No,No phone service,DSL,12.9,1
63,19.5,1215.1,Female,0,No,Yes,Yes,No,No,18.9859375,0
41,68.6,2877.05,Female,0,No,No,Yes,Yes,DSL,68.50119047619049,0
17,92.6,1579.7,Female,0,Yes,No,Yes,Yes,Fiber optic,87.76111111111112,0
56,100.55,5514.95,Male,0,Yes,No,Yes,Yes,Fiber optic,96.75350877192982,0
5,20.55,96.1,Female,0,No,No,Yes,No,No,16.016666666666666,0
2,42.6,72.4,Female,0,No,No,No,No phone service,DSL,24.133333333333336,1
3,19.6,55.25,Female,0,Yes,No,Yes,No,No,13.8125,0
37,67.45,2443.3,Male,0,No,No,Yes,Yes,DSL,64.29736842105264,0
29,68.85,1970.5,Female,0,No,No,Yes,No,DSL,65.68333333333334,1
8,43.55,335.4,Male,0,No,No,Yes,No,DSL,37.266666666666666,0
63,109.85,7002.95,Female,0,No,No,Yes,Yes,Fiber optic,109.42109375,0
7,20.65,158.95,Female,0,Yes,Yes,Yes,No,No,19.86875,0
3,95.4,293.15,Female,0,No,No,Yes,No,Fiber optic,73.2875,0
72,21.0,1493.75,Male,0,Yes,Yes,Yes,No,No,20.46232876712329,0
19,56.2,1093.4,Female,0,No,No,Yes,No,DSL,54.67,0
59,18.4,1057.85,Female,0,Yes,No,Yes,No,No,17.63083333333333,0
2,90.0,190.05,Male,0,Yes,Yes,Yes,No,Fiber optic,63.35,1
35,25.75,882.55,Female,0,Yes,Yes,Yes,Yes,No,24.515277777777776,0
14,19.6,300.4,Male,0,No,No,Yes,No,No,20.026666666666664,0
14,75.35,1025.95,Female,0,No,No,Yes,No,Fiber optic,68.39666666666668,1
69,19.8,1436.95,Female,0,Yes,Yes,Yes,No,No,20.527857142857144,0
7,64.2,475.0,Male,1,Yes,No,Yes,Yes,DSL,59.375,0
69,75.75,5388.15,Male,0,Yes,Yes,Yes,No,DSL,76.97357142857142,0
72,78.95,5730.15,Female,0,Yes,Yes,Yes,Yes,DSL,78.49520547945205,0
8,100.85,819.55,Male,0,No,No,Yes,Yes,Fiber optic,91.0611111111111,1
4,50.3,217.1,Female,0,Yes,Yes,Yes,No,DSL,43.42,0
63,80.3,4896.35,Male,0,Yes,Yes,Yes,No,Fiber optic,76.50546875,0
72,19.85,1434.1,Male,0,No,No,Yes,No,No,19.645205479452052,0
46,21.1,937.1,Female,0,No,No,Yes,No,No,19.938297872340424,0
5,69.95,330.15,Female,0,Yes,No,Yes,No,Fiber optic,55.025,1
30,50.0,1474.9,Male,0,Yes,No,Yes,No,DSL,47.57741935483871,0
63,104.75,6536.5,Male,0,No,No,Yes,Yes,Fiber optic,102.1328125,0
60,19.85,1128.1,Female,0,No,No,Yes,No,No,18.49344262295082,0
63,107.5,6873.75,Female,0,Yes,No,Yes,Yes,Fiber optic,107.40234375,1
25,85.9,2199.05,Male,0,Yes,Yes,Yes,No,Fiber optic,84.57884615384616,0
1,45.85,45.85,Male,0,No,No,Yes,No,DSL,22.925,1
6,80.8,457.1,Male,1,Yes,No,Yes,Yes,Fiber optic,65.3,0
22,25.25,566.5,Male,0,No,No,Yes,Yes,No,24.630434782608695,0
31,80.55,2471.6,Female,0,Yes,Yes,Yes,Yes,DSL,77.2375,0
39,81.5,3107.3,Female,0,Yes,Yes,Yes,No,Fiber optic,77.6825,0
26,20.9,518.3,Male,0,No,No,Yes,No,No,19.196296296296296,0
53,106.1,5769.75,Female,0,Yes,No,Yes,No,Fiber optic,106.84722222222223,1
1,91.7,91.7,Female,0,No,No,Yes,No,Fiber optic,45.85,1
12,67.25,832.3,Male,0,No,No,Yes,Yes,DSL,64.02307692307691,0
16,95.6,1555.65,Female,0,No,No,Yes,Yes,Fiber optic,91.50882352941177,1
2,20.35,45.3,Female,0,No,No,Yes,No,No,15.1,0
39,45.05,1790.6,Male,0,No,Yes,No,No phone service,DSL,44.765,0
1,74.95,74.95,Male,0,No,No,Yes,Yes,Fiber optic,37.475,1
7,34.65,246.6,Female,0,Yes,Yes,No,No phone service,DSL,30.825,0
4,69.35,261.65,Male,1,No,No,Yes,No,Fiber optic,52.33,0
10,95.35,898.35,Male,1,No,No,Yes,Yes,Fiber optic,81.66818181818182,1
55,81.55,4509.5,Female,0,No,No,Yes,No,Fiber optic,80.52678571428571,0
72,75.4,5480.25,Male,0,Yes,Yes,Yes,No,DSL,75.07191780821918,0
10,67.8,653.15,Female,0,Yes,No,Yes,No,DSL,59.377272727272725,0
11,111.4,1183.05,Male,1,No,No,Yes,Yes,Fiber optic,98.58749999999999,0
15,46.3,639.45,Female,0,Yes,Yes,Yes,No,DSL,39.965625,0
23,20.4,478.75,Female,0,Yes,Yes,Yes,No,No,19.947916666666668,0
1,20.05,20.05,Male,0,No,Yes,Yes,No,No,10.025,0
3,45.0,127.1,Female,1,No,No,Yes,No,DSL,31.775,1
47,96.1,4391.45,Male,0,Yes,Yes,Yes,No,Fiber optic,91.48854166666666,0
15,19.65,270.6,Female,0,No,Yes,Yes,No,No,16.9125,0
66,99.5,6710.5,Male,0,No,No,Yes,No,Fiber optic,100.15671641791045,1
68,60.65,3975.9,Female,1,Yes,No,Yes,No,DSL,57.62173913043478,0
17,98.6,1704.95,Female,0,Yes,Yes,Yes,No,Fiber optic,94.71944444444445,1
7,59.5,415.95,Female,0,No,No,Yes,No,DSL,51.99375,1
12,80.45,950.2,Male,1,Yes,No,Yes,No,Fiber optic,73.0923076923077,1
21,71.7,1497.05,Female,1,Yes,No,Yes,Yes,DSL,68.04772727272727,0
21,36.0,780.15,Male,0,No,No,No,No phone service,DSL,35.461363636363636,0
56,65.2,3512.15,Female,0,Yes,Yes,Yes,Yes,DSL,61.61666666666667,0
6,48.95,273.25,Female,0,Yes,Yes,Yes,Yes,DSL,39.035714285714285,0
65,53.5,3517.9,Female,1,No,No,No,No phone service,DSL,53.301515151515154,0
42,80.45,3375.9,Male,0,Yes,No,Yes,Yes,DSL,78.5093023255814,0
68,109.05,7508.55,Female,0,Yes,Yes,Yes,Yes,Fiber optic,108.8195652173913,0
48,26.3,1245.05,Male,0,Yes,Yes,Yes,Yes,No,25.409183673469386,0
50,106.8,5347.95,Female,1,No,No,Yes,Yes,Fiber optic,104.86176470588235,0
7,64.95,493.65,Female,1,No,No,Yes,No,DSL,61.70625,0
63,19.35,1263.85,Female,0,Yes,Yes,Yes,No,No,19.74765625,0
17,21.1,385.55,Male,0,No,No,Yes,No,No,21.419444444444444,0
42,77.95,3384.0,Female,0,Yes,Yes,Yes,No,Fiber optic,78.69767441860465,1
4,18.85,84.2,Male,0,Yes,Yes,Yes,No,No,16.84,0
62,26.0,1638.7,Female,0,No,Yes,Yes,Yes,No,26.011111111111113,0
2,74.7,165.4,Male,1,No,No,Yes,No,Fiber optic,55.13333333333333,1
2,70.35,120.25,Female,0,Yes,No,Yes,No,Fiber optic,40.083333333333336,0
48,96.9,4473.45,Male,0,Yes,No,Yes,Yes,Fiber optic,91.29489795918367,0
27,19.55,520.55,Male,0,Yes,No,Yes,No,No,18.59107142857143,0
70,80.4,5717.85,Female,0,Yes,Yes,Yes,No,DSL,80.5330985915493,0
1,88.8,88.8,Male,1,No,No,Yes,Yes,Fiber optic,44.4,1
46,94.65,4312.5,Male,0,Yes,No,Yes,Yes,Fiber optic,91.75531914893617,0
30,90.25,2755.35,Male,0,No,No,Yes,No,Fiber optic,88.88225806451612,1
15,64.65,994.55,Female,0,No,No,Yes,Yes,DSL,62.159375,1
69,95.75,6511.25,Male,0,Yes,Yes,Yes,Yes,Fiber optic,93.01785714285714,0
65,19.55,1218.65,Male,0,No,No,Yes,No,No,18.46439393939394,0
72,104.1,7447.7,Male,1,Yes,Yes,Yes,No,Fiber optic,102.02328767123288,0
13,89.05,1169.35,Male,1,Yes,No,Yes,No,Fiber optic,83.52499999999999,1
17,20.1,279.5,Male,0,No,No,Yes,No,No,15.527777777777779,0
51,111.55,5720.35,Male,0,Yes,No,Yes,Yes,Fiber optic,110.00673076923077,0
51,60.5,3121.45,Male,0,Yes,Yes,Yes,No,DSL,60.027884615384615,0
72,90.95,6468.6,Female,0,Yes,No,Yes,Yes,DSL,88.6109589041096,0
67,87.4,5918.8,Male,0,Yes,Yes,Yes,Yes,Fiber optic,87.04117647058824,1
34,19.7,675.6,Male,0,No,No,Yes,No,No,19.302857142857142,0
67,50.95,3521.7,Male,0,Yes,No,No,No phone service,DSL,51.78970588235294,0
49,20.05,923.1,Female,0,Yes,No,Yes,No,No,18.462,0
53,19.4,1110.35,Male,0,Yes,Yes,Yes,No,No,20.562037037037037,0
27,59.45,1611.65,Male,0,No,No,Yes,Yes,DSL,57.558928571428574,0
23,94.75,2293.6,Female,1,No,No,Yes,No,Fiber optic,95.56666666666666,1
69,81.5,5553.25,Male,0,No,No,Yes,Yes,DSL,79.33214285714286,0
2,29.05,44.75,Female,0,Yes,Yes,No,No phone service,DSL,14.916666666666666,0
35,86.45,3029.1,Female,0,No,No,Yes,Yes,Fiber optic,84.14166666666667,1
46,70.6,3231.05,Female,0,Yes,No,Yes,No,DSL,68.74574468085106,0
54,97.2,5129.45,Female,0,No,No,Yes,Yes,Fiber optic,93.26272727272728,0
56,98.25,5508.35,Female,0,Yes,No,Yes,Yes,Fiber optic,96.63771929824561,1
9,75.75,655.9,Female,0,Yes,No,Yes,No,Fiber optic,65.59,1
20,59.2,1191.2,Male,0,No,No,Yes,Yes,DSL,56.72380952380953,0
11,75.9,866.4,Male,0,No,No,Yes,No,Fiber optic,72.2,0
30,90.05,2627.2,Female,1,Yes,No,Yes,Yes,Fiber optic,84.74838709677418,0
68,70.95,4741.45,Male,0,Yes,No,Yes,No,DSL,68.71666666666667,0
38,102.6,4009.2,Male,1,Yes,No,Yes,Yes,Fiber optic,102.8,0
17,85.35,1463.45,Female,1,Yes,No,Yes,Yes,Fiber optic,81.30277777777778,1
48,106.1,5082.8,Male,0,No,No,Yes,Yes,Fiber optic,103.73061224489797,1
1,43.8,43.8,Female,0,No,No,Yes,No,DSL,21.9,0
63,59.0,3707.6,Male,0,Yes,Yes,No,No phone service,DSL,57.93125,0
3,69.95,220.45,Female,0,No,No,Yes,No,DSL,55.1125,0
48,24.35,1133.7,Female,0,No,No,Yes,Yes,No,23.136734693877553,0
66,29.45,1983.15,Male,0,No,No,No,No phone service,DSL,29.599253731343286,0
68,84.4,5746.75,Female,0,Yes,Yes,Yes,Yes,Fiber optic,83.28623188405797,0
17,45.05,770.6,Male,1,No,No,Yes,No,DSL,42.81111111111111,1
7,20.65,134.05,Female,0,Yes,Yes,Yes,No,No,16.75625,0
72,87.1,6230.1,Male,0,Yes,No,Yes,Yes,DSL,85.34383561643835,0
29,19.85,573.05,Female,0,Yes,No,Yes,No,No,19.101666666666667,0
37,90.35,3419.3,Male,0,Yes,No,Yes,No,Fiber optic,89.98157894736842,0
34,109.8,3587.25,Female,0,No,No,Yes,Yes,Fiber optic,102.49285714285715,1
42,84.65,3541.35,Female,1,No,No,Yes,Yes,Fiber optic,82.35697674418604,1
59,65.5,3801.3,Female,0,Yes,Yes,Yes,Yes,DSL,63.355000000000004,0
11,79.5,868.5,Male,0,Yes,Yes,Yes,No,Fiber optic,72.375,1
60,80.95,4859.1,Male,1,Yes,Yes,Yes,Yes,Fiber optic,79.65737704918034,0
27,56.15,1439.35,Female,0,No,No,Yes,No,DSL,51.40535714285714,0
1,85.8,85.8,Female,0,No,No,Yes,Yes,Fiber optic,42.9,1
1,79.1,79.1,Male,1,No,No,Yes,No,Fiber optic,39.55,1
17,34.4,592.75,Male,0,Yes,No,No,No phone service,DSL,32.93055555555556,0
58,20.75,1185.95,Male,0,Yes,No,Yes,No,No,20.10084745762712,0
1,18.8,18.8,Male,0,Yes,Yes,Yes,No,No,9.4,0
3,44.3,134.5,Female,0,Yes,Yes,Yes,No,DSL,33.625,1
53,90.8,4921.2,Female,0,No,No,Yes,Yes,Fiber optic,91.13333333333333,0
35,25.6,901.25,Male,0,No,No,Yes,Yes,No,25.03472222222222,0
50,105.95,5341.8,Male,0,Yes,Yes,Yes,Yes,Fiber optic,104.74117647058824,1
68,70.8,4859.95,Male,0,Yes,Yes,Yes,Yes,DSL,70.4340579710145,0
47,25.4,1139.2,Male,0,Yes,No,Yes,Yes,No,23.733333333333334,0
65,108.8,7082.45,Female,1,Yes,No,Yes,Yes,Fiber optic,107.30984848484849,0
5,69.75,324.6,Male,0,No,No,Yes,No,Fiber optic,54.1,1
51,94.65,4812.75,Male,0,Yes,No,Yes,Yes,Fiber optic,92.55288461538461,1
46,96.05,4399.5,Female,0,No,No,Yes,Yes,Fiber optic,93.6063829787234,1
9,76.85,663.55,Female,0,No,No,Yes,Yes,Fiber optic,66.35499999999999,0
8,20.25,174.65,Female,0,No,No,Yes,No,No,19.405555555555555,0
14,24.8,321.7,Male,0,No,No,Yes,Yes,No,21.446666666666665,0
45,115.65,5125.5,Female,0,No,No,Yes,Yes,Fiber optic,111.42391304347827,0
8,74.6,548.9,Female,0,No,No,Yes,Yes,Fiber optic,60.98888888888889,0
1,50.15,50.15,Male,1,No,Yes,Yes,No,DSL,25.075,1
66,103.15,7031.3,Male,0,Yes,Yes,Yes,No,Fiber optic,104.94477611940299,0
72,72.1,5016.65,Male,0,Yes,Yes,Yes,Yes,DSL,68.72123287671232,0
41,113.6,4594.95,Female,0,Yes,No,Yes,Yes,Fiber optic,109.40357142857142,1
23,25.1,611.45,Female,0,Yes,Yes,Yes,Yes,No,25.477083333333336,0
29,78.9,2384.15,Female,0,No,No,Yes,No,Fiber optic,79.47166666666666,1
4,80.15,319.85,Female,0,No,No,Yes,Yes,Fiber optic,63.970000000000006,0
6,25.4,153.3,Male,0,Yes,Yes,Yes,Yes,No,21.900000000000002,0
67,105.4,7035.6,Female,1,Yes,No,Yes,Yes,Fiber optic,103.46470588235294,0
7,45.75,344.2,Male,1,No,Yes,Yes,No,DSL,43.025,0
56,24.45,1431.65,Male,0,Yes,Yes,Yes,Yes,No,25.116666666666667,0
72,25.0,1849.2,Female,0,Yes,No,Yes,Yes,No,25.33150684931507,0
72,85.25,6083.1,Male,0,Yes,No,Yes,Yes,DSL,83.33013698630137,0
23,19.6,426.65,Male,0,Yes,Yes,Yes,No,No,17.777083333333334,0
35,50.15,1655.35,Female,0,No,Yes,Yes,Yes,DSL,45.981944444444444,0
27,70.55,1943.9,Male,1,Yes,No,Yes,No,Fiber optic,69.425,0
26,60.05,1616.15,Female,0,Yes,Yes,Yes,Yes,DSL,59.85740740740741,1
12,26.4,314.95,Male,0,Yes,Yes,Yes,Yes,No,24.226923076923075,0
40,20.15,804.85,Female,0,No,No,Yes,No,No,19.63048780487805,0
7,58.85,465.7,Male,0,Yes,Yes,No,No phone service,DSL,58.2125,0
70,97.55,6669.05,Male,0,Yes,Yes,Yes,Yes,Fiber optic,93.93028169014084,0
60,19.65,1161.75,Male,0,Yes,Yes,Yes,No,No,19.045081967213115,0
39,25.25,947.75,Male,0,Yes,Yes,No,No phone service,DSL,23.69375,0
72,114.45,8375.05,Male,0,Yes,No,Yes,Yes,Fiber optic,114.7267123287671,0
1,34.7,34.7,Female,0,No,No,No,No phone service,DSL,17.35,1
54,70.7,3770.0,Male,0,Yes,Yes,Yes,Yes,DSL,68.54545454545455,0
3,85.3,264.8,Male,0,No,No,Yes,Yes,Fiber optic,66.2,1
63,75.55,4707.85,Female,0,Yes,Yes,Yes,No,DSL,73.56015625,0
71,84.8,6152.4,Male,0,Yes,Yes,Yes,Yes,Fiber optic,85.44999999999999,0
42,20.65,958.1,Female,0,No,No,Yes,No,No,22.28139534883721,0
47,20.45,943.0,Male,0,No,No,Yes,No,No,19.645833333333332,0
66,102.45,6615.15,Female,0,Yes,Yes,Yes,Yes,Fiber optic,98.73358208955223,1
21,104.4,2200.25,Female,0,Yes,No,Yes,Yes,Fiber optic,100.01136363636364,1
11,35.65,425.1,Male,0,No,No,No,No phone service,DSL,35.425000000000004,0
1,99.75,99.75,Male,0,No,Yes,Yes,Yes,Fiber optic,49.875,1
55,90.45,5044.8,Female,1,Yes,No,Yes,Yes,Fiber optic,90.08571428571429,0
69,97.65,6743.55,Male,0,No,No,Yes,Yes,Fiber optic,96.33642857142857,0
3,73.85,196.4,Female,1,No,No,Yes,No,Fiber optic,49.1,0
4,74.4,299.7,Male,0,No,No,Yes,No,DSL,59.94,1
30,69.1,2093.9,Male,1,No,No,Yes,Yes,DSL,67.54516129032258,0
5,82.75,417.75,Female,0,No,No,Yes,Yes,Fiber optic,69.625,0
71,24.4,1725.4,Female,0,Yes,No,Yes,Yes,No,23.96388888888889,0
29,55.25,1620.2,Female,0,No,No,Yes,Yes,DSL,54.00666666666667,0
52,61.35,3169.55,Male,0,Yes,No,Yes,Yes,DSL,59.80283018867925,0
68,76.75,5233.25,Male,0,No,No,Yes,Yes,DSL,75.84420289855072,0
46,19.4,967.85,Female,0,Yes,Yes,Yes,No,No,20.592553191489362,0
8,54.75,438.05,Male,0,No,No,Yes,No,DSL,48.672222222222224,0
72,19.7,1421.9,Male,0,Yes,No,Yes,No,No,19.478082191780825,0
17,19.9,323.15,Female,0,No,No,Yes,No,No,17.952777777777776,0
3,107.95,318.6,Male,0,No,No,Yes,No,Fiber optic,79.65,0
2,83.8,163.7,Female,1,No,No,Yes,No,Fiber optic,54.56666666666666,0
9,74.25,639.65,Female,0,No,No,Yes,No,Fiber optic,63.964999999999996,1
51,56.4,2928.5,Female,0,No,No,No,No phone service,DSL,56.31730769230769,0
6,20.1,100.35,Female,0,Yes,Yes,Yes,No,No,14.335714285714285,0
3,94.9,273.2,Female,0,Yes,No,Yes,Yes,Fiber optic,68.3,0
17,94.2,1608.15,Female,1,No,No,Yes,Yes,Fiber optic,89.34166666666667,0
30,49.9,1441.95,Male,0,Yes,No,Yes,Yes,DSL,46.51451612903226,0
31,71.05,2168.15,Male,0,No,No,Yes,Yes,DSL,67.7546875,0
45,81.65,3618.7,Female,0,No,No,Yes,No,DSL,78.66739130434782,0
64,89.45,5692.65,Male,0,Yes,No,Yes,Yes,Fiber optic,87.57923076923076,0
1,59.85,59.85,Male,0,No,No,Yes,Yes,DSL,29.925,1
1,69.6,69.6,Female,1,No,No,Yes,No,Fiber optic,34.8,1
61,99.0,5969.3,Male,1,Yes,Yes,Yes,Yes,Fiber optic,96.27903225806452,0
1,19.05,19.05,Male,0,No,No,Yes,No,No,9.525,0
9,45.4,418.8,Male,0,No,No,No,No phone service,DSL,41.88,1
72,114.45,8100.55,Male,0,Yes,Yes,Yes,Yes,Fiber optic,110.96643835616439,0
1,19.5,19.5,Female,0,No,No,Yes,No,No,9.75,1
7,44.25,313.45,Female,0,Yes,No,Yes,No,DSL,39.18125,0
66,90.55,6130.95,Female,0,Yes,No,Yes,Yes,Fiber optic,91.50671641791044,0
1,69.9,69.9,Male,0,No,No,Yes,No,Fiber optic,34.95,1
40,20.4,745.3,Male,0,Yes,Yes,Yes,No,No,18.178048780487803,0
16,71.4,1212.1,Male,0,No,No,Yes,Yes,DSL,71.3,0
2,87.15,183.75,Female,0,No,No,Yes,No,Fiber optic,61.25,1
67,24.85,1583.5,Male,0,Yes,No,Yes,Yes,No,23.28676470588235,0
41,104.45,4162.05,Female,0,Yes,No,Yes,No,Fiber optic,99.09642857142858,0
56,19.8,1119.9,Female,0,Yes,Yes,Yes,No,No,19.647368421052633,0
72,116.45,8013.55,Female,0,No,No,Yes,Yes,Fiber optic,109.77465753424657,0
3,84.75,264.85,Female,0,Yes,Yes,Yes,Yes,Fiber optic,66.2125,1
54,20.05,1102.4,Female,0,Yes,No,Yes,No,No,20.043636363636367,0
52,110.75,5832.0,Male,1,No,No,Yes,Yes,Fiber optic,110.0377358490566,0
50,89.7,4304.5,Female,0,No,No,Yes,No,Fiber optic,84.40196078431373,0
14,89.95,1178.4,Male,0,No,No,Yes,Yes,Fiber optic,78.56,1
27,48.7,1421.75,Male,0,Yes,No,Yes,No,DSL,50.776785714285715,0
72,96.6,6827.5,Female,1,Yes,No,Yes,Yes,Fiber optic,93.52739726027397,0
62,74.3,4698.05,Male,0,No,No,Yes,No,DSL,74.57222222222222,0
12,54.3,654.5,Female,0,No,No,Yes,No,DSL,50.34615384615385,0
44,74.85,3268.05,Female,1,No,No,Yes,No,DSL,72.62333333333333,0
54,79.95,4362.05,Male,0,Yes,Yes,Yes,No,Fiber optic,79.31,0
68,20.05,1386.9,Female,0,No,No,Yes,No,No,20.1,0
20,19.4,415.4,Male,0,No,No,Yes,No,No,19.780952380952378,0
50,54.9,2614.1,Male,0,Yes,Yes,Yes,Yes,DSL,51.25686274509804,0
58,24.45,1513.6,Male,0,No,No,Yes,Yes,No,25.65423728813559,0
35,89.65,3161.6,Male,0,Yes,Yes,Yes,Yes,Fiber optic,87.82222222222222,0
2,45.4,80.95,Female,0,No,No,Yes,No,DSL,26.983333333333334,0
63,75.7,4676.7,Male,0,Yes,Yes,Yes,Yes,DSL,73.0734375,0
58,110.65,6526.65,Female,0,Yes,No,Yes,Yes,Fiber optic,110.62118644067796,0
27,20.55,583.3,Female,0,Yes,Yes,Yes,No,No,20.832142857142856,0
71,115.15,8078.1,Female,0,Yes,No,Yes,Yes,Fiber optic,112.19583333333334,0
63,58.55,3503.5,Female,0,No,No,Yes,No,DSL,54.7421875,0
71,93.25,6669.45,Male,0,Yes,No,Yes,Yes,Fiber optic,92.63125,0
41,113.2,4689.5,Female,1,No,No,Yes,Yes,Fiber optic,111.6547619047619,1
13,90.5,1201.15,Male,1,No,No,Yes,No,Fiber optic,85.79642857142858,1
2,79.0,143.65,Male,0,No,No,Yes,No,Fiber optic,47.88333333333333,1
68,19.35,1292.65,Female,0,Yes,Yes,Yes,No,No,18.734057971014494,0
1,48.75,48.75,Male,0,Yes,Yes,Yes,No,DSL,24.375,0
65,109.05,7108.2,Male,1,No,No,Yes,Yes,Fiber optic,107.7,0
72,25.0,1802.55,Male,1,Yes,No,Yes,Yes,No,24.692465753424656,0
28,54.9,1505.15,Female,0,No,No,Yes,Yes,DSL,51.90172413793104,0
72,24.75,1859.1,Male,0,Yes,Yes,Yes,Yes,No,25.46712328767123,0
2,91.15,168.5,Female,0,No,No,Yes,No,Fiber optic,56.166666666666664,0
18,20.15,390.85,Female,0,No,Yes,Yes,No,No,20.571052631578947,1
60,104.35,6339.45,Male,1,Yes,No,Yes,Yes,Fiber optic,103.92540983606557,0
26,66.05,1652.4,Female,1,No,No,Yes,Yes,DSL,61.2,0
1,71.65,71.65,Male,0,No,Yes,Yes,No,Fiber optic,35.825,1
4,20.35,77.5,Female,0,No,No,Yes,No,No,15.5,1
68,92.2,6392.85,Male,0,Yes,Yes,Yes,Yes,DSL,92.65,0
38,84.25,3264.5,Female,0,No,No,Yes,No,Fiber optic,83.7051282051282,1
42,105.2,4599.15,Female,1,Yes,No,Yes,Yes,Fiber optic,106.95697674418604,0
57,19.6,1134.25,Female,0,Yes,No,Yes,No,No,19.55603448275862,0
54,30.4,1621.35,Male,0,Yes,No,No,No phone service,DSL,29.479090909090907,0
12,78.1,947.3,Female,0,No,No,Yes,No,Fiber optic,72.86923076923077,1
44,61.5,2722.2,Female,0,Yes,No,Yes,No,DSL,60.49333333333333,0
42,69.4,3058.3,Male,0,Yes,Yes,Yes,Yes,DSL,71.12325581395349,0
72,24.75,1769.6,Male,0,Yes,Yes,Yes,Yes,No,24.241095890410957,0
71,91.05,6293.75,Female,0,Yes,Yes,Yes,Yes,DSL,87.41319444444444,0
19,89.65,1761.05,Female,0,Yes,No,Yes,Yes,Fiber optic,88.0525,1
23,73.65,1642.75,Female,0,Yes,No,Yes,Yes,DSL,68.44791666666667,0
30,19.4,578.5,Female,0,No,No,Yes,No,No,18.661290322580644,0
35,26.2,954.9,Male,0,No,No,Yes,Yes,No,26.525,0
10,98.7,973.25,Female,0,No,No,Yes,Yes,Fiber optic,88.47727272727273,1
1,43.85,43.85,Male,0,No,No,Yes,No,DSL,21.925,0
22,69.7,1490.4,Male,0,No,No,Yes,No,Fiber optic,64.8,0
7,38.55,280.0,Male,0,Yes,Yes,No,No phone service,DSL,35.0,0
36,53.1,1901.25,Female,0,No,No,No,No phone service,DSL,51.38513513513514,0
34,20.65,716.4,Female,0,Yes,Yes,Yes,No,No,20.468571428571426,0
72,64.45,4720.0,Male,0,Yes,Yes,Yes,Yes,DSL,64.65753424657534,0
36,25.1,930.95,Male,0,Yes,Yes,Yes,Yes,No,25.160810810810812,0
1,76.35,76.35,Female,0,No,No,Yes,No,Fiber optic,38.175,1
23,79.15,1676.95,Female,0,No,No,Yes,Yes,Fiber optic,69.87291666666667,1
32,85.0,2642.05,Male,1,Yes,No,Yes,Yes,Fiber optic,80.06212121212121,1
71,95.15,6770.85,Female,0,Yes,Yes,Yes,Yes,Fiber optic,94.03958333333334,0
23,79.35,1835.3,Female,1,No,No,Yes,Yes,Fiber optic,76.47083333333333,0
17,96.65,1588.25,Male,0,Yes,No,Yes,No,Fiber optic,88.23611111111111,0
1,75.5,75.5,Male,0,No,No,Yes,No,DSL,37.75,0
12,19.7,258.35,Male,0,Yes,Yes,Yes,No,No,19.873076923076926,0
72,20.5,1502.25,Female,0,Yes,No,Yes,No,No,20.578767123287673,0
1,19.2,19.2,Male,0,No,No,Yes,No,No,9.6,0
72,98.35,6929.4,Male,1,Yes,No,Yes,Yes,Fiber optic,94.92328767123287,0
60,74.35,4453.3,Male,0,Yes,Yes,Yes,Yes,Fiber optic,73.00491803278689,0
61,51.35,3244.4,Female,0,Yes,Yes,No,No phone service,DSL,52.329032258064515,0
6,45.65,323.45,Female,0,Yes,No,Yes,No,DSL,46.207142857142856,0
32,85.3,2661.1,Male,1,Yes,No,Yes,Yes,Fiber optic,80.63939393939394,1
31,86.55,2697.4,Female,0,No,Yes,Yes,Yes,Fiber optic,84.29375,1
19,73.85,1424.5,Male,0,No,No,Yes,No,Fiber optic,71.225,1
72,20.3,1401.15,Male,0,Yes,Yes,Yes,No,No,19.193835616438356,0
32,54.2,1739.6,Female,0,No,No,Yes,Yes,DSL,52.71515151515151,0
65,90.65,5931.0,Male,0,Yes,No,Yes,Yes,Fiber optic,89.86363636363636,0
45,50.9,2333.85,Female,0,Yes,Yes,No,No phone service,DSL,50.73586956521739,0
42,25.05,949.85,Male,0,No,No,Yes,Yes,No,22.08953488372093,0
8,74.85,572.45,Male,0,No,No,Yes,Yes,Fiber optic,63.60555555555556,0
32,20.5,696.8,Male,0,No,Yes,Yes,No,No,21.115151515151513,0
22,63.55,1381.8,Female,1,Yes,No,Yes,Yes,DSL,60.07826086956521,0
57,44.85,2572.95,Male,1,Yes,No,No,No phone service,DSL,44.36120689655172,1
1,47.95,47.95,Male,0,No,No,Yes,No,DSL,23.975,0
1,45.1,45.1,Male,1,No,No,Yes,No,DSL,22.55,1
1,45.0,45.0,Female,0,Yes,No,Yes,No,DSL,22.5,0
24,96.0,2122.45,Male,0,No,No,Yes,No,Fiber optic,84.898,1
1,20.05,20.05,Male,0,No,No,Yes,No,No,10.025,1
54,90.05,4931.8,Male,1,No,No,Yes,Yes,Fiber optic,89.66909090909091,0
4,25.3,116.95,Female,0,No,No,Yes,Yes,No,23.39,0
65,108.65,6937.95,Male,0,Yes,Yes,Yes,Yes,Fiber optic,105.12045454545455,1
56,24.3,1261.7,Female,0,Yes,No,Yes,Yes,No,22.135087719298248,0
45,75.95,3273.8,Male,0,No,No,Yes,No,DSL,71.16956521739131,0
71,19.7,1415.85,Female,0,Yes,Yes,Yes,No,No,19.664583333333333,0
59,66.4,3958.2,Male,0,Yes,No,Yes,No,DSL,65.97,0
69,35.75,2492.25,Male,0,No,No,No,No phone service,DSL,35.60357142857143,0
19,18.8,279.2,Male,0,No,No,Yes,No,No,13.959999999999999,0
55,19.4,1083.0,Female,0,Yes,Yes,Yes,No,No,19.339285714285715,0
38,19.3,755.5,Female,0,No,No,Yes,No,No,19.371794871794872,0
10,45.55,402.6,Male,0,No,No,Yes,No,DSL,36.6,1
47,67.45,3252.0,Female,1,Yes,No,Yes,Yes,DSL,67.75,0
2,35.1,68.75,Female,0,Yes,No,No,No phone service,DSL,22.916666666666668,1
1,46.2,46.2,Male,0,No,No,Yes,No,DSL,23.1,1
1,45.15,45.15,Female,0,No,No,Yes,No,DSL,22.575,1
1,43.3,43.3,Male,1,No,No,No,No phone service,DSL,21.65,1
46,20.1,936.85,Male,0,Yes,Yes,Yes,No,No,19.932978723404254,0
38,57.15,2250.65,Female,1,No,No,Yes,No,DSL,57.70897435897436,1
65,58.9,3857.1,Female,0,Yes,No,Yes,No,DSL,58.44090909090909,0
19,73.2,1441.1,Female,0,Yes,No,Yes,No,Fiber optic,72.05499999999999,1
52,85.35,4338.6,Male,0,No,No,Yes,No,Fiber optic,81.86037735849057,1
71,19.45,1378.45,Male,0,Yes,Yes,Yes,No,No,19.14513888888889,0
1,45.95,45.95,Female,0,No,No,Yes,No,DSL,22.975,1
52,50.5,2566.3,Female,1,No,No,No,No phone service,DSL,48.420754716981136,0
6,25.1,171.0,Male,0,Yes,No,Yes,Yes,No,24.428571428571427,0
26,60.7,1597.4,Female,1,Yes,No,Yes,No,DSL,59.162962962962965,0
48,99.0,4744.35,Male,1,No,No,Yes,Yes,Fiber optic,96.82346938775511,0
64,104.4,6721.6,Female,0,Yes,Yes,Yes,Yes,Fiber optic,103.40923076923077,0
3,83.75,247.25,Female,0,No,No,Yes,No,Fiber optic,61.8125,1
1,44.05,44.05,Male,0,No,No,Yes,No,DSL,22.025,0
72,24.1,1734.65,Male,0,Yes,Yes,Yes,Yes,No,23.76232876712329,0
1,45.55,45.55,Male,0,No,No,Yes,No,DSL,22.775,0
51,93.8,4539.35,Female,0,Yes,Yes,Yes,Yes,Fiber optic,87.29519230769232,0
41,19.7,804.25,Female,0,Yes,Yes,Yes,No,No,19.148809523809526,0
72,70.65,5011.15,Female,0,Yes,Yes,Yes,No,DSL,68.6458904109589,0
43,86.45,3574.5,Female,0,Yes,No,Yes,Yes,DSL,81.23863636363636,0
72,114.1,8086.4,Male,0,Yes,No,Yes,Yes,Fiber optic,110.77260273972603,0
47,95.2,4563.0,Male,0,Yes,No,Yes,Yes,Fiber optic,95.0625,0
72,88.55,6362.35,Male,0,No,No,Yes,Yes,DSL,87.1554794520548,0
3,20.75,67.1,Male,0,No,No,Yes,No,No,16.775,0
1,70.05,70.05,Male,0,No,No,Yes,No,Fiber optic,35.025,1
2,86.0,165.45,Male,0,No,No,Yes,Yes,Fiber optic,55.15,1
26,44.65,1156.55,Male,0,No,No,No,No phone service,DSL,42.83518518518518,0
29,60.2,1834.15,Male,0,Yes,Yes,Yes,No,DSL,61.138333333333335,0
35,100.5,3653.35,Female,1,Yes,No,Yes,Yes,Fiber optic,101.48194444444444,1
27,55.45,1477.65,Male,0,No,No,Yes,No,DSL,52.77321428571429,0
24,70.3,1706.45,Male,0,Yes,Yes,Yes,No,DSL,68.258,0
67,60.4,3953.7,Male,0,Yes,Yes,Yes,No,DSL,58.14264705882353,0
16,72.65,1194.3,Female,0,No,No,Yes,Yes,Fiber optic,70.25294117647059,1
23,55.8,1327.85,Female,0,No,No,Yes,No,DSL,55.32708333333333,0
14,31.1,419.7,Male,0,No,No,No,No phone service,DSL,27.98,0
1,21.0,21.0,Female,0,Yes,Yes,Yes,No,No,10.5,1
1,45.1,45.1,Female,1,No,No,Yes,No,DSL,22.55,1
4,50.95,207.35,Male,1,No,No,No,No phone service,DSL,41.47,0
16,69.1,1083.7,Male,0,No,Yes,Yes,Yes,DSL,63.747058823529414,0
46,43.95,2007.85,Female,0,Yes,No,No,No phone service,DSL,42.72021276595744,0
68,86.5,5882.75,Male,0,No,Yes,Yes,Yes,DSL,85.2572463768116,0
38,69.95,2657.55,Male,0,No,No,Yes,Yes,DSL,68.1423076923077,0
30,50.4,1527.5,Male,1,Yes,No,Yes,No,DSL,49.274193548387096,1
5,78.95,378.4,Female,1,No,No,Yes,No,Fiber optic,63.06666666666666,1
17,90.95,1612.2,Male,0,No,No,Yes,No,Fiber optic,89.56666666666666,0
4,19.9,76.65,Male,0,Yes,Yes,Yes,No,No,15.330000000000002,0
12,20.15,260.7,Female,0,No,No,Yes,No,No,20.053846153846152,0
72,90.6,6441.85,Male,0,Yes,Yes,Yes,Yes,DSL,88.24452054794521,0
3,92.0,266.8,Male,0,No,No,Yes,No,Fiber optic,66.7,0
56,94.45,5124.6,Male,0,No,No,Yes,Yes,Fiber optic,89.90526315789474,1
41,24.85,962.25,Female,0,No,No,Yes,Yes,No,22.910714285714285,0
40,36.0,1382.9,Male,0,No,No,No,No phone service,DSL,33.72926829268293,0
7,78.5,571.05,Female,0,No,No,Yes,No,DSL,71.38125,0
69,19.95,1399.35,Male,0,No,No,Yes,No,No,19.990714285714283,0
7,20.65,150.0,Male,0,Yes,Yes,Yes,No,No,18.75,0
5,30.5,167.2,Female,0,Yes,Yes,No,No phone service,DSL,27.866666666666664,0
72,106.1,7657.4,Female,0,Yes,Yes,Yes,Yes,Fiber optic,104.8958904109589,0
44,20.5,865.05,Male,0,Yes,Yes,Yes,No,No,19.223333333333333,0
65,95.5,6153.85,Female,0,No,No,Yes,Yes,Fiber optic,93.24015151515152,0
3,64.6,174.2,Female,0,No,No,Yes,Yes,DSL,43.55,0
24,51.1,1269.6,Male,0,No,No,Yes,No,DSL,50.784,0
44,84.8,3862.55,Female,0,No,No,Yes,Yes,Fiber optic,85.83444444444444,1
72,89.1,6352.4,Female,1,Yes,No,Yes,Yes,DSL,87.01917808219177,0
24,54.95,1348.5,Male,0,No,No,Yes,No,DSL,53.94,0
1,50.9,50.9,Male,0,No,No,Yes,No,DSL,25.45,1
22,20.45,471.55,Male,0,Yes,No,Yes,No,No,20.502173913043478,0
70,85.95,5931.75,Male,0,Yes,Yes,Yes,Yes,DSL,83.54577464788733,0
25,60.35,1404.65,Male,0,Yes,Yes,Yes,Yes,DSL,54.025000000000006,0
37,19.8,726.1,Male,0,Yes,Yes,Yes,No,No,19.107894736842105,0
22,85.35,1961.6,Female,1,Yes,Yes,Yes,Yes,Fiber optic,85.28695652173913,0
59,72.1,4194.85,Female,0,Yes,Yes,Yes,Yes,DSL,69.91416666666667,0
49,99.8,4872.45,Male,0,Yes,Yes,Yes,Yes,Fiber optic,97.449,1
47,107.35,5118.95,Male,0,Yes,Yes,Yes,Yes,Fiber optic,106.64479166666666,1
31,19.55,658.95,Female,0,Yes,Yes,Yes,No,No,20.5921875,1
1,81.05,81.05,Male,0,Yes,Yes,Yes,No,Fiber optic,40.525,0
3,20.5,76.95,Male,0,No,No,Yes,No,No,19.2375,0
53,111.8,5809.75,Female,0,Yes,No,Yes,Yes,Fiber optic,107.58796296296296,0
1,20.2,20.2,Male,0,No,No,Yes,No,No,10.1,0
20,19.7,415.9,Male,0,No,No,Yes,No,No,19.804761904761904,0
3,79.1,246.5,Female,0,No,No,Yes,No,Fiber optic,61.625,1
51,19.85,996.95,Female,0,No,No,Yes,No,No,19.172115384615385,0
51,60.5,3145.15,Female,0,Yes,No,Yes,No,DSL,60.48365384615385,0
13,19.55,265.3,Female,0,Yes,Yes,Yes,No,No,18.95,0
1,20.9,20.9,Female,0,No,No,Yes,No,No,10.45,0
1,21.05,21.05,Male,0,No,Yes,Yes,No,No,10.525,0
63,71.5,4576.3,Male,0,No,No,Yes,Yes,DSL,71.5046875,0
3,54.65,189.1,Male,0,No,No,Yes,No,DSL,47.275,0
46,19.2,908.15,Male,0,No,No,Yes,No,No,19.322340425531916,0
1,49.8,49.8,Male,0,No,No,Yes,Yes,DSL,24.9,0
8,25.5,215.2,Male,0,No,Yes,No,No phone service,DSL,23.91111111111111,1
71,20.5,1500.95,Female,0,Yes,Yes,Yes,No,No,20.84652777777778,0
55,90.4,5099.15,Male,0,Yes,Yes,Yes,Yes,Fiber optic,91.05624999999999,0
70,90.25,6385.95,Female,0,No,No,Yes,Yes,Fiber optic,89.94295774647887,0
2,80.75,159.45,Female,0,No,No,Yes,No,Fiber optic,53.15,1
67,104.6,6885.75,Male,0,Yes,Yes,Yes,Yes,Fiber optic,101.26102941176471,0
65,91.85,5940.85,Male,0,Yes,No,Yes,Yes,Fiber optic,90.01287878787879,1
14,50.2,668.85,Male,0,Yes,No,Yes,No,DSL,44.59,0
20,95.5,1916.2,Female,0,Yes,Yes,Yes,Yes,Fiber optic,91.24761904761905,0
1,75.35,75.35,Male,0,No,Yes,Yes,No,Fiber optic,37.675,1
1,75.45,75.45,Male,0,No,No,Yes,Yes,Fiber optic,37.725,1
49,95.4,4613.95,Female,0,Yes,Yes,Yes,Yes,Fiber optic,92.279,0
72,101.3,7261.25,Female,0,No,No,Yes,Yes,Fiber optic,99.46917808219177,0
46,53.1,2459.8,Female,0,Yes,No,Yes,Yes,DSL,52.336170212765964,0
24,84.85,2048.8,Male,0,No,No,Yes,Yes,Fiber optic,81.95200000000001,0
5,34.25,163.55,Female,0,Yes,Yes,No,No phone service,DSL,27.258333333333336,0
33,88.6,2888.7,Female,0,Yes,Yes,Yes,Yes,Fiber optic,84.96176470588235,0
42,60.15,2421.6,Female,0,No,No,Yes,Yes,DSL,56.31627906976744,0
23,99.95,2292.75,Male,0,No,No,Yes,No,Fiber optic,95.53125,0
8,70.7,553.4,Male,0,No,No,Yes,No,Fiber optic,61.48888888888889,0
66,54.8,3465.7,Male,0,No,No,Yes,No,DSL,51.72686567164179,0
24,49.55,1210.4,Male,0,No,No,Yes,No,DSL,48.416000000000004,1
24,54.8,1291.3,Male,1,No,No,Yes,Yes,DSL,51.652,0
69,78.6,5356.45,Male,0,No,No,Yes,Yes,DSL,76.52071428571428,1
53,100.3,5200.8,Female,0,No,No,Yes,No,Fiber optic,96.31111111111112,0
60,53.6,3237.05,Female,0,No,No,No,No phone service,DSL,53.06639344262295,0
7,81.1,576.65,Female,0,Yes,No,Yes,No,Fiber optic,72.08125,1
20,19.35,433.75,Female,0,No,No,Yes,No,No,20.654761904761905,0
23,85.6,1868.4,Female,0,Yes,Yes,Yes,Yes,Fiber optic,77.85000000000001,0
72,80.8,5728.55,Male,0,Yes,Yes,Yes,No,DSL,78.47328767123288,0
11,74.95,825.7,Male,0,Yes,No,Yes,Yes,Fiber optic,68.80833333333334,1
21,19.6,390.4,Male,0,No,No,Yes,No,No,17.745454545454546,0
1,93.55,93.55,Male,1,No,No,Yes,Yes,Fiber optic,46.775,1
31,90.7,2845.15,Male,1,No,No,Yes,Yes,Fiber optic,88.9109375,0
57,69.75,3894.4,Female,0,No,No,Yes,No,DSL,67.1448275862069,0
45,20.0,886.4,Female,0,Yes,Yes,Yes,No,No,19.269565217391303,0
10,95.25,1021.55,Male,0,No,No,Yes,Yes,Fiber optic,92.86818181818181,0
58,102.1,5885.4,Female,0,Yes,No,Yes,Yes,Fiber optic,99.75254237288135,1
14,19.95,268.4,Male,0,No,Yes,Yes,No,No,17.89333333333333,0
27,80.85,2204.35,Male,0,Yes,No,Yes,Yes,DSL,78.72678571428571,0
14,90.9,1259.0,Female,0,Yes,Yes,Yes,Yes,Fiber optic,83.93333333333334,1
12,29.2,309.1,Female,0,Yes,Yes,No,No phone service,DSL,23.77692307692308,1
69,93.3,6398.05,Female,0,Yes,Yes,Yes,Yes,Fiber optic,91.40071428571429,0
25,89.15,2257.75,Female,0,Yes,Yes,Yes,No,Fiber optic,86.83653846153847,1
58,108.85,6287.25,Male,1,Yes,No,Yes,Yes,Fiber optic,106.5635593220339,1
35,46.35,1662.05,Female,0,Yes,Yes,No,No phone service,DSL,46.168055555555554,0
16,84.75,1350.15,Female,1,No,No,Yes,Yes,Fiber optic,79.42058823529412,1
45,78.75,3600.65,Male,0,Yes,Yes,Yes,Yes,DSL,78.275,0
17,83.55,1329.15,Female,0,No,No,Yes,No,Fiber optic,73.84166666666667,0
1,45.7,45.7,Female,0,Yes,Yes,Yes,No,DSL,22.85,1
22,19.6,422.5,Male,0,No,No,Yes,No,No,18.369565217391305,0
1,69.95,69.95,Female,1,No,No,Yes,No,Fiber optic,34.975,1
67,67.85,4627.65,Male,0,Yes,Yes,Yes,No,DSL,68.05367647058823,0
67,105.65,6717.9,Female,0,Yes,Yes,Yes,Yes,Fiber optic,98.79264705882352,0
2,44.6,97.1,Female,0,Yes,No,No,No phone service,DSL,32.36666666666667,1
23,74.95,1710.45,Male,0,No,No,Yes,Yes,Fiber optic,71.26875,1
9,75.5,637.4,Female,1,No,No,Yes,No,Fiber optic,63.739999999999995,0
5,20.15,117.95,Female,0,No,No,Yes,No,No,19.658333333333335,0
54,45.2,2460.55,Male,0,No,No,No,No phone service,DSL,44.73727272727273,0
57,95.25,5464.65,Female,0,No,No,Yes,No,Fiber optic,94.21810344827585,1
24,89.85,2165.05,Male,0,No,No,Yes,Yes,Fiber optic,86.602,1
49,100.45,4941.8,Female,0,Yes,Yes,Yes,Yes,Fiber optic,98.836,1
5,47.15,223.15,Male,0,No,No,Yes,Yes,DSL,37.19166666666667,1
2,80.2,181.1,Male,0,No,No,Yes,No,Fiber optic,60.36666666666667,1
4,87.1,341.45,Female,0,No,Yes,Yes,Yes,Fiber optic,68.28999999999999,1
70,79.25,5731.85,Male,0,Yes,Yes,Yes,Yes,DSL,80.73028169014086,0
5,75.9,357.75,Male,0,No,No,Yes,Yes,Fiber optic,59.625,1
53,85.7,4616.1,Male,0,Yes,Yes,Yes,Yes,DSL,85.48333333333333,0
47,98.75,4533.7,Female,0,Yes,No,Yes,Yes,Fiber optic,94.45208333333333,1
31,20.1,589.25,Female,0,No,Yes,Yes,No,No,18.4140625,0
13,61.8,750.1,Male,0,Yes,Yes,Yes,No,DSL,53.57857142857143,0
28,49.9,1410.25,Female,0,Yes,Yes,Yes,Yes,DSL,48.62931034482759,0
10,86.45,830.85,Female,0,No,No,Yes,Yes,Fiber optic,75.53181818181818,1
38,20.4,743.5,Male,0,Yes,No,Yes,No,No,19.064102564102566,0
1,45.3,45.3,Female,0,No,No,Yes,No,DSL,22.65,1
67,104.1,7040.85,Male,0,Yes,No,Yes,Yes,Fiber optic,103.54191176470589,1
52,75.4,3865.45,Male,0,Yes,No,Yes,No,DSL,72.93301886792453,0
62,108.15,6825.65,Male,0,Yes,Yes,Yes,No,Fiber optic,108.34365079365078,0
16,86.25,1340.1,Female,0,No,No,Yes,No,Fiber optic,78.82941176470588,0
5,81.0,371.65,Female,1,Yes,No,Yes,Yes,Fiber optic,61.94166666666666,1
12,95.7,1184.0,Male,0,No,No,Yes,No,Fiber optic,91.07692307692308,0
72,116.85,8477.7,Female,0,Yes,Yes,Yes,Yes,Fiber optic,116.13287671232878,0
71,105.75,7382.85,Male,1,No,No,Yes,Yes,Fiber optic,102.53958333333334,0
24,20.15,456.85,Female,0,Yes,No,Yes,No,No,18.274,0
15,19.6,331.6,Female,0,No,No,Yes,No,No,20.725,0
67,90.6,6056.15,Male,0,Yes,No,Yes,No,Fiber optic,89.06102941176471,1
2,60.95,134.6,Male,0,No,Yes,Yes,Yes,DSL,44.86666666666667,0
5,25.05,125.5,Female,0,Yes,Yes,No,No phone service,DSL,20.916666666666668,0
15,88.15,1390.6,Female,0,Yes,No,Yes,No,Fiber optic,86.9125,1
1,20.2,20.2,Male,0,No,No,Yes,No,No,10.1,1
41,60.3,2511.3,Male,0,Yes,Yes,Yes,No,DSL,59.792857142857144,0
43,63.95,2737.05,Female,0,No,Yes,Yes,No,DSL,62.20568181818182,0
1,74.3,74.3,Male,1,Yes,No,Yes,Yes,Fiber optic,37.15,0
1,70.6,70.6,Female,1,No,No,Yes,No,Fiber optic,35.3,0
26,90.8,2361.8,Female,0,Yes,Yes,Yes,No,Fiber optic,87.47407407407408,1
22,79.35,1730.35,Male,0,No,No,Yes,Yes,Fiber optic,75.23260869565217,1
71,90.55,6404.0,Male,0,Yes,No,Yes,Yes,DSL,88.94444444444444,0
7,19.45,165.35,Male,0,No,No,Yes,No,No,20.66875,0
28,64.45,1867.6,Female,1,No,No,Yes,Yes,DSL,64.39999999999999,0
16,69.65,1043.3,Male,1,No,No,Yes,No,Fiber optic,61.370588235294115,0
7,19.5,128.6,Male,0,No,No,Yes,No,No,16.075,0
69,110.5,7455.45,Female,0,No,No,Yes,Yes,Fiber optic,106.50642857142857,0
1,24.7,24.7,Female,0,No,Yes,No,No phone service,DSL,12.35,0
3,77.4,206.15,Male,0,No,No,Yes,No,DSL,51.5375,0
21,96.8,2030.3,Male,1,No,No,Yes,No,Fiber optic,92.28636363636363,1
69,85.4,5869.4,Female,0,Yes,No,Yes,Yes,Fiber optic,83.84857142857142,0
71,47.6,3377.8,Female,0,Yes,No,No,No phone service,DSL,46.91388888888889,0
69,19.4,1346.2,Female,0,Yes,Yes,Yes,No,No,19.231428571428573,0
48,103.85,4946.05,Female,0,No,No,Yes,Yes,Fiber optic,100.93979591836735,0
47,83.35,4065.0,Male,0,Yes,No,Yes,Yes,Fiber optic,84.6875,1
2,49.4,106.55,Female,0,No,No,Yes,Yes,DSL,35.516666666666666,1
45,108.45,4964.7,Male,0,No,No,Yes,Yes,Fiber optic,107.92826086956521,0
51,81.0,4085.75,Male,0,No,No,Yes,Yes,Fiber optic,78.57211538461539,0
22,79.2,1742.75,Female,0,Yes,No,Yes,Yes,DSL,75.77173913043478,1
72,86.65,6224.8,Male,0,No,No,Yes,Yes,DSL,85.27123287671233,0
37,92.95,3415.25,Male,0,Yes,Yes,Yes,Yes,Fiber optic,89.875,0
71,90.35,6325.25,Male,0,Yes,Yes,Yes,Yes,DSL,87.85069444444444,0
7,48.7,340.25,Male,0,Yes,Yes,Yes,No,DSL,42.53125,1
66,25.15,1683.6,Female,0,No,No,Yes,Yes,No,25.128358208955223,0
51,76.4,3966.3,Male,0,Yes,Yes,Yes,No,DSL,76.275,0
30,19.55,608.5,Female,0,Yes,Yes,Yes,No,No,19.629032258064516,0
34,85.35,2896.6,Female,0,No,No,Yes,Yes,Fiber optic,82.75999999999999,0
64,24.8,1514.85,Male,0,Yes,Yes,Yes,Yes,No,23.305384615384614,0
65,103.15,6792.45,Male,1,Yes,No,Yes,Yes,Fiber optic,102.91590909090908,0
47,100.75,4669.2,Male,0,No,No,Yes,Yes,Fiber optic,97.27499999999999,0
1,95.6,95.6,Female,0,No,No,Yes,No,Fiber optic,47.8,1
49,59.75,2934.3,Female,0,No,No,Yes,Yes,DSL,58.68600000000001,1
67,94.1,6302.8,Female,0,Yes,Yes,Yes,Yes,Fiber optic,92.68823529411765,0
39,19.35,779.2,Male,0,No,Yes,Yes,No,No,19.48,0
14,19.9,283.75,Male,0,No,No,Yes,No,No,18.916666666666668,0
43,108.15,4600.7,Female,1,No,No,Yes,No,Fiber optic,104.56136363636364,1
56,101.05,5594.0,Male,1,No,No,Yes,Yes,Fiber optic,98.14035087719299,0
14,59.1,772.85,Female,0,No,No,Yes,No,DSL,51.52333333333333,0
1,71.35,71.35,Female,0,No,No,Yes,No,Fiber optic,35.675,1
16,55.85,857.8,Male,0,Yes,Yes,Yes,No,DSL,50.45882352941176,0
70,106.05,7554.05,Male,0,Yes,Yes,Yes,Yes,Fiber optic,106.39507042253521,0
72,84.1,5981.65,Male,1,Yes,No,Yes,Yes,DSL,81.94041095890411,0
23,75.3,1702.9,Female,0,Yes,Yes,Yes,No,Fiber optic,70.95416666666667,0
21,24.7,467.15,Male,0,No,Yes,Yes,Yes,No,21.23409090909091,0
1,20.15,20.15,Female,0,No,No,Yes,No,No,10.075,1
1,69.75,69.75,Male,0,No,Yes,Yes,No,Fiber optic,34.875,1
32,93.2,2931.0,Female,1,Yes,No,Yes,Yes,Fiber optic,88.81818181818181,1
17,80.85,1400.85,Male,0,Yes,Yes,Yes,No,Fiber optic,77.82499999999999,1
4,33.65,137.85,Female,0,No,No,No,No phone service,DSL,27.57,1
36,55.8,1941.5,Female,0,No,No,Yes,Yes,DSL,52.472972972972975,0
50,39.7,1932.75,Female,0,No,No,No,No phone service,DSL,37.89705882352941,0
48,29.5,1423.05,Female,0,Yes,Yes,No,No phone service,DSL,29.041836734693877,0
50,20.15,970.85,Female,0,No,Yes,Yes,No,No,19.03627450980392,0
72,79.55,5810.9,Male,0,Yes,No,Yes,Yes,DSL,79.60136986301369,0
10,24.8,223.9,Male,0,No,Yes,Yes,Yes,No,20.354545454545455,0
18,19.65,391.7,Female,0,No,No,Yes,No,No,20.61578947368421,0
1,79.95,79.95,Male,0,No,No,Yes,No,Fiber optic,39.975,1
1,19.3,19.3,Female,0,No,No,Yes,No,No,9.65,1
9,94.05,811.65,Male,0,No,No,Yes,No,Fiber optic,81.16499999999999,0
2,90.75,174.75,Male,0,No,No,Yes,Yes,Fiber optic,58.25,0
40,78.85,3126.85,Female,0,Yes,No,Yes,Yes,Fiber optic,76.26463414634146,0
69,99.5,6841.45,Male,0,Yes,No,Yes,Yes,Fiber optic,97.735,0
37,99.2,3754.6,Female,0,Yes,No,Yes,Yes,Fiber optic,98.80526315789473,1
18,80.55,1406.65,Male,0,No,Yes,Yes,Yes,Fiber optic,74.03421052631579,0
11,70.2,834.7,Male,1,Yes,No,Yes,No,Fiber optic,69.55833333333334,0
8,85.2,627.4,Female,0,Yes,No,Yes,Yes,Fiber optic,69.71111111111111,1
3,75.25,242.0,Female,0,No,No,Yes,Yes,Fiber optic,60.5,1
55,59.45,3157.0,Male,0,Yes,Yes,Yes,No,DSL,56.375,0
33,93.35,3092.0,Male,0,Yes,No,Yes,Yes,Fiber optic,90.94117647058823,0
46,44.95,2168.9,Female,0,No,No,Yes,No,DSL,46.1468085106383,0
34,26.1,980.35,Male,0,No,No,Yes,Yes,No,28.01,0
3,20.2,65.95,Female,0,No,No,Yes,No,No,16.4875,0
30,21.25,711.9,Male,0,Yes,Yes,Yes,No,No,22.96451612903226,0
33,59.4,1952.8,Female,0,No,No,Yes,Yes,DSL,57.43529411764706,0
45,95.0,4368.85,Male,0,Yes,Yes,Yes,Yes,Fiber optic,94.97500000000001,0
40,61.9,2647.1,Male,0,No,No,Yes,No,DSL,64.56341463414634,0
71,118.65,8477.6,Female,0,No,No,Yes,Yes,Fiber optic,117.74444444444445,0
1,54.35,54.35,Male,0,No,No,Yes,Yes,DSL,27.175,1
72,64.45,4528.0,Female,0,Yes,Yes,No,No phone service,DSL,62.02739726027397,0
22,80.15,1790.65,Female,0,Yes,Yes,Yes,No,Fiber optic,77.85434782608696,0
46,20.2,845.6,Male,0,Yes,Yes,Yes,No,No,17.99148936170213,0
55,21.0,1210.3,Female,0,Yes,Yes,Yes,No,No,21.6125,0
1,20.45,20.45,Male,0,No,No,Yes,No,No,10.225,0
12,75.85,854.45,Female,0,No,No,Yes,Yes,DSL,65.72692307692309,0
31,80.45,2429.1,Male,0,No,No,Yes,Yes,Fiber optic,75.909375,0
5,24.95,100.4,Male,0,Yes,No,No,No phone service,DSL,16.733333333333334,1
67,75.5,5229.45,Female,0,Yes,Yes,Yes,Yes,DSL,76.90367647058824,0
1,44.45,44.45,Male,0,No,No,Yes,No,DSL,22.225,0
40,42.35,1716.45,Male,0,Yes,No,No,No phone service,DSL,41.864634146341466,1
41,74.55,3023.55,Male,0,Yes,Yes,Yes,Yes,DSL,71.98928571428571,0
1,75.3,75.3,Male,0,No,No,Yes,Yes,Fiber optic,37.65,1
51,94.8,4837.6,Male,0,No,No,Yes,Yes,Fiber optic,93.03076923076924,1
42,48.15,2032.3,Male,0,Yes,Yes,No,No phone service,DSL,47.26279069767442,0
23,19.65,436.9,Male,0,Yes,Yes,Yes,No,No,18.204166666666666,0
1,70.55,70.55,Female,1,No,No,Yes,No,Fiber optic,35.275,1
1,20.15,20.15,Female,0,No,No,Yes,No,No,10.075,0
56,106.6,5893.95,Female,0,No,No,Yes,Yes,Fiber optic,103.40263157894736,0
15,91.0,1430.05,Male,0,No,Yes,Yes,Yes,Fiber optic,89.378125,0
12,25.4,313.0,Male,0,Yes,Yes,Yes,Yes,No,24.076923076923077,0
54,69.95,3871.85,Female,0,Yes,Yes,Yes,No,DSL,70.39727272727272,0
7,66.85,458.1,Female,0,No,No,Yes,No,DSL,57.2625,0
33,86.15,2745.7,Female,0,Yes,Yes,Yes,Yes,Fiber optic,80.75588235294117,1
16,20.15,341.35,Male,0,Yes,Yes,Yes,No,No,20.079411764705885,0
21,64.85,1336.8,Female,0,No,Yes,Yes,No,DSL,60.76363636363636,0
30,74.85,2181.75,Male,1,Yes,No,Yes,Yes,DSL,70.37903225806451,0
3,50.5,147.75,Male,0,No,No,Yes,No,DSL,36.9375,0
11,72.9,818.45,Male,0,No,No,Yes,No,Fiber optic,68.20416666666667,0
62,115.05,7133.45,Female,0,No,No,Yes,Yes,Fiber optic,113.22936507936508,0
18,19.0,348.8,Male,0,No,No,Yes,No,No,18.357894736842105,0
6,19.55,128.6,Male,0,No,Yes,Yes,No,No,18.37142857142857,0
46,101.1,4674.4,Female,0,No,No,Yes,Yes,Fiber optic,99.45531914893617,0
21,84.1,1737.45,Male,0,No,No,Yes,Yes,Fiber optic,78.97500000000001,0
68,24.15,1498.85,Male,0,No,No,Yes,Yes,No,21.72246376811594,0
1,50.1,50.1,Female,0,No,No,Yes,Yes,DSL,25.05,0
25,74.6,1797.75,Female,0,Yes,No,Yes,No,Fiber optic,69.14423076923077,0
24,19.75,498.1,Female,0,No,Yes,Yes,No,No,19.924,0
30,85.0,2624.25,Female,0,Yes,No,Yes,Yes,Fiber optic,84.65322580645162,1
2,80.55,184.1,Female,0,No,No,Yes,No,Fiber optic,61.36666666666667,1
51,106.8,5498.8,Male,0,Yes,No,Yes,Yes,Fiber optic,105.74615384615385,0
57,84.5,4845.4,Female,0,Yes,Yes,Yes,Yes,DSL,83.54137931034482,0
15,25.05,369.1,Female,0,No,No,Yes,Yes,No,23.06875,0
72,83.7,6096.9,Female,0,Yes,Yes,Yes,No,DSL,83.51917808219177,0
2,75.8,160.75,Female,0,No,No,Yes,No,Fiber optic,53.583333333333336,1
28,96.6,2684.35,Male,0,Yes,No,Yes,Yes,Fiber optic,92.56379310344828,0
29,98.5,3004.15,Male,1,Yes,No,Yes,Yes,Fiber optic,100.13833333333334,1
70,101.1,6994.8,Male,0,Yes,Yes,Yes,No,Fiber optic,98.51830985915493,0
13,20.2,273.25,Female,0,No,No,Yes,No,No,19.517857142857142,0
59,94.05,5483.9,Female,1,Yes,No,Yes,Yes,Fiber optic,91.39833333333333,0
13,95.25,1233.65,Male,1,Yes,No,Yes,Yes,Fiber optic,88.11785714285715,1
7,74.4,527.9,Male,1,Yes,No,Yes,Yes,Fiber optic,65.9875,1
62,81.0,4985.9,Female,0,Yes,No,Yes,No,DSL,79.14126984126983,0
21,60.25,1258.35,Female,0,No,No,Yes,No,DSL,57.19772727272727,0
2,60.85,111.4,Female,0,No,No,Yes,No,DSL,37.13333333333333,0
1,43.95,43.95,Female,0,No,No,Yes,No,DSL,21.975,0
4,86.05,308.1,Male,0,No,No,Yes,No,Fiber optic,61.620000000000005,0
19,20.25,383.65,Female,0,No,No,Yes,No,No,19.182499999999997,0
30,85.15,2555.9,Female,0,No,No,Yes,No,Fiber optic,82.4483870967742,1
67,19.4,1284.2,Male,0,Yes,Yes,Yes,No,No,18.88529411764706,0
72,102.65,7550.3,Male,1,Yes,No,Yes,Yes,Fiber optic,103.42876712328767,0
53,19.9,1110.05,Male,0,Yes,No,Yes,No,No,20.55648148148148,0
5,19.55,99.6,Female,0,No,No,Yes,No,No,16.599999999999998,0
71,95.5,6707.15,Male,1,Yes,No,Yes,No,Fiber optic,93.1548611111111,0
50,84.15,4164.4,Female,0,Yes,Yes,Yes,Yes,DSL,81.6549019607843,0
56,103.2,5873.75,Male,0,Yes,Yes,Yes,Yes,Fiber optic,103.04824561403508,0
2,50.2,109.25,Male,0,No,No,Yes,No,DSL,36.416666666666664,0
2,88.55,179.25,Female,1,No,No,Yes,Yes,Fiber optic,59.75,1
24,54.75,1338.15,Male,0,Yes,Yes,Yes,Yes,DSL,53.526,1
46,19.95,862.4,Male,0,Yes,Yes,Yes,No,No,18.348936170212767,0
71,116.25,8564.75,Male,0,Yes,No,Yes,Yes,Fiber optic,118.95486111111111,0
29,31.2,926.2,Female,0,No,No,No,No phone service,DSL,30.873333333333335,0
69,24.45,1718.2,Male,0,Yes,Yes,Yes,Yes,No,24.545714285714286,0
71,84.2,5956.85,Male,0,Yes,No,Yes,Yes,DSL,82.73402777777778,0
1,91.3,91.3,Female,1,No,No,Yes,No,Fiber optic,45.65,1
56,85.65,4824.45,Male,1,Yes,No,Yes,No,DSL,84.63947368421053,0
56,21.2,1238.65,Male,0,No,Yes,Yes,No,No,21.730701754385965,0
1,79.5,79.5,Male,0,No,No,Yes,No,Fiber optic,39.75,1
28,25.55,672.2,Female,0,Yes,No,Yes,Yes,No,23.179310344827588,0
19,20.2,382.2,Female,0,Yes,Yes,Yes,No,No,19.11,0
66,63.85,4264.6,Male,0,Yes,No,Yes,Yes,DSL,63.650746268656725,0
17,61.95,1070.7,Female,0,Yes,Yes,Yes,Yes,DSL,59.483333333333334,0
52,25.75,1345.85,Male,0,Yes,Yes,Yes,Yes,No,25.393396226415092,0
19,58.2,1045.25,Female,0,No,No,Yes,No,DSL,52.2625,0
36,85.85,3003.55,Female,0,No,No,Yes,No,DSL,81.17702702702704,0
7,70.1,467.55,Male,1,Yes,No,Yes,No,Fiber optic,58.44375,1
72,104.9,7537.5,Male,0,Yes,Yes,Yes,Yes,Fiber optic,103.25342465753425,0
67,111.3,7482.1,Male,0,Yes,Yes,Yes,Yes,Fiber optic,110.03088235294118,1
34,99.85,3343.15,Male,1,No,No,Yes,No,Fiber optic,95.51857142857143,0
57,95.25,5427.05,Male,1,Yes,No,Yes,Yes,Fiber optic,93.5698275862069,1
7,86.25,587.1,Female,0,Yes,No,Yes,No,Fiber optic,73.3875,1
1,100.8,100.8,Female,1,Yes,No,Yes,Yes,Fiber optic,50.4,1
8,19.55,161.15,Male,0,Yes,No,Yes,No,No,17.905555555555555,0
69,104.0,7028.5,Female,0,No,No,Yes,Yes,Fiber optic,100.40714285714286,0
50,104.4,5232.9,Female,0,Yes,No,Yes,Yes,Fiber optic,102.60588235294117,0
10,19.5,225.85,Male,0,No,No,Yes,No,No,20.53181818181818,0
12,25.25,274.7,Female,0,Yes,Yes,Yes,Yes,No,21.13076923076923,0
14,86.3,1180.95,Female,0,No,No,Yes,No,Fiber optic,78.73,1
70,49.85,3370.2,Female,0,Yes,No,No,No phone service,DSL,47.46760563380281,0
64,108.95,7111.3,Female,1,No,No,Yes,Yes,Fiber optic,109.40461538461538,0
66,89.9,5958.85,Female,0,Yes,Yes,Yes,Yes,DSL,88.93805970149255,0
71,82.0,5999.85,Female,0,Yes,Yes,Yes,No,DSL,83.33125000000001,0
20,89.95,1648.45,Male,1,No,No,Yes,No,Fiber optic,78.49761904761905,0
72,79.35,5753.25,Male,0,Yes,No,Yes,No,DSL,78.81164383561644,0
71,64.05,4492.9,Female,0,Yes,Yes,Yes,No,DSL,62.40138888888888,0
38,101.15,3956.7,Male,0,Yes,Yes,Yes,Yes,Fiber optic,101.45384615384614,0
28,89.95,2625.55,Female,0,No,No,Yes,Yes,Fiber optic,90.53620689655173,1
17,76.45,1233.4,Male,1,Yes,No,Yes,No,Fiber optic,68.52222222222223,1
33,39.1,1309.0,Male,0,No,No,No,No phone service,DSL,38.5,0
23,34.6,813.45,Female,0,Yes,Yes,No,No phone service,DSL,33.893750000000004,0
58,19.55,1108.8,Male,0,Yes,Yes,Yes,No,No,18.79322033898305,0
70,104.45,7349.35,Female,1,Yes,No,Yes,Yes,Fiber optic,103.51197183098591,0
4,70.5,294.2,Male,0,Yes,No,Yes,No,Fiber optic,58.839999999999996,0
45,20.35,929.2,Male,0,Yes,Yes,Yes,No,No,20.2,0
10,70.0,740.0,Male,0,No,No,Yes,No,Fiber optic,67.27272727272727,1
36,19.45,754.5,Male,0,Yes,Yes,Yes,No,No,20.39189189189189,0
54,69.9,3883.3,Male,0,No,No,Yes,No,DSL,70.60545454545455,0
23,59.7,1414.2,Male,0,Yes,Yes,Yes,Yes,DSL,58.925000000000004,0
41,78.35,3211.2,Female,0,Yes,Yes,Yes,Yes,DSL,76.45714285714286,0
5,71.45,371.6,Male,1,No,No,Yes,No,Fiber optic,61.93333333333334,0
27,45.85,1246.4,Male,0,Yes,Yes,No,No phone service,DSL,44.51428571428572,0
1,95.85,95.85,Female,0,No,No,Yes,No,Fiber optic,47.925,0
67,35.7,2545.7,Female,0,Yes,Yes,No,No phone service,DSL,37.436764705882354,0
72,89.55,6448.85,Female,1,Yes,Yes,Yes,Yes,DSL,88.34041095890412,0
56,24.95,1468.9,Female,0,Yes,Yes,Yes,Yes,No,25.770175438596493,0
44,24.85,1013.6,Male,0,Yes,Yes,Yes,Yes,No,22.524444444444445,0
66,100.8,6690.75,Female,1,Yes,No,Yes,Yes,Fiber optic,99.86194029850746,0
34,64.4,2088.75,Female,0,No,No,Yes,Yes,DSL,59.67857142857143,1
69,105.35,7240.65,Female,0,Yes,No,Yes,Yes,Fiber optic,103.43785714285714,0
1,102.45,102.45,Female,0,Yes,Yes,Yes,Yes,Fiber optic,51.225,1
40,19.65,830.25,Female,0,No,No,Yes,No,No,20.25,0
30,54.45,1588.7,Male,0,Yes,Yes,Yes,Yes,DSL,51.248387096774195,0
11,70.5,829.3,Female,0,No,No,Yes,No,DSL,69.10833333333333,0
15,20.1,302.45,Female,0,No,No,Yes,No,No,18.903125,0
11,69.35,712.25,Male,0,No,No,Yes,No,DSL,59.354166666666664,0
64,19.8,1336.65,Female,0,Yes,Yes,Yes,No,No,20.563846153846157,0
72,74.4,5360.75,Male,1,Yes,No,Yes,No,DSL,73.43493150684931,0
72,93.05,6735.05,Male,1,Yes,No,Yes,Yes,Fiber optic,92.26095890410959,0
1,51.2,51.2,Female,0,No,Yes,Yes,No,DSL,25.6,0
15,65.6,1010.0,Female,0,No,Yes,Yes,No,DSL,63.125,0
60,80.55,4847.05,Female,0,No,No,Yes,Yes,DSL,79.45983606557377,0
56,52.7,3019.7,Male,0,No,No,Yes,No,DSL,52.97719298245614,0
8,20.85,161.65,Female,0,No,No,Yes,No,No,17.961111111111112,0
3,80.1,217.55,Female,0,No,No,Yes,No,Fiber optic,54.3875,1
49,52.15,2583.75,Female,0,Yes,No,Yes,Yes,DSL,51.675,0
2,80.2,146.05,Female,0,No,No,Yes,No,Fiber optic,48.68333333333334,1
6,98.15,567.45,Female,0,No,No,Yes,No,Fiber optic,81.06428571428572,1
70,114.95,7711.25,Male,0,No,No,Yes,Yes,Fiber optic,108.60915492957747,0
12,112.95,1384.75,Male,0,No,No,Yes,Yes,Fiber optic,106.51923076923077,1
52,104.45,5481.25,Male,1,Yes,No,Yes,No,Fiber optic,103.41981132075472,0
72,113.65,8124.2,Female,0,Yes,No,Yes,Yes,Fiber optic,111.2904109589041,0
40,20.6,827.3,Female,0,No,No,Yes,No,No,20.178048780487803,0
1,70.9,70.9,Female,0,No,No,Yes,No,Fiber optic,35.45,1
3,86.85,220.95,Female,1,No,No,Yes,No,Fiber optic,55.2375,1
40,91.55,3673.6,Female,1,No,No,Yes,No,Fiber optic,89.6,0
1,49.85,49.85,Male,0,No,Yes,Yes,No,DSL,24.925,0
30,19.8,576.65,Male,0,Yes,No,Yes,No,No,18.601612903225806,0
23,99.85,2331.3,Male,0,Yes,Yes,Yes,No,Fiber optic,97.1375,1
1,74.5,74.5,Male,0,Yes,Yes,Yes,Yes,Fiber optic,37.25,1
44,104.15,4495.65,Female,1,Yes,No,Yes,Yes,Fiber optic,99.90333333333332,0
65,109.15,6941.2,Male,0,No,No,Yes,Yes,Fiber optic,105.16969696969697,1
7,48.2,340.35,Female,1,No,No,Yes,No,DSL,42.54375,0
72,25.1,1789.9,Male,1,No,No,Yes,Yes,No,24.519178082191782,0
8,100.15,908.55,Female,1,No,No,Yes,Yes,Fiber optic,100.94999999999999,0
16,65.2,1043.35,Female,0,No,No,Yes,Yes,DSL,61.3735294117647,1
66,99.5,6822.15,Male,1,Yes,Yes,Yes,Yes,Fiber optic,101.82313432835821,1
1,71.55,71.55,Male,0,No,No,Yes,No,Fiber optic,35.775,1
3,55.9,157.55,Male,0,No,Yes,Yes,No,DSL,39.3875,0
53,93.9,5029.2,Male,0,Yes,No,Yes,Yes,Fiber optic,93.13333333333333,1
8,64.4,581.7,Male,1,Yes,No,Yes,No,DSL,64.63333333333334,0
69,108.4,7318.2,Male,1,Yes,No,Yes,Yes,Fiber optic,104.54571428571428,1
5,85.3,420.45,Female,0,No,No,Yes,No,Fiber optic,70.075,0
72,107.45,7576.7,Female,0,Yes,Yes,Yes,Yes,Fiber optic,103.7904109589041,0
13,48.75,633.4,Female,0,Yes,No,No,No phone service,DSL,45.24285714285714,1
4,85.65,321.65,Female,0,No,No,Yes,Yes,Fiber optic,64.33,1
54,91.3,4965.0,Female,0,Yes,Yes,Yes,Yes,DSL,90.27272727272727,0
72,85.95,6151.9,Male,0,Yes,No,Yes,Yes,DSL,84.27260273972603,0
12,106.7,1253.9,Male,0,No,No,Yes,Yes,Fiber optic,96.45384615384616,1
1,25.15,25.15,Male,0,No,No,No,No phone service,DSL,12.575,1
1,45.2,45.2,Male,1,No,No,Yes,No,DSL,22.6,0
54,110.35,5893.15,Female,0,Yes,No,Yes,Yes,Fiber optic,107.14818181818181,1
69,79.2,5420.65,Male,0,Yes,Yes,Yes,Yes,Fiber optic,77.43785714285714,0
48,55.5,2627.35,Female,0,No,No,Yes,No,DSL,53.61938775510204,0
48,103.25,5037.55,Female,0,Yes,Yes,Yes,Yes,Fiber optic,102.80714285714286,1
8,90.25,743.75,Female,0,Yes,No,Yes,Yes,Fiber optic,82.63888888888889,0
71,91.25,6589.6,Male,0,Yes,Yes,Yes,Yes,DSL,91.52222222222223,0
2,47.8,92.45,Male,0,No,No,Yes,No,DSL,30.816666666666666,1
67,100.9,6733.15,Male,0,Yes,No,Yes,No,Fiber optic,99.01691176470588,0
34,97.7,3410.0,Male,0,Yes,Yes,Yes,Yes,Fiber optic,97.42857142857143,0
3,69.85,199.85,Female,0,No,No,Yes,No,Fiber optic,49.9625,0
9,65.6,593.3,Female,0,Yes,Yes,Yes,No,DSL,59.33,0
71,104.65,7288.4,Male,0,Yes,Yes,Yes,No,Fiber optic,101.22777777777777,0
57,90.45,5229.8,Male,0,No,No,Yes,Yes,Fiber optic,90.16896551724139,0
72,63.7,4464.8,Male,0,No,No,No,No phone service,DSL,61.16164383561644,0
48,104.5,5068.05,Female,1,Yes,Yes,Yes,No,Fiber optic,103.4295918367347,0
18,20.1,401.85,Male,0,No,No,Yes,No,No,21.150000000000002,0
43,104.3,4451.85,Male,0,Yes,Yes,Yes,Yes,Fiber optic,101.1784090909091,0
72,93.25,6688.95,Female,0,Yes,Yes,Yes,Yes,DSL,91.62945205479451,0
35,73.45,2661.1,Male,0,Yes,Yes,Yes,Yes,DSL,73.91944444444444,0
4,20.7,73.05,Male,0,No,No,Yes,No,No,14.61,0
49,25.25,1211.65,Female,0,Yes,Yes,Yes,Yes,No,24.233,0
71,100.5,7030.65,Female,0,Yes,Yes,Yes,Yes,Fiber optic,97.64791666666666,0
11,90.6,1020.2,Male,0,Yes,Yes,Yes,No,Fiber optic,85.01666666666667,0
63,89.4,5597.65,Male,0,Yes,Yes,Yes,Yes,DSL,87.46328125,0
65,95.45,6223.3,Female,1,No,No,Yes,Yes,Fiber optic,94.29242424242425,0
49,20.45,1024.65,Female,0,No,Yes,Yes,No,No,20.493000000000002,0
29,98.6,2933.2,Female,0,No,No,Yes,Yes,Fiber optic,97.77333333333333,1
15,83.05,1258.3,Female,1,Yes,No,Yes,Yes,Fiber optic,78.64375,1
4,19.95,82.9,Female,0,Yes,Yes,Yes,No,No,16.580000000000002,0
72,109.15,7789.6,Female,0,Yes,No,Yes,Yes,Fiber optic,106.7068493150685,0
26,85.7,2067.0,Female,1,Yes,No,Yes,No,Fiber optic,76.55555555555556,0
35,102.05,3452.55,Female,1,Yes,No,Yes,Yes,Fiber optic,95.90416666666667,0
57,94.7,5468.95,Female,0,No,No,Yes,Yes,Fiber optic,94.29224137931034,0
28,64.4,1802.15,Male,0,Yes,Yes,Yes,Yes,DSL,62.143103448275866,0
25,26.8,733.55,Female,0,Yes,No,Yes,Yes,No,28.213461538461537,0
47,66.05,3021.45,Female,0,Yes,No,Yes,No,DSL,62.946875,0
57,65.2,3687.85,Female,0,Yes,Yes,Yes,Yes,DSL,63.58362068965517,0
16,85.05,1391.15,Male,1,Yes,No,Yes,Yes,Fiber optic,81.83235294117648,0
5,55.8,274.35,Male,0,No,No,Yes,No,DSL,45.725,0
17,70.4,1214.05,Male,0,Yes,No,Yes,No,Fiber optic,67.44722222222222,1
56,104.75,5510.65,Female,1,No,No,Yes,Yes,Fiber optic,96.67807017543859,1
72,19.95,1322.85,Male,0,Yes,Yes,Yes,No,No,18.121232876712327,0
21,94.25,1973.75,Female,1,No,No,Yes,Yes,Fiber optic,89.7159090909091,1
48,45.0,2196.3,Female,0,Yes,Yes,No,No phone service,DSL,44.82244897959184,0
68,114.9,7843.55,Female,0,Yes,No,Yes,Yes,Fiber optic,113.67463768115942,0
30,106.4,3211.9,Female,0,No,No,Yes,Yes,Fiber optic,103.60967741935484,0
3,46.1,130.15,Female,0,Yes,No,Yes,No,DSL,32.5375,0
14,39.7,692.35,Female,1,No,No,No,No phone service,DSL,46.156666666666666,0
4,20.05,85.5,Female,0,No,Yes,Yes,No,No,17.1,0
71,95.75,6849.4,Female,0,Yes,Yes,Yes,Yes,Fiber optic,95.13055555555555,0
8,24.4,203.95,Male,0,Yes,Yes,Yes,Yes,No,22.66111111111111,0
61,33.6,2117.2,Male,0,Yes,Yes,No,No phone service,DSL,34.148387096774194,0
72,90.45,6565.85,Male,0,Yes,Yes,Yes,Yes,Fiber optic,89.94315068493151,0
5,84.0,424.75,Female,0,No,No,Yes,Yes,Fiber optic,70.79166666666667,0
49,67.4,3306.85,Female,0,No,No,Yes,No,DSL,66.137,0
8,19.7,168.9,Male,0,No,No,Yes,No,No,18.766666666666666,0
3,80.35,253.8,Male,0,No,No,Yes,No,Fiber optic,63.45,0
9,19.6,197.4,Male,0,Yes,Yes,Yes,No,No,19.740000000000002,0
67,54.2,3838.2,Male,0,Yes,Yes,Yes,No,DSL,56.44411764705882,0
46,45.2,2065.15,Male,0,No,No,Yes,No,DSL,43.93936170212766,0
67,75.1,5064.45,Female,0,Yes,No,Yes,Yes,DSL,74.47720588235293,0
55,19.7,1140.05,Female,0,Yes,No,Yes,No,No,20.358035714285712,0
33,72.75,2447.45,Male,0,Yes,No,Yes,Yes,DSL,71.98382352941177,0
62,20.05,1263.9,Male,0,Yes,Yes,Yes,No,No,20.061904761904763,0
1,45.95,45.95,Female,0,No,Yes,Yes,No,DSL,22.975,1
49,39.2,1838.15,Male,0,Yes,Yes,No,No phone service,DSL,36.763000000000005,0
1,44.75,44.75,Male,0,No,No,Yes,No,DSL,22.375,0
14,82.65,1185.0,Male,0,Yes,No,Yes,Yes,Fiber optic,79.0,0
18,93.9,1743.9,Male,1,No,No,Yes,Yes,Fiber optic,91.78421052631579,0
1,70.15,70.15,Female,1,No,No,Yes,No,Fiber optic,35.075,1
1,85.55,85.55,Female,0,No,No,Yes,No,Fiber optic,42.775,1
72,117.15,8529.5,Female,0,Yes,No,Yes,Yes,Fiber optic,116.84246575342466,0
64,99.25,6549.45,Male,0,No,No,Yes,Yes,Fiber optic,100.76076923076923,0
69,112.55,7806.5,Male,0,Yes,No,Yes,Yes,Fiber optic,111.52142857142857,0
1,25.7,25.7,Female,0,No,No,Yes,Yes,No,12.85,0
71,90.3,6287.3,Male,0,Yes,Yes,Yes,Yes,DSL,87.32361111111112,0
66,49.4,3251.85,Female,0,Yes,Yes,Yes,No,DSL,48.53507462686567,0
2,19.4,50.6,Male,0,No,No,Yes,No,No,16.866666666666667,0
71,109.7,7904.25,Female,1,Yes,No,Yes,No,Fiber optic,109.78125,0
11,61.25,729.95,Male,0,No,No,Yes,No,DSL,60.82916666666667,0
47,55.3,2654.05,Male,0,No,Yes,Yes,No,DSL,55.29270833333334,0
35,70.3,2416.55,Female,0,Yes,No,Yes,No,Fiber optic,67.1263888888889,1
32,106.35,3520.75,Male,1,Yes,No,Yes,Yes,Fiber optic,106.68939393939394,1
60,103.75,5969.95,Male,0,Yes,Yes,Yes,Yes,Fiber optic,97.86803278688524,0
11,19.5,226.8,Male,0,No,No,Yes,No,No,18.900000000000002,0
29,39.5,1082.75,Female,0,No,No,No,No phone service,DSL,36.09166666666667,0
21,26.05,565.75,Male,0,Yes,Yes,No,No phone service,DSL,25.71590909090909,0
48,91.05,4370.75,Male,1,Yes,No,Yes,Yes,Fiber optic,89.19897959183673,0
3,29.65,90.05,Female,0,No,Yes,No,No phone service,DSL,22.5125,0
43,50.2,2169.4,Female,0,Yes,Yes,Yes,No,DSL,49.304545454545455,0
5,105.3,550.6,Male,0,No,No,Yes,Yes,Fiber optic,91.76666666666667,0
1,55.45,55.45,Female,0,No,No,Yes,No,DSL,27.725,0
71,85.45,6300.85,Male,0,Yes,Yes,Yes,Yes,DSL,87.51180555555555,0
8,19.8,160.05,Female,0,Yes,Yes,Yes,No,No,17.783333333333335,0
8,59.25,436.6,Male,0,No,No,Yes,Yes,DSL,48.51111111111111,0
20,90.7,1781.35,Male,0,No,No,Yes,Yes,Fiber optic,84.82619047619048,0
33,103.7,3467.0,Female,0,Yes,Yes,Yes,Yes,Fiber optic,101.97058823529412,1
71,79.05,5552.5,Male,0,No,No,Yes,Yes,Fiber optic,77.11805555555556,0
31,90.7,2835.5,Female,1,Yes,No,Yes,Yes,Fiber optic,88.609375,0
38,95.0,3591.25,Female,1,Yes,No,Yes,Yes,Fiber optic,92.08333333333333,0
1,88.35,88.35,Male,0,No,No,Yes,No,Fiber optic,44.175,1
2,30.25,63.75,Female,0,Yes,Yes,No,No phone service,DSL,21.25,0
12,49.85,617.15,Female,0,Yes,No,No,No phone service,DSL,47.473076923076924,0
9,93.0,870.25,Female,0,No,Yes,Yes,No,Fiber optic,87.025,0
11,54.55,601.25,Male,1,No,Yes,Yes,No,DSL,50.104166666666664,0
6,19.7,111.65,Male,0,No,Yes,Yes,No,No,15.950000000000001,0
71,84.8,6046.1,Female,0,Yes,No,Yes,No,DSL,83.97361111111111,0
42,94.45,3923.8,Female,0,Yes,Yes,Yes,Yes,Fiber optic,91.25116279069768,0
8,94.2,777.3,Female,0,Yes,Yes,Yes,No,Fiber optic,86.36666666666666,1
5,96.25,512.45,Female,0,No,No,Yes,No,Fiber optic,85.40833333333335,1
2,70.7,141.45,Female,0,Yes,No,Yes,No,Fiber optic,47.15,1
45,20.85,892.15,Female,0,Yes,Yes,Yes,No,No,19.394565217391303,0
28,60.0,1682.05,Male,0,Yes,Yes,No,No phone service,DSL,58.001724137931035,0
43,80.45,3398.9,Female,0,Yes,No,Yes,Yes,Fiber optic,77.24772727272727,0
60,84.95,4984.85,Male,0,No,Yes,Yes,Yes,DSL,81.7188524590164,0
42,33.55,1445.3,Female,0,Yes,No,No,No phone service,DSL,33.61162790697674,1
7,49.65,305.55,Male,0,Yes,Yes,No,No phone service,DSL,38.19375,0
25,20.2,507.9,Female,0,Yes,No,Yes,No,No,19.534615384615385,0
40,94.55,3640.45,Female,1,Yes,Yes,Yes,Yes,Fiber optic,88.79146341463414,1
27,100.5,2673.45,Male,0,No,No,Yes,Yes,Fiber optic,95.48035714285713,0
10,35.75,389.8,Male,0,No,No,No,No phone service,DSL,35.43636363636364,0
27,86.45,2401.05,Female,1,No,No,Yes,Yes,Fiber optic,85.75178571428572,0
11,53.8,651.55,Female,0,No,No,Yes,No,DSL,54.29583333333333,0
4,38.55,156.1,Male,0,Yes,Yes,No,No phone service,DSL,31.22,0
68,39.9,2796.35,Male,0,No,No,No,No phone service,DSL,40.5268115942029,0
1,70.05,70.05,Male,1,No,No,Yes,No,Fiber optic,35.025,0
18,20.1,407.05,Female,0,No,No,Yes,No,No,21.423684210526318,0
57,112.95,6465.0,Female,0,No,No,Yes,Yes,Fiber optic,111.46551724137932,1
26,20.3,511.25,Male,0,No,No,Yes,No,No,18.935185185185187,0
17,35.65,646.05,Female,0,Yes,No,No,No phone service,DSL,35.891666666666666,0
1,35.9,35.9,Male,0,No,No,No,No phone service,DSL,17.95,1
38,99.25,3777.15,Male,0,No,Yes,Yes,Yes,Fiber optic,96.85000000000001,1
59,82.95,4903.15,Male,1,Yes,No,Yes,No,Fiber optic,81.71916666666667,0
30,55.65,1653.85,Male,0,No,No,Yes,No,DSL,53.349999999999994,0
2,24.45,47.5,Male,1,No,No,No,No phone service,DSL,15.833333333333334,1
50,25.2,1306.3,Female,1,Yes,No,Yes,Yes,No,25.613725490196078,0
9,50.8,463.6,Male,0,No,No,No,No phone service,DSL,46.36,0
3,19.65,60.65,Female,0,Yes,Yes,Yes,No,No,15.1625,0
14,59.8,824.85,Female,0,No,Yes,Yes,No,DSL,54.99,0
31,73.55,2094.65,Female,1,No,No,Yes,No,Fiber optic,65.4578125,0
7,61.4,438.9,Female,0,No,No,Yes,No,DSL,54.8625,0
8,103.35,847.3,Female,0,No,No,Yes,Yes,Fiber optic,94.14444444444445,1
17,19.9,329.75,Male,0,Yes,Yes,Yes,No,No,18.319444444444443,0
32,19.45,674.55,Male,0,Yes,Yes,Yes,No,No,20.440909090909088,0
2,81.5,162.55,Female,1,No,No,Yes,No,Fiber optic,54.18333333333334,0
7,84.8,546.95,Male,1,No,No,Yes,Yes,Fiber optic,68.36875,1
72,109.55,7887.25,Female,0,Yes,Yes,Yes,Yes,Fiber optic,108.04452054794521,0
31,99.95,3186.65,Female,1,No,No,Yes,Yes,Fiber optic,99.5828125,1
27,74.4,1972.35,Female,0,Yes,Yes,Yes,No,Fiber optic,70.44107142857142,0
18,90.0,1527.35,Female,0,No,No,Yes,Yes,Fiber optic,80.38684210526316,1
7,74.9,490.55,Male,0,No,No,Yes,No,Fiber optic,61.31875,0
14,104.85,1531.4,Female,1,No,No,Yes,Yes,Fiber optic,102.09333333333333,1
11,59.65,683.25,Male,0,Yes,Yes,Yes,No,DSL,56.9375,0
72,110.45,8058.85,Female,0,Yes,Yes,Yes,Yes,Fiber optic,110.39520547945206,0
28,106.1,2847.4,Male,0,Yes,Yes,Yes,Yes,Fiber optic,98.18620689655172,1
15,74.2,1133.9,Male,1,No,No,Yes,Yes,Fiber optic,70.86875,1
4,74.45,294.45,Female,1,No,No,Yes,Yes,Fiber optic,58.89,0
71,24.55,1719.15,Female,0,No,No,Yes,Yes,No,23.877083333333335,0
5,89.35,461.7,Female,0,No,No,Yes,No,Fiber optic,76.95,1
47,24.55,1160.45,Male,0,Yes,Yes,Yes,Yes,No,24.176041666666666,0
57,90.65,5199.8,Male,1,Yes,No,Yes,No,Fiber optic,89.65172413793104,0
50,105.05,5163.3,Male,1,Yes,No,Yes,Yes,Fiber optic,101.24117647058824,0
8,20.45,162.3,Male,0,No,No,Yes,No,No,18.033333333333335,0
48,19.55,883.35,Female,0,Yes,Yes,Yes,No,No,18.027551020408165,0
70,19.7,1341.5,Female,0,No,No,Yes,No,No,18.8943661971831,0
1,70.45,70.45,Male,0,No,Yes,Yes,No,DSL,35.225,0
8,85.65,659.45,Male,0,Yes,No,Yes,Yes,Fiber optic,73.27222222222223,0
1,77.15,77.15,Female,0,No,No,Yes,Yes,Fiber optic,38.575,1
1,35.25,35.25,Male,0,No,No,No,No phone service,DSL,17.625,1
60,20.55,1205.05,Male,0,Yes,Yes,Yes,No,No,19.754918032786886,0
49,97.95,4917.9,Male,0,Yes,Yes,Yes,Yes,Fiber optic,98.35799999999999,0
4,48.55,201.0,Male,0,Yes,No,No,No phone service,DSL,40.2,1
29,20.0,599.3,Female,0,No,No,Yes,No,No,19.976666666666667,0
67,25.25,1733.15,Female,0,Yes,No,Yes,Yes,No,25.4875,0
53,98.4,5149.5,Female,0,Yes,No,Yes,Yes,Fiber optic,95.36111111111111,1
67,70.9,4677.1,Male,0,Yes,No,Yes,Yes,DSL,68.78088235294118,0
6,19.85,119.3,Female,0,Yes,Yes,Yes,No,No,17.04285714285714,0
47,106.35,4849.1,Female,0,No,No,Yes,Yes,Fiber optic,101.02291666666667,0
53,99.5,5424.25,Female,0,No,No,Yes,No,Fiber optic,100.44907407407408,0
69,84.7,5878.9,Male,0,Yes,No,Yes,No,DSL,83.9842857142857,0
3,86.05,244.85,Male,0,No,No,Yes,No,Fiber optic,61.2125,0
4,44.55,220.75,Male,0,No,No,Yes,No,DSL,44.15,0
56,75.85,4261.2,Male,0,Yes,Yes,Yes,Yes,DSL,74.7578947368421,0
59,93.85,5574.75,Male,1,Yes,No,Yes,Yes,Fiber optic,92.9125,1
61,25.0,1501.75,Male,1,Yes,No,Yes,Yes,No,24.221774193548388,0
2,45.0,89.75,Female,0,Yes,No,Yes,No,DSL,29.916666666666668,0
46,100.7,4541.2,Male,1,Yes,Yes,Yes,Yes,Fiber optic,96.62127659574467,1
12,20.5,255.5,Male,0,Yes,Yes,Yes,No,No,19.653846153846153,0
14,80.45,1072.0,Female,0,No,No,Yes,Yes,Fiber optic,71.46666666666667,1
28,90.45,2509.25,Female,0,Yes,Yes,Yes,Yes,Fiber optic,86.52586206896552,0
24,60.45,1440.75,Male,0,No,No,Yes,No,DSL,57.63,0
31,55.25,1715.65,Male,0,No,No,Yes,No,DSL,53.6140625,1
68,78.45,5333.35,Female,0,Yes,Yes,Yes,Yes,DSL,77.2949275362319,0
39,100.55,3895.35,Male,0,No,Yes,Yes,Yes,Fiber optic,97.38374999999999,0
42,20.35,869.9,Female,0,Yes,No,Yes,No,No,20.230232558139534,0
13,54.45,706.85,Male,0,Yes,No,No,No phone service,DSL,50.489285714285714,1
6,90.75,512.25,Female,0,Yes,No,Yes,Yes,Fiber optic,73.17857142857143,0
35,75.35,2636.05,Male,0,No,No,Yes,Yes,Fiber optic,73.22361111111111,1
38,20.25,814.75,Female,0,Yes,No,Yes,No,No,20.891025641025642,0
18,20.05,388.6,Male,0,No,No,Yes,No,No,20.45263157894737,0
4,19.6,93.45,Female,0,Yes,No,Yes,No,No,18.69,0
27,53.8,1389.85,Male,0,Yes,No,Yes,No,DSL,49.637499999999996,0
41,70.2,2894.55,Male,0,No,Yes,Yes,No,DSL,68.91785714285714,0
50,75.5,4025.6,Male,0,Yes,Yes,Yes,No,DSL,78.93333333333334,0
72,20.35,1354.4,Male,0,Yes,Yes,Yes,No,No,18.553424657534247,0
70,26.05,1856.4,Female,0,No,No,Yes,Yes,No,26.146478873239438,0
44,20.6,926.0,Male,0,Yes,Yes,Yes,No,No,20.57777777777778,0
2,75.7,189.2,Male,0,No,No,Yes,No,Fiber optic,63.06666666666666,1
34,20.1,682.1,Female,0,Yes,Yes,Yes,No,No,19.48857142857143,0
72,24.3,1778.7,Female,1,Yes,No,Yes,Yes,No,24.365753424657534,0
71,24.5,1816.2,Male,0,Yes,No,Yes,Yes,No,25.225,0
64,110.5,7069.25,Female,0,No,No,Yes,Yes,Fiber optic,108.75769230769231,0
72,25.25,1841.2,Female,0,Yes,No,Yes,Yes,No,25.221917808219178,0
1,74.25,74.25,Male,0,No,No,Yes,Yes,Fiber optic,37.125,1
29,90.1,2656.7,Male,1,Yes,No,Yes,No,Fiber optic,88.55666666666666,0
23,68.75,1689.45,Female,0,Yes,No,Yes,No,DSL,70.39375,0
52,19.2,1054.75,Male,0,Yes,Yes,Yes,No,No,19.900943396226417,0
25,89.7,2187.55,Female,1,No,No,Yes,Yes,Fiber optic,84.13653846153846,1
64,115.1,7334.05,Female,0,No,No,Yes,Yes,Fiber optic,112.83153846153846,0
16,96.4,1581.2,Female,1,No,No,Yes,Yes,Fiber optic,93.01176470588236,1
1,69.5,69.5,Male,1,No,No,Yes,No,Fiber optic,34.75,1
24,99.65,2404.85,Male,0,No,No,Yes,Yes,Fiber optic,96.194,0
2,91.45,171.45,Male,0,Yes,No,Yes,Yes,Fiber optic,57.15,0
34,84.75,2839.45,Female,0,Yes,Yes,Yes,No,DSL,81.12714285714286,0
36,85.25,3132.75,Male,1,Yes,No,Yes,Yes,Fiber optic,84.66891891891892,1
53,78.75,3942.45,Male,0,Yes,Yes,Yes,Yes,DSL,73.00833333333333,0
47,20.25,873.4,Female,0,Yes,Yes,Yes,No,No,18.195833333333333,0
72,19.9,1529.65,Male,0,No,Yes,Yes,No,No,20.954109589041096,0
72,97.75,6991.6,Male,0,Yes,Yes,Yes,Yes,Fiber optic,95.77534246575343,0
1,19.4,19.4,Male,0,No,No,Yes,No,No,9.7,1
9,83.3,803.3,Female,0,No,No,Yes,Yes,Fiber optic,80.33,1
8,80.1,679.3,Female,0,No,No,Yes,No,Fiber optic,75.47777777777777,1
45,62.7,2791.5,Male,1,No,No,Yes,No,DSL,60.68478260869565,1
7,100.4,715.0,Female,0,No,No,Yes,No,Fiber optic,89.375,0
71,24.45,1681.6,Female,0,Yes,No,Yes,Yes,No,23.355555555555554,0
41,101.1,4016.2,Female,1,No,No,Yes,No,Fiber optic,95.62380952380951,0
67,50.9,3281.65,Male,0,Yes,Yes,No,No phone service,DSL,48.25955882352941,0
69,107.2,7317.1,Male,0,Yes,No,Yes,Yes,Fiber optic,104.53,0
70,92.2,6474.45,Female,1,Yes,No,Yes,Yes,DSL,91.18943661971831,0
25,25.3,676.35,Male,0,No,No,Yes,Yes,No,26.013461538461538,1
72,113.4,8164.1,Male,0,No,No,Yes,Yes,Fiber optic,111.83698630136986,0
34,40.55,1325.85,Male,0,Yes,Yes,No,No phone service,DSL,37.88142857142857,0
65,26.0,1654.85,Female,0,Yes,Yes,Yes,Yes,No,25.073484848484846,0
70,111.95,7795.95,Female,0,No,No,Yes,Yes,Fiber optic,109.80211267605634,0
72,53.8,3952.45,Female,0,Yes,Yes,No,No phone service,DSL,54.143150684931506,0
35,72.1,2495.15,Male,0,No,Yes,Yes,No,DSL,69.30972222222222,0
13,98.15,1230.25,Male,0,No,No,Yes,Yes,Fiber optic,87.875,1
12,78.85,876.75,Female,0,Yes,No,Yes,Yes,DSL,67.4423076923077,0
62,70.75,4263.45,Female,0,Yes,Yes,Yes,No,DSL,67.67380952380952,0
25,76.15,1992.95,Female,0,No,No,Yes,No,DSL,76.65192307692308,0
52,39.1,1982.1,Female,0,No,No,No,No phone service,DSL,37.39811320754717,0
8,69.95,562.7,Male,1,No,No,Yes,No,Fiber optic,62.522222222222226,0
2,20.05,33.7,Male,0,No,No,Yes,No,No,11.233333333333334,0
56,20.05,1090.1,Female,0,Yes,Yes,Yes,No,No,19.12456140350877,0
12,19.45,227.45,Female,0,No,No,Yes,No,No,17.496153846153845,0
47,26.9,1250.85,Female,0,Yes,No,Yes,Yes,No,26.059375,0
2,19.2,37.2,Male,1,No,No,Yes,No,No,12.4,0
18,50.0,892.7,Female,0,No,No,Yes,No,DSL,46.98421052631579,0
8,60.0,487.75,Female,0,No,No,Yes,No,DSL,54.19444444444444,0
45,84.55,3713.95,Male,0,Yes,No,Yes,Yes,Fiber optic,80.73804347826086,0
3,45.45,141.7,Male,0,No,No,Yes,No,DSL,35.425,0
38,20.05,678.2,Female,0,No,No,Yes,No,No,17.389743589743592,0
72,115.55,8425.3,Male,0,Yes,No,Yes,Yes,Fiber optic,115.41506849315067,0
46,93.7,4154.8,Male,0,No,No,Yes,Yes,Fiber optic,88.4,1
71,99.0,7061.65,Female,0,Yes,Yes,Yes,Yes,Fiber optic,98.07847222222222,0
66,50.55,3364.55,Male,0,Yes,Yes,No,No phone service,DSL,50.21716417910448,0
25,105.95,2655.25,Male,1,No,No,Yes,Yes,Fiber optic,102.125,1
18,82.0,1425.45,Male,0,No,No,Yes,Yes,DSL,75.02368421052631,1
13,25.0,332.5,Female,0,Yes,Yes,Yes,Yes,No,23.75,0
65,91.55,5963.95,Female,0,Yes,Yes,Yes,Yes,DSL,90.36287878787878,0
60,95.75,5742.9,Male,0,Yes,No,Yes,Yes,Fiber optic,94.14590163934426,1
15,19.35,278.85,Male,0,Yes,Yes,Yes,No,No,17.428125,0
72,24.85,1871.85,Female,0,Yes,No,Yes,Yes,No,25.641780821917806,0
30,94.05,2866.45,Male,0,Yes,No,Yes,Yes,Fiber optic,92.46612903225805,1
42,100.4,4303.65,Female,0,Yes,Yes,Yes,No,Fiber optic,100.08488372093022,0
71,25.0,1753.0,Female,0,Yes,No,Yes,Yes,No,24.34722222222222,0
1,54.75,54.75,Female,0,No,No,Yes,No,DSL,27.375,1
39,95.65,3759.05,Male,1,No,No,Yes,Yes,Fiber optic,93.97625000000001,1
35,19.25,617.65,Female,0,No,No,Yes,No,No,17.156944444444445,0
53,108.25,5935.1,Female,0,Yes,Yes,Yes,No,Fiber optic,109.90925925925927,0
1,94.6,94.6,Female,0,No,No,Yes,Yes,Fiber optic,47.3,1
31,98.9,2911.3,Female,1,Yes,Yes,Yes,No,Fiber optic,90.978125,1
48,20.15,982.95,Male,0,No,No,Yes,No,No,20.060204081632655,0
30,101.3,2974.5,Female,1,No,Yes,Yes,Yes,Fiber optic,95.95161290322581,0
10,20.0,198.7,Male,0,No,No,Yes,No,No,18.063636363636363,0
12,105.3,1275.65,Female,0,No,Yes,Yes,Yes,Fiber optic,98.12692307692308,0
57,69.85,4003.0,Female,1,No,No,Yes,No,DSL,69.01724137931035,0
58,65.25,3791.6,Female,0,Yes,No,Yes,No,DSL,64.26440677966102,0
37,19.8,813.3,Female,0,No,No,Yes,No,No,21.402631578947368,0
44,19.6,780.25,Female,0,Yes,Yes,Yes,No,No,17.33888888888889,0
27,20.05,552.9,Male,0,No,Yes,Yes,No,No,19.74642857142857,0
8,49.4,408.25,Female,0,No,No,Yes,No,DSL,45.361111111111114,0
3,76.05,231.8,Male,1,No,No,Yes,Yes,Fiber optic,57.95,1
25,88.4,2191.15,Female,1,Yes,No,Yes,No,Fiber optic,84.275,0
57,100.6,5611.7,Female,0,Yes,Yes,Yes,Yes,Fiber optic,96.75344827586207,0
12,19.45,246.25,Female,0,No,No,Yes,No,No,18.942307692307693,0
62,20.3,1296.15,Female,0,Yes,Yes,Yes,No,No,20.573809523809526,0
65,107.65,7082.85,Female,0,Yes,No,Yes,Yes,Fiber optic,107.3159090909091,0
71,80.45,5662.25,Female,0,Yes,No,Yes,Yes,DSL,78.64236111111111,0
21,58.85,1215.45,Female,0,Yes,Yes,Yes,No,DSL,55.247727272727275,0
71,109.6,7854.15,Male,0,Yes,No,Yes,Yes,Fiber optic,109.08541666666666,0
7,75.15,525.0,Female,0,No,No,Yes,No,Fiber optic,65.625,0
72,73.0,5265.2,Female,0,No,No,Yes,No,DSL,72.12602739726027,0
1,70.1,70.1,Female,0,No,No,Yes,No,Fiber optic,35.05,0
72,98.65,7129.45,Female,0,Yes,Yes,Yes,Yes,Fiber optic,97.66369863013698,0
64,111.45,7266.95,Female,0,Yes,Yes,Yes,Yes,Fiber optic,111.79923076923076,0
72,114.9,8496.7,Female,0,No,No,Yes,Yes,Fiber optic,116.39315068493151,0
29,100.55,2878.75,Female,0,No,No,Yes,Yes,Fiber optic,95.95833333333333,0
13,20.4,261.3,Female,0,No,No,Yes,No,No,18.664285714285715,0
31,104.35,3205.6,Female,0,No,No,Yes,Yes,Fiber optic,100.175,0
1,69.75,69.75,Male,1,No,No,Yes,No,Fiber optic,34.875,1
7,34.5,279.25,Male,0,Yes,Yes,No,No phone service,DSL,34.90625,1
61,105.55,6281.45,Male,0,Yes,No,Yes,Yes,Fiber optic,101.31370967741935,1
39,30.1,1131.3,Female,0,No,Yes,No,No phone service,DSL,28.2825,1
10,70.3,738.2,Male,0,Yes,No,Yes,No,Fiber optic,67.10909090909091,1
14,80.45,1137.05,Female,0,Yes,Yes,Yes,Yes,DSL,75.80333333333333,0
1,80.2,80.2,Female,0,No,No,Yes,Yes,Fiber optic,40.1,1
67,94.35,6341.45,Female,0,Yes,Yes,Yes,Yes,Fiber optic,93.25661764705882,1
72,91.35,6697.2,Female,0,No,No,Yes,Yes,DSL,91.74246575342465,0
6,44.6,260.8,Male,0,Yes,Yes,Yes,No,DSL,37.25714285714286,1
1,19.6,19.6,Female,0,No,No,Yes,No,No,9.8,1
25,19.9,505.45,Male,0,Yes,Yes,Yes,No,No,19.440384615384616,0
33,110.45,3655.45,Female,1,No,No,Yes,Yes,Fiber optic,107.51323529411764,1
18,68.35,1299.8,Male,0,No,No,Yes,No,DSL,68.41052631578947,0
71,79.1,5564.85,Male,0,Yes,No,Yes,No,DSL,77.28958333333334,0
28,51.0,1381.8,Male,1,Yes,Yes,Yes,Yes,DSL,47.648275862068964,0
2,80.55,188.1,Female,0,No,Yes,Yes,Yes,Fiber optic,62.699999999999996,0
17,66.7,1077.05,Male,0,Yes,Yes,Yes,Yes,DSL,59.83611111111111,0
56,86.4,4922.4,Male,0,No,No,Yes,Yes,Fiber optic,86.3578947368421,0
60,50.05,2911.5,Female,0,Yes,No,No,No phone service,DSL,47.72950819672131,0
33,25.7,826.1,Female,0,No,No,Yes,Yes,No,24.29705882352941,0
1,83.4,83.4,Female,0,No,No,Yes,No,Fiber optic,41.7,0
2,70.7,140.7,Male,0,No,No,Yes,No,Fiber optic,46.9,1
63,84.65,5377.8,Male,0,Yes,No,Yes,Yes,Fiber optic,84.028125,0
7,99.25,665.45,Male,1,Yes,No,Yes,Yes,Fiber optic,83.18125,1
55,64.75,3617.1,Female,0,No,No,Yes,No,DSL,64.59107142857142,0
65,100.15,6643.5,Female,0,Yes,No,Yes,Yes,Fiber optic,100.6590909090909,0
1,84.8,84.8,Male,0,Yes,No,Yes,No,Fiber optic,42.4,1
63,25.25,1559.3,Male,0,No,No,Yes,Yes,No,24.3640625,0
70,113.0,7987.6,Female,1,Yes,No,Yes,Yes,Fiber optic,112.50140845070423,0
36,40.65,1547.35,Female,0,Yes,Yes,No,No phone service,DSL,41.82027027027027,0
52,105.0,5426.85,Male,0,No,No,Yes,No,Fiber optic,102.3933962264151,1
22,54.45,1127.35,Male,0,No,No,Yes,Yes,DSL,49.01521739130435,1
22,94.95,2142.8,Male,0,No,No,Yes,No,Fiber optic,93.16521739130435,0
5,59.9,287.85,Female,1,No,No,Yes,No,DSL,47.975,0
47,85.3,4045.65,Female,0,Yes,No,Yes,No,Fiber optic,84.284375,1
33,83.35,2757.85,Female,0,No,No,Yes,Yes,Fiber optic,81.11323529411764,1
18,33.5,600.0,Male,0,No,No,No,No phone service,DSL,31.57894736842105,1
1,19.8,19.8,Female,0,No,No,Yes,No,No,9.9,0
56,81.8,4534.45,Male,0,No,No,Yes,No,DSL,79.55175438596491,0
2,20.0,40.9,Female,0,No,No,Yes,No,No,13.633333333333333,0
35,59.6,2094.9,Male,0,No,No,Yes,Yes,DSL,58.19166666666667,0
64,25.0,1584.8,Female,0,Yes,No,Yes,Yes,No,24.38153846153846,0
15,84.35,1302.65,Female,0,No,No,Yes,Yes,Fiber optic,81.415625,0
24,90.35,2238.5,Male,0,No,No,Yes,No,Fiber optic,89.54,1
1,55.55,55.55,Male,0,No,No,Yes,No,DSL,27.775,0
70,75.35,5437.75,Female,0,Yes,Yes,Yes,No,DSL,76.58802816901408,0
1,90.75,90.75,Male,0,Yes,No,Yes,No,Fiber optic,45.375,1
4,89.6,365.65,Female,0,No,Yes,Yes,Yes,Fiber optic,73.13,1
39,59.3,2209.15,Female,0,No,No,Yes,No,DSL,55.228750000000005,0
29,66.1,1912.15,Female,0,No,No,Yes,Yes,DSL,63.73833333333334,0
14,18.8,255.55,Female,0,Yes,Yes,Yes,No,No,17.03666666666667,0
61,86.45,5175.3,Female,0,No,No,Yes,Yes,DSL,83.47258064516129,0
13,52.1,670.65,Male,0,No,Yes,Yes,No,DSL,47.903571428571425,0
66,47.4,3177.25,Female,0,No,No,No,No phone service,DSL,47.42164179104478,0
2,49.25,90.35,Male,0,No,No,No,No phone service,DSL,30.116666666666664,1
59,109.15,6557.75,Female,0,Yes,No,Yes,Yes,Fiber optic,109.29583333333333,0
62,94.95,5791.85,Male,0,Yes,Yes,Yes,Yes,Fiber optic,91.93412698412699,0
33,93.55,3055.5,Male,1,Yes,No,Yes,No,Fiber optic,89.86764705882354,0
66,79.5,5196.1,Male,0,No,Yes,Yes,No,DSL,77.55373134328359,0
72,115.05,8405.0,Female,0,No,No,Yes,Yes,Fiber optic,115.13698630136986,0
1,19.75,19.75,Male,0,No,Yes,Yes,No,No,9.875,1
19,95.15,1789.25,Female,0,No,No,Yes,Yes,Fiber optic,89.4625,1
51,95.15,5000.05,Female,0,Yes,Yes,Yes,Yes,Fiber optic,96.1548076923077,0
63,105.4,6713.2,Male,0,No,No,Yes,Yes,Fiber optic,104.89375,0
27,20.1,562.6,Male,0,No,No,Yes,No,No,20.092857142857145,0
22,101.35,2317.1,Male,0,No,No,Yes,Yes,Fiber optic,100.74347826086957,1
4,20.05,91.45,Female,1,No,No,Yes,No,No,18.29,0
42,20.7,828.85,Male,0,Yes,Yes,Yes,No,No,19.275581395348837,0
29,20.35,617.35,Female,0,No,No,Yes,No,No,20.578333333333333,0
4,70.05,266.9,Female,0,No,No,Yes,No,Fiber optic,53.379999999999995,1
30,19.7,625.05,Male,0,No,No,Yes,No,No,20.16290322580645,0
4,74.65,301.4,Male,0,Yes,No,Yes,Yes,Fiber optic,60.279999999999994,1
71,85.45,6029.9,Male,0,Yes,Yes,Yes,No,DSL,83.7486111111111,0
46,40.4,1842.7,Male,0,Yes,No,No,No phone service,DSL,39.206382978723404,0
4,50.4,206.6,Male,0,No,No,Yes,Yes,DSL,41.32,1
7,79.65,604.7,Female,0,No,No,Yes,Yes,Fiber optic,75.5875,1
69,105.2,7386.05,Male,0,No,No,Yes,Yes,Fiber optic,105.515,0
72,100.65,7334.05,Female,0,Yes,No,Yes,Yes,Fiber optic,100.46643835616439,0
19,79.85,1471.75,Male,1,No,No,Yes,Yes,Fiber optic,73.5875,1
28,91.0,2626.15,Male,0,No,No,Yes,No,Fiber optic,90.55689655172414,0
5,78.75,412.1,Male,0,Yes,No,Yes,Yes,Fiber optic,68.68333333333334,1
72,116.75,8277.05,Female,1,Yes,No,Yes,Yes,Fiber optic,113.38424657534246,0
8,80.45,583.45,Male,1,Yes,Yes,Yes,No,Fiber optic,64.82777777777778,1
7,59.1,369.25,Female,0,No,No,Yes,No,DSL,46.15625,0
22,49.8,1049.05,Female,0,No,No,Yes,No,DSL,45.61086956521739,0
72,19.3,1414.8,Male,0,No,No,Yes,No,No,19.38082191780822,0
8,19.65,169.75,Male,0,Yes,Yes,Yes,No,No,18.86111111111111,0
52,81.4,4354.45,Male,0,Yes,No,Yes,Yes,DSL,82.15943396226415,0
68,38.9,2719.2,Female,0,No,No,No,No phone service,DSL,39.40869565217391,0
71,87.95,6365.35,Female,0,Yes,No,Yes,Yes,DSL,88.4076388888889,0
2,19.85,51.6,Male,0,No,No,Yes,No,No,17.2,0
34,96.35,3190.25,Female,1,No,No,Yes,Yes,Fiber optic,91.15,0
35,24.15,812.5,Female,0,No,No,No,No phone service,DSL,22.569444444444443,0
61,19.1,1143.8,Female,0,Yes,Yes,Yes,No,No,18.448387096774194,0
1,44.0,44.0,Male,0,No,No,Yes,No,DSL,22.0,0
1,50.1,50.1,Female,0,No,No,Yes,Yes,DSL,25.05,1
53,60.6,3297.0,Female,0,Yes,Yes,Yes,No,DSL,61.05555555555556,0
72,25.65,1887.0,Female,0,Yes,No,Yes,Yes,No,25.84931506849315,0
2,76.4,151.8,Male,0,Yes,No,Yes,No,Fiber optic,50.6,1
3,98.7,293.65,Male,0,No,No,Yes,No,Fiber optic,73.4125,1
13,100.8,1308.1,Female,1,No,No,Yes,Yes,Fiber optic,93.43571428571428,1
41,53.95,2215.4,Male,1,Yes,No,No,No phone service,DSL,52.74761904761905,0
24,20.4,482.8,Female,0,Yes,No,Yes,No,No,19.312,0
28,90.1,2598.95,Female,0,Yes,Yes,Yes,No,Fiber optic,89.61896551724138,1
8,29.35,216.45,Male,0,No,No,No,No phone service,DSL,24.049999999999997,0
1,20.45,20.45,Male,0,No,No,Yes,No,No,10.225,0
54,95.1,5064.85,Female,0,No,No,Yes,Yes,Fiber optic,92.08818181818182,0
41,25.25,996.45,Male,0,No,No,Yes,Yes,No,23.725,0
19,44.9,839.65,Female,0,Yes,No,Yes,No,DSL,41.9825,0
72,92.65,6733.0,Female,0,Yes,Yes,Yes,Yes,DSL,92.23287671232876,0
62,43.7,2618.3,Male,0,No,No,No,No phone service,DSL,41.560317460317464,0
56,72.6,4084.35,Female,1,Yes,Yes,Yes,No,DSL,71.65526315789474,0
15,51.55,765.5,Male,0,No,No,Yes,Yes,DSL,47.84375,1
10,79.25,793.55,Male,1,No,No,Yes,No,Fiber optic,72.14090909090909,1
32,18.95,613.95,Male,0,Yes,Yes,Yes,No,No,18.604545454545455,0
21,20.5,402.85,Male,0,No,No,Yes,No,No,18.311363636363637,0
62,19.95,1244.8,Male,0,Yes,Yes,Yes,No,No,19.75873015873016,0
2,24.5,46.4,Female,0,No,No,No,No phone service,DSL,15.466666666666667,0
27,20.6,581.85,Male,0,No,Yes,Yes,No,No,20.780357142857145,0
5,94.85,462.8,Male,0,No,No,Yes,Yes,Fiber optic,77.13333333333334,1
25,61.05,1540.2,Female,0,No,No,No,No phone service,DSL,59.23846153846154,0
2,85.7,169.8,Female,0,No,No,Yes,Yes,Fiber optic,56.6,1
49,106.65,5168.1,Male,0,No,No,Yes,Yes,Fiber optic,103.36200000000001,0
63,108.25,6780.1,Female,0,No,No,Yes,Yes,Fiber optic,105.9390625,0
4,20.4,94.5,Female,0,No,Yes,Yes,No,No,18.9,0
1,55.3,55.3,Female,0,Yes,No,Yes,No,DSL,27.65,0
11,20.25,208.0,Male,0,No,No,Yes,No,No,17.333333333333332,0
52,72.95,3829.75,Male,1,No,No,Yes,Yes,Fiber optic,72.25943396226415,0
60,89.45,5294.6,Female,1,Yes,No,Yes,Yes,Fiber optic,86.79672131147541,0
64,104.65,6889.8,Male,0,No,No,Yes,Yes,Fiber optic,105.99692307692308,0
43,75.2,3254.35,Female,0,Yes,Yes,Yes,No,DSL,73.96249999999999,0
61,101.15,6383.9,Female,0,Yes,No,Yes,Yes,Fiber optic,102.96612903225805,0
1,44.4,44.4,Female,0,No,No,Yes,No,DSL,22.2,1
5,89.5,477.7,Male,1,No,No,Yes,No,Fiber optic,79.61666666666666,1
66,68.75,4447.55,Male,0,No,No,Yes,Yes,DSL,66.3813432835821,0
67,111.05,7321.05,Male,0,Yes,No,Yes,No,Fiber optic,107.66250000000001,0
42,99.0,4135.0,Female,0,Yes,No,Yes,No,Fiber optic,96.16279069767442,0
1,86.05,86.05,Male,1,Yes,No,Yes,Yes,Fiber optic,43.025,1
31,21.0,697.7,Female,0,Yes,Yes,Yes,No,No,21.803125,0
7,19.4,168.65,Male,0,No,No,Yes,No,No,21.08125,0
4,44.55,174.3,Male,0,No,No,No,No phone service,DSL,34.86,1
34,77.2,2753.8,Male,0,Yes,Yes,Yes,Yes,DSL,78.68,0
3,19.45,69.25,Male,0,No,No,Yes,No,No,17.3125,0
19,24.85,434.8,Female,0,Yes,Yes,No,No phone service,DSL,21.740000000000002,0
31,35.4,1077.5,Male,0,Yes,Yes,No,No phone service,DSL,33.671875,1
1,95.65,95.65,Female,0,No,No,Yes,Yes,Fiber optic,47.825,1
3,41.35,107.25,Male,0,No,No,No,No phone service,DSL,26.8125,0
46,19.6,851.2,Male,0,Yes,No,Yes,No,No,18.11063829787234,0
1,20.95,20.95,Female,0,No,No,Yes,No,No,10.475,1
69,84.45,5848.6,Female,0,Yes,Yes,Yes,Yes,Fiber optic,83.55142857142857,0
5,20.25,109.8,Male,0,No,No,Yes,No,No,18.3,0
1,19.65,19.65,Male,0,No,No,Yes,No,No,9.825,0
26,20.65,595.5,Male,0,No,No,Yes,No,No,22.055555555555557,0
10,34.7,329.8,Female,1,No,No,No,No phone service,DSL,29.981818181818184,1
25,99.3,2513.5,Male,0,No,No,Yes,No,Fiber optic,96.67307692307692,0
64,81.05,5135.35,Male,0,Yes,Yes,Yes,No,Fiber optic,79.00538461538463,0
30,67.6,2000.2,Male,0,Yes,Yes,Yes,Yes,DSL,64.5225806451613,0
13,70.15,931.75,Male,0,No,No,Yes,No,Fiber optic,66.55357142857143,0
64,115.0,7396.15,Female,0,Yes,No,Yes,Yes,Fiber optic,113.78692307692307,0
46,84.8,3958.85,Female,0,No,Yes,Yes,Yes,Fiber optic,84.23085106382979,0
12,19.7,260.9,Female,0,No,No,Yes,No,No,20.069230769230767,0
15,19.75,297.3,Female,0,No,No,Yes,No,No,18.58125,1
17,92.55,1515.1,Male,0,Yes,Yes,Yes,Yes,Fiber optic,84.17222222222222,1
13,63.15,816.8,Female,0,Yes,Yes,Yes,No,DSL,58.34285714285714,0
67,74.0,4868.4,Female,0,Yes,Yes,Yes,Yes,DSL,71.59411764705882,0
24,29.1,688.0,Male,0,Yes,No,No,No phone service,DSL,27.52,0
6,50.05,288.35,Male,0,No,No,Yes,No,DSL,41.19285714285714,0
53,60.05,3229.65,Male,1,Yes,No,Yes,Yes,DSL,59.80833333333334,1
16,74.3,1178.25,Male,1,Yes,No,Yes,No,Fiber optic,69.30882352941177,1
10,20.0,185.4,Male,0,No,No,Yes,No,No,16.854545454545455,0
13,74.65,966.25,Female,0,No,No,Yes,No,Fiber optic,69.01785714285714,0
9,85.35,758.6,Male,0,No,No,Yes,Yes,Fiber optic,75.86,1
25,74.3,1863.8,Female,0,No,No,Yes,No,DSL,71.68461538461538,1
7,44.4,265.8,Male,1,No,No,No,No phone service,DSL,33.225,0
38,85.4,3297.0,Male,0,Yes,Yes,Yes,Yes,DSL,84.53846153846153,0
43,94.1,4107.3,Female,0,Yes,No,Yes,Yes,Fiber optic,93.34772727272728,0
4,98.1,396.3,Female,0,No,Yes,Yes,No,Fiber optic,79.26,1
25,108.9,2809.05,Female,0,No,No,Yes,Yes,Fiber optic,108.04038461538462,0
27,56.2,1567.55,Male,0,No,Yes,Yes,No,DSL,55.98392857142857,0
72,26.1,1851.45,Male,0,Yes,Yes,Yes,Yes,No,25.362328767123287,0
71,85.45,6028.95,Male,0,No,Yes,Yes,Yes,Fiber optic,83.73541666666667,0
24,88.95,2072.75,Female,0,No,No,Yes,Yes,Fiber optic,82.91,0
50,109.65,5551.15,Female,0,No,No,Yes,Yes,Fiber optic,108.84607843137255,1
57,74.35,4317.35,Male,0,No,No,Yes,No,DSL,74.43706896551724,0
15,48.85,736.8,Female,0,No,No,Yes,No,DSL,46.05,0
4,80.1,336.15,Male,0,No,No,Yes,Yes,Fiber optic,67.22999999999999,0
28,56.05,1522.65,Female,0,No,No,Yes,No,DSL,52.505172413793105,0
9,74.55,622.9,Female,1,No,No,Yes,Yes,Fiber optic,62.29,1
55,89.8,4959.6,Female,0,Yes,No,Yes,Yes,Fiber optic,88.56428571428572,0
3,100.95,329.95,Male,0,No,No,Yes,Yes,Fiber optic,82.4875,1
10,94.9,1048.85,Male,0,No,No,Yes,No,Fiber optic,95.35,1
55,19.1,1001.5,Male,0,No,Yes,Yes,No,No,17.883928571428573,0
20,20.35,442.6,Female,0,Yes,Yes,Yes,No,No,21.076190476190476,0
62,106.05,6703.5,Female,0,Yes,Yes,Yes,Yes,Fiber optic,106.4047619047619,0
32,104.9,3351.55,Male,1,Yes,No,Yes,Yes,Fiber optic,101.56212121212121,1
43,19.65,779.25,Female,0,No,No,Yes,No,No,17.710227272727273,0
9,24.1,259.8,Male,0,Yes,No,No,No phone service,DSL,25.98,1
60,59.85,3483.45,Female,0,Yes,No,Yes,No,DSL,57.10573770491803,0
58,86.1,4890.5,Male,0,Yes,No,Yes,Yes,DSL,82.88983050847457,0
7,19.45,136.75,Male,0,No,Yes,Yes,No,No,17.09375,0
2,97.1,184.15,Male,0,Yes,Yes,Yes,No,Fiber optic,61.38333333333333,0
37,36.65,1315.0,Male,1,No,No,No,No phone service,DSL,34.60526315789474,0
65,103.9,6767.1,Female,1,Yes,Yes,Yes,Yes,Fiber optic,102.53181818181818,0
39,19.75,757.95,Female,0,Yes,Yes,Yes,No,No,18.94875,0
66,104.05,6890.0,Male,0,Yes,No,Yes,Yes,Fiber optic,102.83582089552239,1
68,24.55,1657.4,Male,0,No,No,Yes,Yes,No,24.020289855072466,0
62,48.7,3008.55,Female,0,Yes,Yes,No,No phone service,DSL,47.75476190476191,0
3,88.35,262.05,Male,0,No,No,Yes,No,Fiber optic,65.5125,1
72,109.55,8165.1,Female,0,Yes,No,Yes,Yes,Fiber optic,111.85068493150685,0
41,20.65,875.55,Female,0,Yes,No,Yes,No,No,20.84642857142857,0
29,94.65,2649.15,Male,0,Yes,Yes,Yes,No,Fiber optic,88.305,1
4,55.2,220.65,Female,0,No,No,Yes,No,DSL,44.13,0
53,24.05,1301.9,Male,0,No,No,Yes,Yes,No,24.10925925925926,0
1,74.4,74.4,Male,1,Yes,No,Yes,Yes,Fiber optic,37.2,1
41,79.9,3326.2,Female,0,Yes,Yes,Yes,Yes,DSL,79.1952380952381,1
39,20.45,790.0,Male,0,Yes,No,Yes,No,No,19.75,0
63,19.25,1237.65,Male,0,Yes,No,Yes,No,No,19.33828125,0
15,26.35,378.6,Male,0,No,No,Yes,Yes,No,23.6625,0
13,43.8,592.65,Female,0,Yes,No,Yes,No,DSL,42.332142857142856,0
1,50.15,50.15,Male,0,No,No,Yes,No,DSL,25.075,0
1,20.45,20.45,Male,0,No,No,Yes,No,No,10.225,0
8,69.7,560.85,Male,1,No,No,Yes,No,Fiber optic,62.31666666666667,1
60,61.4,3638.25,Male,0,No,No,Yes,No,DSL,59.64344262295082,0
12,98.1,1060.2,Female,1,Yes,No,Yes,Yes,Fiber optic,81.55384615384615,1
40,70.75,2921.75,Male,0,Yes,No,Yes,Yes,DSL,71.26219512195122,0
66,61.15,4017.45,Female,0,No,No,Yes,No,DSL,59.96194029850746,0
42,20.25,854.9,Male,0,Yes,Yes,Yes,No,No,19.88139534883721,0
66,63.85,4174.35,Female,1,No,No,Yes,Yes,DSL,62.30373134328359,0
49,98.7,4920.55,Male,0,No,No,Yes,Yes,Fiber optic,98.411,0
1,20.5,20.5,Female,0,No,No,Yes,No,No,10.25,1
41,20.0,810.3,Female,0,No,No,Yes,No,No,19.29285714285714,0
41,19.3,772.4,Female,0,Yes,Yes,Yes,No,No,18.39047619047619,0
23,84.4,1936.85,Female,0,Yes,Yes,Yes,No,Fiber optic,80.70208333333333,0
3,25.1,79.8,Male,0,No,No,No,No phone service,DSL,19.95,0
4,48.25,202.25,Female,0,No,No,No,No phone service,DSL,40.45,0
52,19.85,1070.5,Female,0,Yes,Yes,Yes,No,No,20.19811320754717,0
4,99.6,347.65,Female,1,Yes,No,Yes,Yes,Fiber optic,69.53,1
11,94.2,999.9,Female,0,No,No,Yes,No,Fiber optic,83.325,0
2,62.15,113.1,Female,0,Yes,No,Yes,No,DSL,37.699999999999996,0
26,79.3,2015.8,Female,0,Yes,No,Yes,Yes,Fiber optic,74.65925925925926,0
24,56.25,1454.25,Male,0,Yes,Yes,Yes,No,DSL,58.17,0
12,20.3,246.7,Female,0,No,No,Yes,No,No,18.976923076923075,0
60,99.0,6017.9,Male,1,Yes,No,Yes,Yes,Fiber optic,98.65409836065574,0
64,90.6,5817.45,Female,0,Yes,Yes,Yes,Yes,DSL,89.49923076923076,0
66,85.9,5595.3,Male,0,Yes,No,Yes,No,DSL,83.51194029850747,0
60,79.2,4765.0,Female,0,No,No,Yes,Yes,Fiber optic,78.11475409836065,0
17,70.35,1201.65,Male,0,Yes,Yes,Yes,Yes,DSL,66.75833333333334,0
42,19.35,867.3,Male,0,Yes,Yes,Yes,No,No,20.169767441860465,0
1,50.15,50.15,Male,0,No,No,Yes,Yes,DSL,25.075,0
47,63.8,3007.25,Female,0,Yes,Yes,Yes,No,DSL,62.651041666666664,0
10,20.55,252.75,Female,0,Yes,No,Yes,No,No,22.977272727272727,0
70,88.55,6306.5,Male,1,Yes,No,Yes,Yes,DSL,88.82394366197182,0
67,101.4,6841.05,Male,1,No,No,Yes,Yes,Fiber optic,100.60367647058824,0
1,81.95,81.95,Female,0,No,No,Yes,No,Fiber optic,40.975,1
7,69.35,451.1,Male,0,Yes,No,Yes,No,Fiber optic,56.3875,1
1,44.6,44.6,Male,0,No,No,Yes,No,DSL,22.3,0
4,63.75,226.2,Male,0,No,No,Yes,No,DSL,45.239999999999995,0
66,109.25,7082.5,Female,0,Yes,Yes,Yes,Yes,Fiber optic,105.7089552238806,0
12,84.6,1017.35,Female,0,No,No,Yes,No,Fiber optic,78.25769230769231,0
24,20.45,527.35,Female,0,No,No,Yes,No,No,21.094,0
26,85.75,2146.5,Male,0,No,No,Yes,No,Fiber optic,79.5,0
6,91.1,455.3,Female,0,No,No,Yes,No,Fiber optic,65.04285714285714,1
57,107.95,5969.85,Male,0,Yes,No,Yes,Yes,Fiber optic,102.92844827586208,0
14,86.1,1235.55,Male,0,Yes,No,Yes,Yes,Fiber optic,82.36999999999999,1
42,22.95,1014.25,Female,0,Yes,Yes,Yes,Yes,No,23.587209302325583,0
25,94.7,2362.1,Male,0,No,No,Yes,Yes,Fiber optic,90.85,1
64,19.45,1225.65,Female,0,Yes,No,Yes,No,No,18.85615384615385,0
22,85.1,1873.7,Male,0,Yes,No,Yes,Yes,Fiber optic,81.46521739130435,1
19,19.7,386.5,Male,0,No,No,Yes,No,No,19.325,0
61,99.15,6010.05,Female,0,Yes,Yes,Yes,Yes,Fiber optic,96.93629032258065,1
22,87.0,1850.65,Male,0,Yes,No,Yes,No,Fiber optic,80.46304347826087,0
70,102.95,7101.5,Male,1,Yes,No,Yes,Yes,Fiber optic,100.02112676056338,1
12,79.95,1043.4,Male,0,No,No,Yes,No,Fiber optic,80.26153846153846,0
31,64.0,1910.75,Female,0,Yes,No,Yes,No,DSL,59.7109375,0
11,64.9,716.1,Female,0,No,No,Yes,No,DSL,59.675000000000004,0
68,25.75,1686.15,Male,0,Yes,Yes,Yes,Yes,No,24.43695652173913,0
72,90.15,6716.45,Female,1,Yes,Yes,Yes,Yes,DSL,92.00616438356164,0
67,116.1,7839.85,Male,1,No,No,Yes,Yes,Fiber optic,115.29191176470589,0
60,104.95,6236.75,Female,0,No,No,Yes,No,Fiber optic,102.24180327868852,0
1,45.05,45.05,Male,0,No,No,Yes,No,DSL,22.525,1
1,71.0,71.0,Female,1,No,Yes,Yes,No,Fiber optic,35.5,1
58,50.0,2919.85,Male,0,Yes,Yes,No,No phone service,DSL,49.48898305084746,0
47,70.55,3309.25,Female,1,Yes,Yes,Yes,No,Fiber optic,68.94270833333333,1
1,79.7,79.7,Female,0,No,No,Yes,No,Fiber optic,39.85,1
1,20.45,20.45,Male,0,No,No,Yes,No,No,10.225,0
22,59.0,1254.7,Male,0,No,No,Yes,Yes,DSL,54.55217391304348,1
48,60.35,2896.4,Female,0,No,No,Yes,No,DSL,59.11020408163265,1
37,19.85,717.5,Female,0,Yes,No,Yes,No,No,18.88157894736842,0
13,19.95,253.8,Male,0,No,No,Yes,No,No,18.12857142857143,0
43,26.45,1110.05,Male,0,No,No,Yes,Yes,No,25.22840909090909,0
6,63.4,348.8,Female,0,No,No,No,No phone service,DSL,49.82857142857143,0
71,53.95,3888.65,Male,0,No,No,No,No phone service,DSL,54.00902777777778,0
1,69.25,69.25,Female,1,Yes,Yes,Yes,No,Fiber optic,34.625,1
72,95.1,6843.15,Female,0,Yes,Yes,Yes,Yes,Fiber optic,93.7417808219178,0
6,74.1,450.9,Female,1,No,No,Yes,No,Fiber optic,64.41428571428571,0
12,35.5,432.25,Male,0,Yes,Yes,No,No phone service,DSL,33.25,0
25,70.95,1767.35,Male,0,No,No,Yes,No,Fiber optic,67.975,1
21,79.2,1742.45,Female,0,Yes,No,Yes,No,Fiber optic,79.20227272727273,0
6,48.8,297.35,Female,0,Yes,Yes,Yes,No,DSL,42.478571428571435,0
20,89.0,1820.45,Male,0,Yes,No,Yes,No,Fiber optic,86.68809523809524,1
18,99.4,1742.95,Male,0,Yes,No,Yes,Yes,Fiber optic,91.73421052631579,1
43,55.45,2444.25,Female,0,No,No,Yes,No,DSL,55.55113636363637,0
35,25.4,949.8,Female,0,Yes,Yes,Yes,Yes,No,26.383333333333333,0
1,73.5,73.5,Female,0,No,No,Yes,No,Fiber optic,36.75,1
32,93.5,2970.8,Male,1,Yes,No,Yes,Yes,Fiber optic,90.02424242424243,0
52,63.9,3334.95,Male,0,No,No,No,No phone service,DSL,62.92358490566038,0
32,64.85,2010.95,Male,0,No,No,Yes,No,DSL,60.93787878787879,0
72,63.8,4684.3,Female,0,Yes,Yes,No,No phone service,DSL,64.16849315068494,0
51,44.45,2181.55,Male,0,No,No,No,No phone service,DSL,41.95288461538462,0
68,19.95,1303.25,Male,0,Yes,Yes,Yes,No,No,18.88768115942029,0
8,43.35,371.4,Male,1,Yes,No,No,No phone service,DSL,41.266666666666666,0
49,49.65,2409.9,Male,0,Yes,No,No,No phone service,DSL,48.198,0
72,85.1,6155.4,Female,0,Yes,No,Yes,No,DSL,84.32054794520548,0
9,95.5,829.1,Male,0,No,No,Yes,Yes,Fiber optic,82.91,1
28,92.35,2602.9,Female,0,Yes,No,Yes,No,Fiber optic,89.7551724137931,1
54,89.8,4667.0,Male,0,No,No,Yes,No,Fiber optic,84.85454545454546,0
11,74.55,824.75,Male,0,No,No,Yes,No,Fiber optic,68.72916666666667,1
50,103.05,5153.5,Female,0,Yes,Yes,Yes,No,Fiber optic,101.04901960784314,0
69,116.0,8182.85,Female,0,Yes,No,Yes,Yes,Fiber optic,116.89785714285715,0
1,69.9,69.9,Male,0,No,No,Yes,No,Fiber optic,34.95,0
68,95.1,6683.4,Male,0,Yes,Yes,Yes,No,Fiber optic,96.86086956521739,0
40,40.25,1564.05,Male,0,No,Yes,No,No phone service,DSL,38.14756097560976,0
31,25.75,755.6,Male,0,Yes,Yes,Yes,Yes,No,23.6125,0
33,105.35,3465.05,Female,1,No,Yes,Yes,Yes,Fiber optic,101.91323529411765,0
55,113.6,6292.7,Male,1,Yes,No,Yes,Yes,Fiber optic,112.36964285714285,0
68,24.0,1664.3,Male,0,Yes,Yes,Yes,Yes,No,24.120289855072464,0
12,19.4,198.1,Female,0,Yes,Yes,Yes,No,No,15.238461538461538,0
71,86.1,6045.9,Male,0,Yes,No,Yes,No,DSL,83.97083333333333,0
40,102.65,4108.15,Male,0,No,No,Yes,Yes,Fiber optic,100.19878048780487,0
64,92.85,5980.75,Female,0,Yes,Yes,Yes,Yes,Fiber optic,92.01153846153846,0
53,97.75,5043.2,Male,0,Yes,No,Yes,Yes,Fiber optic,93.39259259259259,0
12,83.8,1029.75,Male,1,No,No,Yes,No,Fiber optic,79.21153846153847,1
53,54.45,2854.55,Male,1,No,No,No,No phone service,DSL,52.86203703703704,1
72,97.95,7114.25,Male,0,Yes,No,Yes,Yes,Fiber optic,97.45547945205479,0
46,19.95,907.05,Male,0,No,No,Yes,No,No,19.298936170212766,0
40,24.6,973.95,Male,0,No,No,Yes,Yes,No,23.75487804878049,0
12,50.95,605.75,Male,0,No,No,No,No phone service,DSL,46.59615384615385,0
9,75.6,661.55,Male,0,No,No,Yes,No,Fiber optic,66.155,0
51,80.75,4116.9,Female,0,Yes,Yes,Yes,Yes,Fiber optic,79.17115384615384,0
49,90.4,4494.65,Male,0,Yes,Yes,Yes,No,Fiber optic,89.89299999999999,0
41,99.8,4259.3,Male,1,Yes,No,Yes,Yes,Fiber optic,101.41190476190476,1
56,60.25,3282.75,Female,0,No,No,Yes,No,DSL,57.5921052631579,0
4,20.2,55.7,Male,0,No,No,Yes,No,No,11.14,0
20,64.15,1274.45,Male,0,Yes,No,Yes,No,DSL,60.688095238095244,0
26,20.25,493.95,Female,0,Yes,Yes,Yes,No,No,18.294444444444444,0
20,105.85,2239.65,Female,0,Yes,Yes,Yes,Yes,Fiber optic,106.65,1
7,75.45,480.75,Female,0,No,No,Yes,Yes,Fiber optic,60.09375,1
7,93.85,635.6,Male,0,No,No,Yes,Yes,Fiber optic,79.45,1
51,99.0,5038.15,Male,0,No,No,Yes,No,Fiber optic,96.88749999999999,0
4,80.3,324.2,Female,0,No,No,Yes,Yes,Fiber optic,64.84,0
1,19.55,19.55,Female,0,No,No,Yes,No,No,9.775,0
27,100.75,2793.55,Male,0,Yes,Yes,Yes,Yes,Fiber optic,99.76964285714287,0
22,100.75,2095.0,Male,0,No,No,Yes,Yes,Fiber optic,91.08695652173913,1
12,53.75,648.65,Male,0,No,No,Yes,No,DSL,49.896153846153844,0
3,31.0,95.05,Female,0,Yes,Yes,No,No phone service,DSL,23.7625,1
34,25.6,917.15,Female,0,Yes,Yes,Yes,Yes,No,26.204285714285714,0
24,58.35,1346.9,Male,0,Yes,No,Yes,Yes,DSL,53.876000000000005,0
51,80.0,4242.35,Male,0,No,No,Yes,Yes,Fiber optic,81.58365384615385,1
14,46.35,672.7,Female,1,No,No,No,No phone service,DSL,44.84666666666667,0
59,113.75,6561.25,Male,0,Yes,No,Yes,Yes,Fiber optic,109.35416666666667,0
3,90.4,268.45,Male,0,No,No,Yes,No,Fiber optic,67.1125,0
65,109.3,7337.55,Female,0,Yes,Yes,Yes,Yes,Fiber optic,111.175,0
5,70.25,331.9,Male,1,No,No,Yes,No,Fiber optic,55.31666666666666,1
59,90.3,5194.05,Female,0,Yes,Yes,Yes,Yes,DSL,86.56750000000001,0
72,65.25,4478.85,Male,0,Yes,Yes,No,No phone service,DSL,61.3541095890411,0
62,100.15,6283.3,Female,0,Yes,Yes,Yes,No,Fiber optic,99.73492063492064,1
28,94.5,2659.4,Male,0,No,No,Yes,Yes,Fiber optic,91.70344827586207,1
3,60.65,196.9,Male,0,No,No,Yes,No,DSL,49.225,0
19,24.1,439.2,Male,0,No,Yes,Yes,Yes,No,21.96,0
1,19.5,19.5,Male,0,No,No,Yes,No,No,9.75,0
24,85.95,2107.15,Male,0,No,No,Yes,No,Fiber optic,84.286,0
57,53.5,3035.8,Male,1,No,No,Yes,No,DSL,52.341379310344834,0
72,25.45,1866.45,Female,0,No,No,Yes,Yes,No,25.567808219178083,0
67,20.5,1430.95,Male,0,No,No,Yes,No,No,21.043382352941176,0
52,20.85,1071.6,Male,0,Yes,Yes,Yes,No,No,20.2188679245283,0
71,89.9,6457.15,Male,0,Yes,Yes,Yes,Yes,DSL,89.68263888888889,0
26,26.0,684.05,Female,0,Yes,No,Yes,Yes,No,25.335185185185182,0
35,113.2,3914.05,Female,0,No,No,Yes,Yes,Fiber optic,108.72361111111111,0
55,69.05,3842.6,Female,0,Yes,Yes,Yes,No,Fiber optic,68.61785714285715,0
33,20.1,670.35,Female,0,Yes,Yes,Yes,No,No,19.716176470588238,0
72,109.65,7880.25,Male,0,Yes,No,Yes,Yes,Fiber optic,107.9486301369863,0
1,19.2,19.2,Male,0,No,Yes,Yes,No,No,9.6,0
10,33.9,298.45,Male,0,No,No,No,No phone service,DSL,27.13181818181818,1
37,90.0,3371.75,Female,1,Yes,No,Yes,No,Fiber optic,88.73026315789474,0
12,34.0,442.45,Male,0,No,No,No,No phone service,DSL,34.034615384615385,0
1,20.4,20.4,Male,0,Yes,Yes,Yes,No,No,10.2,0
62,38.6,2345.55,Male,0,Yes,No,No,No phone service,DSL,37.23095238095238,0
1,25.25,25.25,Female,0,No,No,No,No phone service,DSL,12.625,0
18,60.6,1156.35,Female,0,No,No,Yes,Yes,DSL,60.86052631578947,0
69,89.95,6143.15,Male,1,Yes,No,Yes,Yes,Fiber optic,87.75928571428571,1
2,74.75,144.8,Male,0,No,No,Yes,No,Fiber optic,48.26666666666667,0
19,20.6,414.95,Male,0,Yes,Yes,Yes,No,No,20.7475,0
12,84.45,1059.55,Male,0,No,No,Yes,Yes,Fiber optic,81.50384615384615,1
9,20.4,181.8,Male,0,No,No,Yes,No,No,18.18,0
27,81.7,2212.55,Male,0,No,No,Yes,No,DSL,79.01964285714287,0
27,79.5,2180.55,Male,0,No,Yes,Yes,Yes,Fiber optic,77.87678571428572,1
1,89.15,89.15,Male,0,Yes,Yes,Yes,No,Fiber optic,44.575,1
24,20.3,459.95,Female,1,No,No,Yes,No,No,18.398,0
14,74.95,1036.75,Male,1,No,No,Yes,Yes,Fiber optic,69.11666666666666,1
32,74.4,2276.95,Female,1,No,No,Yes,No,Fiber optic,68.99848484848485,1
11,20.0,211.95,Female,0,No,No,Yes,No,No,17.662499999999998,0
1,25.0,25.0,Male,0,No,No,Yes,Yes,No,12.5,0
38,80.45,3162.65,Male,1,No,Yes,Yes,Yes,Fiber optic,81.09358974358975,0
9,19.75,210.65,Female,0,Yes,Yes,Yes,No,No,21.065,0
54,65.65,3566.7,Male,0,Yes,Yes,Yes,Yes,DSL,64.8490909090909,0
29,71.0,2080.1,Female,0,No,No,Yes,Yes,DSL,69.33666666666666,0
44,89.2,4040.2,Male,1,Yes,No,Yes,Yes,Fiber optic,89.78222222222222,0
59,86.75,5186.0,Male,0,Yes,Yes,Yes,No,DSL,86.43333333333334,0
3,55.3,196.15,Female,0,No,No,Yes,No,DSL,49.0375,1
18,61.5,1087.45,Female,0,Yes,Yes,Yes,No,DSL,57.23421052631579,0
67,25.1,1672.15,Male,1,No,No,Yes,Yes,No,24.59044117647059,0
22,55.15,1206.05,Female,0,Yes,Yes,Yes,No,DSL,52.43695652173913,1
33,34.05,1113.95,Male,0,No,Yes,No,No phone service,DSL,32.76323529411765,0
5,19.95,107.05,Male,0,No,No,Yes,No,No,17.841666666666665,0
2,19.95,38.15,Female,0,No,No,Yes,No,No,12.716666666666667,0
72,89.7,6339.3,Male,0,Yes,Yes,Yes,Yes,DSL,86.83972602739726,0
9,20.4,184.1,Male,0,No,Yes,Yes,No,No,18.41,0
67,26.3,1688.9,Male,0,Yes,Yes,Yes,Yes,No,24.836764705882356,0
16,84.95,1378.25,Female,0,Yes,No,Yes,Yes,Fiber optic,81.07352941176471,1
8,20.7,137.6,Female,0,No,No,Yes,No,No,15.288888888888888,0
5,43.25,219.0,Male,0,No,No,No,No phone service,DSL,36.5,1
23,48.35,1067.15,Male,0,Yes,Yes,Yes,Yes,DSL,44.46458333333334,1
1,79.55,79.55,Male,0,No,No,Yes,No,Fiber optic,39.775,1
50,71.05,3444.85,Female,1,Yes,No,Yes,No,Fiber optic,67.54607843137255,1
17,19.45,369.05,Male,0,No,No,Yes,No,No,20.50277777777778,0
68,110.8,7553.6,Female,0,Yes,No,Yes,Yes,Fiber optic,109.47246376811594,0
1,84.5,84.5,Male,0,No,No,Yes,Yes,Fiber optic,42.25,1
25,69.3,1813.1,Female,1,Yes,No,Yes,No,Fiber optic,69.73461538461538,0
67,49.35,3321.35,Male,0,No,No,No,No phone service,DSL,48.84338235294118,0
32,20.35,707.5,Male,0,No,No,Yes,No,No,21.439393939393938,0
67,105.6,7112.15,Female,1,Yes,No,Yes,Yes,Fiber optic,104.59044117647058,0
72,64.45,4641.1,Male,1,Yes,No,No,No phone service,DSL,63.57671232876713,0
71,108.6,7690.9,Male,0,Yes,No,Yes,Yes,Fiber optic,106.81805555555555,1
1,49.9,49.9,Male,0,No,Yes,Yes,No,DSL,24.95,0
46,30.3,1380.1,Male,0,No,No,No,No phone service,DSL,29.363829787234042,1
2,30.4,78.65,Female,1,No,No,No,No phone service,DSL,26.21666666666667,1
1,45.4,45.4,Female,0,No,No,Yes,No,DSL,22.7,1
48,65.65,3094.65,Female,0,Yes,No,Yes,No,DSL,63.156122448979595,0
61,103.3,6518.35,Female,0,Yes,No,Yes,Yes,Fiber optic,105.13467741935484,0
32,84.15,2585.95,Female,0,Yes,No,Yes,No,Fiber optic,78.36212121212121,1
2,44.45,82.7,Female,0,No,No,Yes,No,DSL,27.566666666666666,0
3,19.75,58.85,Female,0,No,No,Yes,No,No,14.7125,1
5,85.4,425.9,Female,0,No,No,Yes,No,Fiber optic,70.98333333333333,1
71,89.9,6342.7,Female,0,Yes,Yes,Yes,Yes,DSL,88.09305555555555,0
37,55.05,2030.75,Male,0,Yes,No,Yes,Yes,DSL,53.44078947368421,0
65,104.1,6700.05,Male,0,Yes,Yes,Yes,Yes,Fiber optic,101.51590909090909,0
67,106.6,7244.7,Female,0,No,Yes,Yes,Yes,Fiber optic,106.53970588235293,0
49,75.2,3678.3,Male,0,No,Yes,Yes,Yes,Fiber optic,73.566,1
50,70.5,3486.65,Male,0,Yes,Yes,Yes,Yes,DSL,68.36568627450981,0
25,19.6,411.15,Male,0,Yes,Yes,Yes,No,No,15.813461538461537,0
17,55.85,937.5,Female,0,No,Yes,Yes,Yes,DSL,52.083333333333336,1
64,24.05,1559.15,Female,0,Yes,Yes,Yes,Yes,No,23.986923076923077,0
25,38.1,970.4,Male,0,Yes,No,No,No phone service,DSL,37.323076923076925,0
23,106.4,2483.5,Male,1,No,No,Yes,Yes,Fiber optic,103.47916666666667,1
24,34.25,828.2,Male,1,Yes,No,No,No phone service,DSL,33.128,0
37,100.05,3810.55,Female,0,No,No,Yes,Yes,Fiber optic,100.27763157894738,0
21,68.65,1493.2,Female,0,No,No,Yes,No,Fiber optic,67.87272727272727,0
1,45.8,45.8,Male,0,No,No,Yes,No,DSL,22.9,0
10,75.75,777.3,Female,0,No,No,Yes,Yes,Fiber optic,70.66363636363636,0
6,84.4,556.35,Male,0,No,No,Yes,No,Fiber optic,79.47857142857143,1
51,96.4,4911.05,Male,0,Yes,No,Yes,Yes,Fiber optic,94.44326923076923,0
10,20.55,187.35,Female,0,No,No,Yes,No,No,17.03181818181818,0
6,50.95,307.6,Female,0,No,No,No,No phone service,DSL,43.94285714285714,0
47,90.5,4318.35,Male,0,Yes,Yes,Yes,Yes,DSL,89.965625,0
61,79.4,4820.55,Female,0,Yes,Yes,Yes,Yes,DSL,77.7508064516129,0
52,58.75,3038.55,Female,0,No,No,No,No phone service,DSL,57.3311320754717,0
35,59.45,2136.9,Female,0,Yes,Yes,Yes,Yes,DSL,59.358333333333334,0
71,105.7,7472.15,Male,0,Yes,No,Yes,Yes,Fiber optic,103.7798611111111,0
6,56.25,389.1,Female,0,No,No,Yes,No,DSL,55.58571428571429,1
45,53.3,2296.25,Male,0,Yes,No,Yes,No,DSL,49.91847826086956,0
2,85.55,187.45,Female,1,No,No,Yes,Yes,Fiber optic,62.48333333333333,1
4,68.65,261.25,Female,0,No,No,Yes,No,DSL,52.25,1
2,24.3,38.45,Male,0,No,No,No,No phone service,DSL,12.816666666666668,0
4,77.85,299.2,Male,0,No,No,Yes,No,Fiber optic,59.839999999999996,1
51,59.9,3043.6,Male,0,No,No,Yes,Yes,DSL,58.53076923076923,0
60,23.95,1506.4,Male,0,Yes,Yes,Yes,Yes,No,24.695081967213117,0
9,20.15,163.7,Male,0,No,No,Yes,No,No,16.369999999999997,0
3,105.35,323.25,Male,0,No,No,Yes,Yes,Fiber optic,80.8125,1
17,95.65,1640.0,Male,0,No,No,Yes,Yes,Fiber optic,91.11111111111111,0
8,87.05,762.1,Female,0,No,No,Yes,Yes,Fiber optic,84.67777777777778,1
46,81.0,3846.35,Male,0,Yes,Yes,Yes,No,DSL,81.83723404255319,0
68,82.45,5646.6,Female,0,No,No,Yes,No,DSL,81.83478260869566,0
1,53.5,53.5,Male,0,No,No,Yes,No,DSL,26.75,1
4,20.5,79.05,Female,0,Yes,No,Yes,No,No,15.809999999999999,0
1,25.1,25.1,Female,0,No,No,No,No phone service,DSL,12.55,1
28,54.4,1516.6,Male,0,No,Yes,Yes,No,DSL,52.29655172413793,0
39,58.6,2224.5,Female,0,No,No,Yes,No,DSL,55.6125,0
11,84.8,888.75,Male,0,No,No,Yes,No,Fiber optic,74.0625,0
71,61.4,4310.35,Female,0,Yes,No,No,No phone service,DSL,59.865972222222226,0
2,20.4,42.9,Male,0,No,Yes,Yes,No,No,14.299999999999999,0
30,79.65,2365.15,Male,1,Yes,No,Yes,No,Fiber optic,76.29516129032258,1
17,20.15,353.65,Female,0,No,No,Yes,No,No,19.647222222222222,0
55,94.45,5073.1,Female,0,Yes,No,Yes,Yes,Fiber optic,90.59107142857144,0
58,79.8,4526.85,Female,0,No,No,Yes,Yes,Fiber optic,76.72627118644068,0
5,54.2,308.25,Female,0,No,No,Yes,No,DSL,51.375,1
1,19.45,19.45,Female,1,No,No,Yes,No,No,9.725,1
9,74.05,678.45,Male,1,No,No,Yes,Yes,Fiber optic,67.845,0
26,49.15,1237.3,Male,0,No,No,Yes,No,DSL,45.82592592592592,0
50,19.4,1023.95,Female,0,No,No,Yes,No,No,20.077450980392157,0
72,113.65,8182.75,Female,0,Yes,No,Yes,Yes,Fiber optic,112.09246575342466,0
43,106.0,4532.3,Female,0,No,Yes,Yes,No,Fiber optic,103.00681818181819,0
56,25.95,1444.05,Male,0,No,No,Yes,Yes,No,25.33421052631579,0
1,19.1,19.1,Female,0,No,No,Yes,No,No,9.55,0
72,103.4,7372.65,Male,0,Yes,Yes,Yes,Yes,Fiber optic,100.99520547945205,1
72,100.55,7325.1,Male,0,Yes,No,Yes,Yes,Fiber optic,100.34383561643835,0
36,95.4,3474.2,Male,0,Yes,No,Yes,Yes,Fiber optic,93.89729729729729,0
5,75.15,392.65,Male,0,No,No,Yes,No,DSL,65.44166666666666,0
13,84.45,1058.6,Female,0,No,No,Yes,Yes,Fiber optic,75.61428571428571,1
44,89.15,3990.75,Female,1,No,No,Yes,No,Fiber optic,88.68333333333334,0
70,107.9,7475.85,Female,1,Yes,Yes,Yes,Yes,Fiber optic,105.29366197183099,0
44,19.5,835.5,Male,0,No,No,Yes,No,No,18.566666666666666,0
32,85.95,2628.6,Female,1,Yes,No,Yes,Yes,Fiber optic,79.65454545454546,1
69,24.95,1718.35,Female,0,Yes,No,Yes,Yes,No,24.54785714285714,0
16,59.4,1023.9,Female,1,No,No,Yes,No,DSL,60.22941176470588,1
68,19.5,1193.55,Male,1,Yes,Yes,Yes,No,No,17.297826086956523,0
16,69.95,1205.5,Male,0,No,No,Yes,No,Fiber optic,70.91176470588235,0
68,82.85,5776.45,Male,0,Yes,Yes,Yes,No,DSL,83.71666666666667,0
4,19.0,78.9,Male,0,No,No,Yes,No,No,15.780000000000001,0
26,38.85,1025.15,Female,0,Yes,Yes,No,No phone service,DSL,37.96851851851852,0
29,30.6,856.35,Female,0,No,No,No,No phone service,DSL,28.545,1
5,20.35,122.0,Male,0,No,Yes,Yes,No,No,20.333333333333332,0
70,95.0,6602.9,Male,0,Yes,No,Yes,Yes,Fiber optic,92.99859154929577,0
24,74.4,1712.9,Male,0,Yes,No,Yes,No,DSL,68.516,0
72,78.45,5682.25,Female,1,Yes,No,Yes,Yes,DSL,77.83904109589041,0
1,74.3,74.3,Male,0,No,No,Yes,No,Fiber optic,37.15,0
70,51.05,3635.15,Male,0,Yes,No,No,No phone service,DSL,51.19929577464789,0
36,19.2,702.9,Female,0,Yes,Yes,Yes,No,No,18.997297297297298,0
38,99.55,3734.25,Female,1,No,No,Yes,Yes,Fiber optic,95.75,1
17,70.0,1144.5,Female,0,No,No,Yes,No,Fiber optic,63.583333333333336,1
41,109.1,4454.25,Female,0,Yes,Yes,Yes,Yes,Fiber optic,106.05357142857143,0
1,45.3,45.3,Female,0,No,No,Yes,No,DSL,22.65,1
2,29.85,75.6,Male,0,No,No,No,No phone service,DSL,25.2,1
14,76.45,1117.55,Male,0,No,No,Yes,No,Fiber optic,74.50333333333333,0
2,95.1,180.25,Male,1,No,No,Yes,No,Fiber optic,60.083333333333336,1
1,19.8,19.8,Male,0,No,No,Yes,No,No,9.9,1
13,72.8,930.05,Male,0,Yes,Yes,Yes,Yes,DSL,66.43214285714285,0
6,18.95,110.15,Male,0,No,No,Yes,No,No,15.735714285714286,0
4,76.65,333.6,Female,0,No,No,Yes,No,Fiber optic,66.72,1
5,99.15,465.05,Female,0,Yes,Yes,Yes,No,Fiber optic,77.50833333333334,1
15,101.75,1669.4,Female,0,Yes,No,Yes,No,Fiber optic,104.3375,0
47,75.45,3545.1,Female,0,No,No,Yes,No,Fiber optic,73.85625,0
8,64.1,504.05,Female,0,No,No,Yes,No,DSL,56.00555555555556,0
17,25.65,440.2,Male,0,No,No,No,No phone service,DSL,24.455555555555556,0
15,75.1,1151.55,Male,0,Yes,Yes,Yes,No,Fiber optic,71.971875,0
26,95.85,2475.35,Female,0,No,No,Yes,No,Fiber optic,91.67962962962963,0
23,54.4,1249.25,Female,0,No,No,Yes,Yes,DSL,52.052083333333336,0
4,72.75,317.75,Female,1,No,No,Yes,No,Fiber optic,63.55,0
29,19.85,535.05,Male,0,No,Yes,Yes,No,No,17.834999999999997,0
25,19.05,461.3,Female,0,No,No,Yes,No,No,17.742307692307694,0
9,44.95,431.0,Male,0,No,No,Yes,No,DSL,43.1,1
18,49.55,878.35,Male,0,Yes,No,Yes,No,DSL,46.22894736842105,1
3,94.85,335.75,Male,1,No,No,Yes,Yes,Fiber optic,83.9375,0
69,46.25,3121.4,Female,0,Yes,Yes,No,No phone service,DSL,44.59142857142857,0
14,19.35,324.8,Male,0,No,No,Yes,No,No,21.653333333333332,0
19,69.6,1394.55,Male,0,No,No,Yes,Yes,DSL,69.72749999999999,0
39,90.7,3413.25,Male,1,No,No,Yes,Yes,Fiber optic,85.33125,0
31,101.4,3143.65,Male,0,No,No,Yes,No,Fiber optic,98.2390625,0
24,20.25,439.75,Male,0,Yes,Yes,Yes,No,No,17.59,0
14,48.8,664.4,Male,0,Yes,No,Yes,No,DSL,44.29333333333333,0
64,74.35,4759.55,Female,0,Yes,No,Yes,No,DSL,73.22384615384615,0
50,19.35,1033.0,Female,0,No,No,Yes,No,No,20.254901960784313,0
52,68.75,3482.85,Male,0,Yes,Yes,Yes,No,DSL,65.71415094339622,0
28,100.2,2688.45,Male,0,No,No,Yes,Yes,Fiber optic,92.7051724137931,0
21,20.85,435.25,Female,0,No,No,Yes,No,No,19.78409090909091,0
25,95.9,2448.75,Male,0,No,Yes,Yes,No,Fiber optic,94.1826923076923,1
17,19.35,307.0,Female,0,Yes,No,Yes,No,No,17.055555555555557,0
58,45.0,2689.35,Male,0,Yes,No,No,No phone service,DSL,45.582203389830504,0
17,81.5,1329.2,Male,1,Yes,No,Yes,No,Fiber optic,73.84444444444445,1
51,25.5,1281.25,Female,0,Yes,No,Yes,Yes,No,24.639423076923077,0
72,48.9,3527.0,Male,0,Yes,Yes,No,No phone service,DSL,48.31506849315068,0
52,84.1,4348.65,Male,0,Yes,No,Yes,No,Fiber optic,82.05,1
27,19.6,561.15,Female,0,No,No,Yes,No,No,20.041071428571428,0
3,20.0,63.6,Female,0,No,No,Yes,No,No,15.9,0
64,81.3,5129.3,Female,0,Yes,No,Yes,Yes,DSL,78.91230769230769,0
45,95.2,4285.8,Female,0,Yes,No,Yes,No,Fiber optic,93.16956521739131,0
3,36.45,93.7,Male,1,Yes,No,No,No phone service,DSL,23.425,1
71,83.3,5894.5,Female,0,Yes,No,Yes,Yes,DSL,81.86805555555556,0
1,25.05,25.05,Female,1,No,No,No,No phone service,DSL,12.525,1
58,20.3,1160.75,Female,0,Yes,Yes,Yes,No,No,19.673728813559322,0
34,89.85,3091.75,Male,0,Yes,Yes,Yes,No,Fiber optic,88.33571428571429,0
8,49.85,365.55,Female,0,No,No,Yes,No,DSL,40.61666666666667,1
15,19.8,272.95,Female,0,Yes,Yes,Yes,No,No,17.059375,0
66,54.65,3632.0,Male,0,Yes,Yes,No,No phone service,DSL,54.208955223880594,0
12,29.35,381.2,Male,1,No,No,No,No phone service,DSL,29.323076923076922,0
58,19.15,1035.5,Male,0,No,No,Yes,No,No,17.550847457627118,0
3,19.1,52.0,Female,0,Yes,Yes,Yes,No,No,13.0,0
43,55.55,2342.2,Female,1,Yes,No,No,No phone service,DSL,53.23181818181818,1
9,80.55,653.9,Female,0,No,No,Yes,No,Fiber optic,65.39,0
3,20.25,71.2,Female,0,No,No,Yes,No,No,17.8,0
22,69.5,1498.2,Female,0,Yes,Yes,Yes,No,DSL,65.13913043478261,1
40,106.0,4178.65,Male,0,Yes,No,Yes,Yes,Fiber optic,101.91829268292682,0
68,25.5,1821.8,Female,0,No,No,Yes,Yes,No,26.402898550724636,0
54,104.3,5278.15,Male,0,Yes,No,Yes,Yes,Fiber optic,95.96636363636362,1
50,79.6,4024.2,Female,0,No,No,Yes,Yes,DSL,78.90588235294118,0
1,55.25,55.25,Male,0,No,No,Yes,No,DSL,27.625,0
72,88.05,6520.8,Female,0,Yes,No,Yes,Yes,DSL,89.32602739726028,0
40,20.4,854.9,Male,0,No,Yes,Yes,No,No,20.851219512195122,0
72,117.6,8308.9,Female,0,Yes,Yes,Yes,Yes,Fiber optic,113.82054794520548,0
6,20.0,109.2,Female,0,No,No,Yes,No,No,15.6,0
5,19.65,92.05,Female,0,No,No,Yes,No,No,15.341666666666667,0
48,70.55,3420.5,Male,0,Yes,No,Yes,Yes,DSL,69.8061224489796,0
1,93.85,93.85,Female,0,No,No,Yes,Yes,Fiber optic,46.925,1
64,65.8,4068.0,Female,0,Yes,Yes,Yes,No,DSL,62.58461538461538,0
17,20.05,337.9,Female,0,No,No,Yes,No,No,18.772222222222222,0
40,80.0,3168.75,Male,0,Yes,No,Yes,No,Fiber optic,77.28658536585365,0
41,35.4,1412.4,Female,0,Yes,Yes,No,No phone service,DSL,33.62857142857143,0
51,79.6,3974.7,Male,1,No,No,Yes,Yes,Fiber optic,76.43653846153846,0
41,80.25,3439.0,Male,0,Yes,No,Yes,Yes,Fiber optic,81.88095238095238,0
1,50.45,50.45,Female,0,Yes,Yes,Yes,No,DSL,25.225,1
2,20.45,42.45,Female,0,No,No,Yes,No,No,14.15,0
68,79.6,5461.45,Male,0,No,No,Yes,No,Fiber optic,79.15144927536231,0
24,24.7,571.75,Female,0,Yes,Yes,Yes,Yes,No,22.87,0
70,77.3,5498.2,Male,0,Yes,No,Yes,Yes,DSL,77.43943661971831,0
3,29.75,96.85,Male,0,No,No,No,No phone service,DSL,24.2125,0
2,44.9,111.05,Male,0,No,No,Yes,No,DSL,37.016666666666666,0
3,29.8,94.4,Male,0,Yes,No,No,No phone service,DSL,23.6,0
7,74.65,521.1,Female,0,No,No,Yes,Yes,DSL,65.1375,1
13,71.95,923.85,Female,0,No,No,Yes,No,DSL,65.98928571428571,0
7,20.75,141.1,Male,0,No,No,Yes,No,No,17.6375,0
12,56.3,628.65,Male,0,Yes,Yes,Yes,No,DSL,48.357692307692304,0
53,105.25,5576.3,Male,0,Yes,Yes,Yes,Yes,Fiber optic,103.26481481481481,0
12,94.2,1046.1,Female,0,No,No,Yes,Yes,Fiber optic,80.46923076923076,1
63,19.55,1245.6,Male,0,Yes,Yes,Yes,No,No,19.4625,0
15,84.45,1287.85,Female,0,No,No,Yes,No,DSL,80.490625,0
36,53.65,1939.35,Male,0,Yes,Yes,Yes,No,DSL,52.41486486486486,0
4,29.9,118.25,Male,1,Yes,No,No,No phone service,DSL,23.65,0
24,19.7,452.55,Female,0,Yes,Yes,Yes,No,No,18.102,0
61,43.7,2696.55,Female,0,No,No,No,No phone service,DSL,43.49274193548387,0
16,55.3,875.35,Male,0,No,No,Yes,Yes,DSL,51.491176470588236,0
65,19.85,1267.05,Male,0,Yes,Yes,Yes,No,No,19.19772727272727,0
26,19.65,494.9,Female,0,Yes,Yes,Yes,No,No,18.32962962962963,0
16,49.45,799.0,Male,0,No,No,Yes,No,DSL,47.0,0
54,106.55,5763.3,Female,0,Yes,No,Yes,Yes,Fiber optic,104.78727272727274,1
1,20.1,20.1,Male,0,No,No,Yes,No,No,10.05,1
5,20.45,106.9,Male,0,No,Yes,Yes,No,No,17.816666666666666,0
19,39.7,710.05,Female,0,No,No,No,No phone service,DSL,35.5025,0
10,54.5,568.2,Male,0,No,No,Yes,Yes,DSL,51.654545454545456,0
23,83.8,1900.25,Female,0,Yes,Yes,Yes,No,Fiber optic,79.17708333333333,1
3,55.15,159.15,Male,0,No,No,Yes,No,DSL,39.7875,1
72,111.6,8012.75,Female,0,No,No,Yes,Yes,Fiber optic,109.76369863013699,0
10,86.65,856.65,Male,1,Yes,No,Yes,Yes,Fiber optic,77.87727272727273,1
10,55.55,551.3,Female,0,Yes,Yes,Yes,No,DSL,50.11818181818182,0
11,20.55,184.95,Male,0,Yes,No,Yes,No,No,15.4125,0
37,106.75,4056.75,Female,1,No,No,Yes,Yes,Fiber optic,106.75657894736842,1
17,62.1,1096.65,Male,0,Yes,Yes,Yes,Yes,DSL,60.925000000000004,0
36,104.5,3684.95,Female,0,Yes,Yes,Yes,Yes,Fiber optic,99.59324324324324,0
17,101.8,1752.45,Male,1,No,No,Yes,No,Fiber optic,97.35833333333333,0
66,110.6,7210.85,Female,1,Yes,Yes,Yes,Yes,Fiber optic,107.62462686567164,0
61,84.9,5264.5,Male,0,Yes,Yes,Yes,No,DSL,84.91129032258064,0
22,93.2,2157.3,Male,0,No,No,Yes,No,Fiber optic,93.79565217391306,0
1,24.4,24.4,Male,0,No,No,No,No phone service,DSL,12.2,0
6,70.55,433.95,Female,0,No,No,Yes,No,Fiber optic,61.99285714285714,0
31,78.45,2435.15,Male,0,No,No,Yes,No,Fiber optic,76.0984375,1
68,85.0,5607.75,Female,0,Yes,Yes,Yes,No,DSL,81.27173913043478,0
34,87.45,2874.15,Female,0,Yes,Yes,Yes,Yes,Fiber optic,82.11857142857143,1
52,85.8,4433.3,Female,0,Yes,Yes,Yes,No,Fiber optic,83.64716981132077,0
10,91.1,964.35,Female,0,No,Yes,Yes,No,Fiber optic,87.66818181818182,0
29,70.75,1974.8,Male,0,Yes,Yes,Yes,No,Fiber optic,65.82666666666667,1
72,20.1,1460.85,Female,0,Yes,Yes,Yes,No,No,20.011643835616436,0
47,20.05,951.55,Male,0,Yes,Yes,Yes,No,No,19.823958333333334,0
24,74.8,1821.2,Male,0,Yes,Yes,Yes,Yes,DSL,72.848,0
65,24.8,1600.95,Male,0,No,No,Yes,Yes,No,24.256818181818183,0
4,100.85,399.25,Female,0,No,No,Yes,Yes,Fiber optic,79.85,0
12,101.35,1218.55,Male,1,Yes,No,Yes,Yes,Fiber optic,93.73461538461538,1
1,81.7,81.7,Male,0,No,No,Yes,Yes,Fiber optic,40.85,1
33,68.25,2171.15,Male,0,No,No,Yes,No,Fiber optic,63.85735294117647,1
34,105.1,3634.8,Female,0,No,No,Yes,No,Fiber optic,103.85142857142857,0
14,20.4,292.4,Female,0,Yes,No,Yes,No,No,19.493333333333332,0
4,79.15,317.25,Female,0,No,No,Yes,No,Fiber optic,63.45,1
13,20.0,218.55,Male,0,Yes,Yes,Yes,No,No,15.610714285714286,0
65,79.4,5071.9,Female,0,Yes,Yes,Yes,Yes,DSL,76.8469696969697,0
23,57.2,1423.35,Male,0,Yes,Yes,Yes,No,DSL,59.30625,0
55,58.6,3068.6,Male,0,Yes,No,Yes,No,DSL,54.79642857142857,0
49,94.8,4690.65,Male,0,Yes,No,Yes,No,Fiber optic,93.81299999999999,0
60,102.5,6157.6,Male,0,Yes,No,Yes,Yes,Fiber optic,100.94426229508197,0
69,20.35,1442.65,Female,0,Yes,Yes,Yes,No,No,20.609285714285715,0
40,84.9,3369.05,Male,0,No,No,Yes,Yes,Fiber optic,82.1719512195122,0
67,69.2,4671.65,Male,0,Yes,No,Yes,No,DSL,68.70073529411764,0
35,95.45,3474.05,Male,1,No,No,Yes,Yes,Fiber optic,96.5013888888889,1
19,100.95,1875.55,Male,0,Yes,Yes,Yes,Yes,Fiber optic,93.7775,1
13,20.85,272.35,Female,0,Yes,Yes,Yes,No,No,19.45357142857143,0
41,88.5,3645.05,Female,0,No,Yes,Yes,Yes,Fiber optic,86.78690476190476,0
4,35.0,135.75,Female,0,No,No,No,No phone service,DSL,27.15,0
24,55.15,1319.85,Female,0,Yes,Yes,Yes,No,DSL,52.794,0
5,50.95,229.4,Female,0,No,No,No,No phone service,DSL,38.233333333333334,0
5,64.0,370.25,Female,0,No,No,Yes,Yes,DSL,61.708333333333336,0
1,69.1,69.1,Female,0,Yes,Yes,Yes,No,Fiber optic,34.55,1
72,80.2,5714.2,Female,0,Yes,Yes,Yes,Yes,DSL,78.27671232876712,0
24,49.3,1233.25,Female,0,No,No,Yes,No,DSL,49.33,0
42,84.35,3571.6,Female,0,Yes,No,Yes,Yes,DSL,83.06046511627906,0
4,20.05,83.3,Female,0,No,No,Yes,No,No,16.66,0
68,117.2,8035.95,Male,0,No,No,Yes,Yes,Fiber optic,116.46304347826087,0
33,20.1,579.4,Female,0,Yes,Yes,Yes,No,No,17.041176470588233,0
1,69.6,69.6,Female,1,No,No,Yes,No,Fiber optic,34.8,1
31,103.45,3066.45,Male,0,No,No,Yes,Yes,Fiber optic,95.8265625,1
4,77.95,305.55,Female,0,No,No,Yes,Yes,Fiber optic,61.11,1
69,109.95,7634.25,Male,1,Yes,No,Yes,Yes,Fiber optic,109.06071428571428,0
38,94.75,3653.0,Male,1,No,No,Yes,Yes,Fiber optic,93.66666666666667,0
3,80.0,241.3,Female,0,Yes,Yes,Yes,No,Fiber optic,60.325,0
48,79.65,3870.3,Female,0,Yes,Yes,Yes,Yes,DSL,78.9857142857143,0
15,25.2,387.9,Female,0,Yes,No,Yes,Yes,No,24.24375,0
25,19.9,527.5,Female,0,No,No,Yes,No,No,20.28846153846154,0
1,78.45,78.45,Female,1,No,No,Yes,No,Fiber optic,39.225,1
48,44.8,2104.55,Female,0,No,No,No,No phone service,DSL,42.95,0
1,20.3,20.3,Male,0,No,No,Yes,No,No,10.15,0
1,19.2,19.2,Male,0,No,No,Yes,No,No,9.6,0
37,80.05,3019.1,Female,0,No,No,Yes,No,Fiber optic,79.45,0
66,107.35,7051.95,Male,1,Yes,No,Yes,Yes,Fiber optic,105.25298507462686,0
26,47.85,1190.5,Female,0,Yes,No,No,No phone service,DSL,44.092592592592595,0
63,70.8,4448.8,Male,0,Yes,No,Yes,No,DSL,69.5125,0
10,29.5,255.25,Male,0,No,No,No,No phone service,DSL,23.204545454545453,1
2,70.75,146.9,Female,0,No,No,Yes,No,DSL,48.96666666666667,1
18,59.1,1011.05,Male,1,Yes,No,Yes,No,DSL,53.21315789473684,0
64,25.55,1714.95,Female,0,Yes,No,Yes,Yes,No,26.383846153846154,0
9,84.45,762.5,Female,1,No,No,Yes,Yes,Fiber optic,76.25,1
28,20.25,535.35,Female,0,No,Yes,Yes,No,No,18.46034482758621,0
1,75.55,75.55,Female,0,No,No,Yes,No,Fiber optic,37.775,0
4,85.65,338.9,Male,0,No,No,Yes,Yes,Fiber optic,67.78,1
38,70.15,2497.35,Male,1,No,No,Yes,No,DSL,64.03461538461538,1
66,95.3,6273.4,Male,0,Yes,No,Yes,Yes,Fiber optic,93.63283582089552,0
1,70.25,70.25,Female,0,No,No,Yes,No,Fiber optic,35.125,0
18,50.3,908.75,Female,0,Yes,No,Yes,No,DSL,47.828947368421055,0
51,97.8,4913.3,Male,1,No,No,Yes,Yes,Fiber optic,94.48653846153846,1
0,19.85,2283.3004408418656,Male,0,Yes,Yes,Yes,No,No,2283.3004408418656,0
1,46.3,46.3,Male,0,No,No,Yes,No,DSL,23.15,1
12,19.35,212.3,Male,0,No,Yes,Yes,No,No,16.33076923076923,0
41,106.3,4443.45,Female,0,No,No,Yes,Yes,Fiber optic,105.79642857142856,1
12,25.0,316.2,Male,0,No,No,Yes,Yes,No,24.323076923076922,0
55,20.3,1079.05,Female,0,Yes,Yes,Yes,No,No,19.26875,0
7,75.35,564.65,Female,0,No,No,Yes,Yes,Fiber optic,70.58125,0
12,89.4,1095.65,Female,0,No,No,Yes,No,Fiber optic,84.28076923076924,1
68,88.0,6161.9,Female,0,Yes,Yes,Yes,Yes,DSL,89.30289855072463,0
5,83.15,446.05,Female,1,No,No,Yes,Yes,Fiber optic,74.34166666666667,1
49,43.8,2106.05,Female,1,No,No,Yes,No,DSL,42.121,0
40,62.05,2511.55,Male,0,No,No,No,No phone service,DSL,61.25731707317074,0
16,20.1,318.6,Female,0,No,No,Yes,No,No,18.741176470588236,0
10,74.15,811.8,Male,0,No,No,Yes,Yes,Fiber optic,73.8,1
72,101.35,7323.15,Female,0,Yes,No,Yes,Yes,Fiber optic,100.31712328767122,0
2,84.05,186.05,Female,1,No,No,Yes,Yes,Fiber optic,62.01666666666667,0
23,20.9,454.0,Male,0,Yes,Yes,Yes,No,No,18.916666666666668,0
71,105.9,7521.95,Female,1,No,No,Yes,Yes,Fiber optic,104.47152777777778,0
11,99.5,1056.95,Female,0,Yes,No,Yes,Yes,Fiber optic,88.07916666666667,1
1,44.15,44.15,Male,0,No,No,Yes,No,DSL,22.075,1
16,53.9,834.15,Female,0,No,No,Yes,No,DSL,49.067647058823525,1
1,85.45,85.45,Female,0,No,No,Yes,Yes,Fiber optic,42.725,1
12,85.05,999.8,Male,0,Yes,No,Yes,No,Fiber optic,76.9076923076923,0
54,44.1,2369.7,Female,0,No,No,No,No phone service,DSL,43.08545454545454,0
68,90.2,6297.65,Female,0,Yes,No,Yes,Yes,Fiber optic,91.27028985507246,0
4,50.85,239.55,Female,0,Yes,Yes,Yes,Yes,DSL,47.910000000000004,1
1,59.2,59.2,Female,0,No,Yes,Yes,No,DSL,29.6,1
27,53.45,1461.45,Male,0,No,No,Yes,No,DSL,52.19464285714286,0
21,19.95,416.4,Male,0,No,No,Yes,No,No,18.927272727272726,0
13,83.2,1060.6,Male,0,No,No,Yes,No,Fiber optic,75.75714285714285,1
64,74.65,4869.35,Female,1,No,No,Yes,Yes,DSL,74.91307692307693,0
1,54.9,54.9,Female,0,No,No,Yes,No,DSL,27.45,1
57,57.5,3265.95,Male,0,Yes,No,No,No phone service,DSL,56.30948275862069,0
21,103.9,2254.2,Female,0,Yes,No,Yes,Yes,Fiber optic,102.46363636363635,1
19,19.65,358.15,Male,0,No,No,Yes,No,No,17.9075,0
31,93.8,2939.8,Male,0,Yes,No,Yes,No,Fiber optic,91.86875,0
52,89.25,4652.4,Male,0,No,No,Yes,Yes,DSL,87.78113207547169,0
46,94.15,4408.45,Female,0,No,No,Yes,Yes,Fiber optic,93.7968085106383,0
11,55.6,580.8,Female,1,No,No,Yes,Yes,DSL,48.4,0
53,48.7,2495.2,Female,0,Yes,Yes,No,No phone service,DSL,46.2074074074074,0
11,19.25,180.3,Female,0,Yes,Yes,Yes,No,No,15.025,1
57,104.9,5913.95,Male,1,No,No,Yes,Yes,Fiber optic,101.96465517241379,0
2,75.45,158.4,Female,1,No,No,Yes,Yes,Fiber optic,52.800000000000004,1
2,54.85,104.2,Female,1,No,No,Yes,No,DSL,34.733333333333334,1
71,19.9,1389.35,Female,0,Yes,Yes,Yes,No,No,19.296527777777776,0
1,19.4,19.4,Female,0,Yes,Yes,Yes,No,No,9.7,0
68,25.05,1629.2,Male,0,Yes,No,Yes,Yes,No,23.61159420289855,0
72,84.45,6033.1,Male,0,Yes,No,Yes,No,DSL,82.64520547945206,0
2,19.3,44.4,Female,0,No,No,Yes,No,No,14.799999999999999,0
1,95.1,95.1,Male,1,Yes,No,Yes,Yes,Fiber optic,47.55,1
41,79.85,3320.75,Female,0,No,No,Yes,No,DSL,79.06547619047619,0
72,25.55,1867.7,Male,0,Yes,Yes,Yes,Yes,No,25.584931506849315,0
6,75.5,438.0,Male,0,Yes,No,Yes,Yes,Fiber optic,62.57142857142857,1
4,73.75,325.45,Female,0,Yes,Yes,Yes,No,Fiber optic,65.09,1
12,96.05,1148.1,Male,0,No,No,Yes,Yes,Fiber optic,88.3153846153846,1
58,68.4,3972.25,Female,0,Yes,No,Yes,Yes,DSL,67.32627118644068,0
7,20.65,155.9,Female,0,No,No,Yes,No,No,19.4875,0
65,55.15,3673.15,Female,0,Yes,No,Yes,No,DSL,55.65378787878788,0
1,70.6,70.6,Male,0,No,No,Yes,No,Fiber optic,35.3,0
56,19.95,1126.75,Male,0,Yes,No,Yes,No,No,19.767543859649123,0
4,19.0,73.45,Male,0,No,No,Yes,No,No,14.690000000000001,0
58,44.1,2413.05,Female,0,Yes,Yes,Yes,No,DSL,40.89915254237288,0
62,107.6,6912.7,Male,0,Yes,No,Yes,Yes,Fiber optic,109.72539682539683,0
26,61.55,1581.95,Male,0,No,No,Yes,Yes,DSL,58.59074074074074,0
62,90.7,5586.45,Male,0,No,No,Yes,Yes,Fiber optic,88.67380952380952,0
58,99.25,5846.65,Female,0,Yes,Yes,Yes,No,Fiber optic,99.0957627118644,0
68,91.7,6424.7,Female,0,Yes,No,Yes,Yes,DSL,93.11159420289854,0
61,100.7,6018.65,Female,0,Yes,Yes,Yes,Yes,Fiber optic,97.07499999999999,0
42,78.45,3373.4,Female,0,No,No,Yes,Yes,DSL,78.45116279069768,0
18,84.3,1537.9,Male,0,No,No,Yes,Yes,Fiber optic,80.9421052631579,0
56,19.55,1080.55,Female,0,No,No,Yes,No,No,18.95701754385965,0
4,88.95,355.2,Female,0,No,No,Yes,Yes,Fiber optic,71.03999999999999,1
4,20.45,82.85,Female,0,No,No,Yes,No,No,16.57,0
35,55.6,2016.45,Female,0,No,Yes,Yes,No,DSL,56.0125,0
64,86.8,5327.25,Female,0,Yes,Yes,Yes,Yes,Fiber optic,81.95769230769231,0
31,20.95,683.25,Female,0,No,No,Yes,No,No,21.3515625,0
67,20.05,1263.05,Female,1,Yes,No,Yes,No,No,18.574264705882353,0
4,50.7,151.3,Female,0,No,No,Yes,No,DSL,30.26,1
70,113.65,7714.65,Female,1,Yes,No,Yes,Yes,Fiber optic,108.65704225352113,0
3,53.4,188.7,Male,0,No,No,Yes,No,DSL,47.175,1
53,101.9,5549.4,Male,1,Yes,No,Yes,Yes,Fiber optic,102.76666666666667,1
2,59.5,130.5,Male,0,Yes,Yes,Yes,No,DSL,43.5,0
29,87.8,2621.75,Female,0,Yes,Yes,Yes,No,Fiber optic,87.39166666666667,0
47,41.9,1875.25,Female,0,No,No,No,No phone service,DSL,39.067708333333336,0
68,83.0,5685.8,Female,0,Yes,Yes,Yes,Yes,Fiber optic,82.40289855072464,1
12,69.85,837.5,Male,0,No,Yes,Yes,No,DSL,64.42307692307692,0
8,56.3,401.5,Female,0,Yes,Yes,Yes,No,DSL,44.611111111111114,0
54,109.55,6118.95,Male,0,Yes,No,Yes,Yes,Fiber optic,111.25363636363636,0
69,92.15,6480.9,Male,0,Yes,Yes,Yes,No,Fiber optic,92.58428571428571,0
26,69.5,1800.05,Female,0,No,No,Yes,Yes,DSL,66.66851851851851,0
72,97.0,7104.2,Female,0,Yes,No,Yes,Yes,Fiber optic,97.31780821917808,0
70,58.35,4214.25,Female,0,No,No,No,No phone service,DSL,59.355633802816904,0
1,50.6,50.6,Male,0,No,Yes,Yes,No,DSL,25.3,1
10,89.5,863.1,Male,0,No,No,Yes,No,Fiber optic,78.46363636363637,1
28,70.4,1992.2,Female,0,Yes,Yes,Yes,No,Fiber optic,68.69655172413793,0
1,69.8,69.8,Male,0,No,No,Yes,No,Fiber optic,34.9,1
21,94.3,1948.35,Female,0,Yes,No,Yes,Yes,Fiber optic,88.56136363636364,0
51,93.8,4750.95,Male,1,Yes,No,Yes,Yes,Fiber optic,91.36442307692307,1
53,19.55,1007.9,Female,0,Yes,Yes,Yes,No,No,18.664814814814815,0
53,95.95,5036.9,Male,0,No,Yes,Yes,No,Fiber optic,93.27592592592592,0
24,101.05,2391.8,Male,0,Yes,No,Yes,Yes,Fiber optic,95.67200000000001,1
70,94.8,6859.05,Female,0,Yes,No,Yes,Yes,DSL,96.60633802816902,0
61,107.75,6521.9,Male,0,No,No,Yes,Yes,Fiber optic,105.19193548387096,0
11,54.6,617.85,Female,0,No,No,Yes,No,DSL,51.487500000000004,0
2,71.3,157.75,Male,0,No,No,Yes,No,Fiber optic,52.583333333333336,0
25,19.5,516.3,Male,0,No,No,Yes,No,No,19.857692307692307,0
41,56.3,2364.0,Female,0,No,No,Yes,Yes,DSL,56.285714285714285,0
18,94.7,1687.95,Male,0,Yes,No,Yes,Yes,Fiber optic,88.83947368421053,1
72,104.15,7689.95,Male,1,Yes,No,Yes,Yes,Fiber optic,105.34178082191781,1
71,90.55,6239.05,Female,0,Yes,Yes,Yes,Yes,DSL,86.65347222222222,0
34,60.8,2042.05,Female,0,Yes,Yes,Yes,No,DSL,58.34428571428571,0
29,98.8,2807.1,Male,0,No,No,Yes,No,Fiber optic,93.57,0
40,98.15,4116.8,Male,1,Yes,No,Yes,No,Fiber optic,100.40975609756099,0
36,35.35,1317.95,Male,0,Yes,No,No,No phone service,DSL,35.62027027027027,0
46,103.15,4594.65,Female,0,Yes,No,Yes,Yes,Fiber optic,97.75851063829786,0
58,107.75,6332.75,Female,0,No,No,Yes,Yes,Fiber optic,107.33474576271186,0
39,81.4,3213.75,Male,0,No,No,Yes,Yes,Fiber optic,80.34375,0
4,61.45,229.55,Male,0,Yes,Yes,Yes,No,DSL,45.910000000000004,1
52,95.7,4976.15,Female,0,Yes,Yes,Yes,Yes,Fiber optic,93.88962264150943,0
70,104.8,7308.95,Male,1,Yes,No,Yes,Yes,Fiber optic,102.94295774647887,0
65,70.95,4555.2,Male,1,Yes,No,Yes,No,Fiber optic,69.01818181818182,0
1,44.95,44.95,Male,0,No,No,Yes,No,DSL,22.475,0
70,97.65,6982.5,Female,0,Yes,No,Yes,Yes,Fiber optic,98.34507042253522,0
29,35.65,1025.15,Female,1,Yes,Yes,No,No phone service,DSL,34.17166666666667,0
1,90.55,90.55,Male,0,No,No,Yes,No,Fiber optic,45.275,1
67,85.25,5714.2,Female,0,No,No,Yes,Yes,DSL,84.03235294117647,0
1,19.5,19.5,Female,0,No,No,Yes,No,No,9.75,0
26,88.8,2274.35,Female,0,No,No,Yes,No,Fiber optic,84.23518518518519,1
30,25.1,789.55,Female,0,Yes,Yes,Yes,Yes,No,25.469354838709677,0
48,100.05,4834.0,Female,0,Yes,No,Yes,No,Fiber optic,98.65306122448979,0
55,55.7,3131.8,Female,0,Yes,Yes,Yes,No,DSL,55.925000000000004,0
7,85.2,602.55,Male,0,No,No,Yes,Yes,Fiber optic,75.31875,1
37,91.15,3369.25,Male,0,No,No,Yes,Yes,Fiber optic,88.66447368421052,0
31,83.85,2674.15,Female,0,Yes,No,Yes,No,Fiber optic,83.5671875,0
4,45.9,199.75,Male,0,No,No,Yes,No,DSL,39.95,0
72,25.1,1790.8,Male,0,Yes,Yes,Yes,Yes,No,24.53150684931507,0
5,91.4,449.75,Male,1,No,No,Yes,No,Fiber optic,74.95833333333333,1
1,19.7,19.7,Male,0,Yes,Yes,Yes,No,No,9.85,0
15,91.5,1400.3,Female,1,No,No,Yes,No,Fiber optic,87.51875,0
8,51.3,411.6,Male,0,Yes,Yes,Yes,No,DSL,45.733333333333334,0
35,21.1,741.0,Female,0,No,No,Yes,No,No,20.583333333333332,0
56,104.75,5841.35,Female,1,No,No,Yes,Yes,Fiber optic,102.47982456140352,0
42,106.15,4512.7,Male,0,Yes,No,Yes,Yes,Fiber optic,104.94651162790697,1
65,85.75,5688.45,Male,1,Yes,Yes,Yes,Yes,Fiber optic,86.18863636363636,0
2,20.3,31.9,Female,0,Yes,Yes,Yes,No,No,10.633333333333333,0
65,100.75,6674.65,Male,1,Yes,No,Yes,Yes,Fiber optic,101.1310606060606,0
18,74.15,1345.75,Female,0,No,No,Yes,Yes,Fiber optic,70.82894736842105,0
23,78.55,1843.05,Female,0,No,No,Yes,Yes,DSL,76.79375,0
4,45.3,196.95,Female,0,No,No,Yes,No,DSL,39.39,1
70,19.85,1433.8,Male,0,Yes,No,Yes,No,No,20.194366197183097,0
4,50.7,214.55,Female,0,No,No,Yes,Yes,DSL,42.910000000000004,0
19,45.0,865.85,Male,0,No,No,Yes,No,DSL,43.292500000000004,0
18,77.8,1358.6,Female,0,No,No,Yes,No,Fiber optic,71.50526315789473,0
38,83.45,3147.15,Female,1,Yes,No,Yes,No,Fiber optic,80.69615384615385,0
2,73.25,131.05,Male,0,No,No,Yes,Yes,Fiber optic,43.68333333333334,1
47,94.8,4535.85,Male,0,No,No,Yes,Yes,Fiber optic,94.496875,0
52,20.1,1078.75,Female,0,Yes,Yes,Yes,No,No,20.35377358490566,0
9,59.9,542.4,Male,0,No,No,Yes,Yes,DSL,54.239999999999995,0
26,90.1,2312.55,Female,0,Yes,No,Yes,Yes,DSL,85.65,0
8,51.05,415.05,Male,0,Yes,Yes,Yes,No,DSL,46.11666666666667,1
44,70.95,3250.45,Male,0,Yes,No,Yes,No,DSL,72.23222222222222,0
3,29.2,98.5,Female,0,No,No,No,No phone service,DSL,24.625,0
2,46.6,87.9,Male,0,No,No,Yes,No,DSL,29.3,0
9,85.35,754.65,Female,0,Yes,Yes,Yes,Yes,Fiber optic,75.465,1
1,75.35,75.35,Male,1,No,No,Yes,Yes,Fiber optic,37.675,1
25,74.3,1952.25,Male,0,No,No,Yes,No,Fiber optic,75.08653846153847,0
2,69.3,153.8,Female,1,Yes,No,Yes,No,Fiber optic,51.26666666666667,0
43,75.2,3198.6,Male,0,No,No,Yes,No,Fiber optic,72.69545454545454,1
1,20.9,20.9,Female,0,No,No,Yes,No,No,10.45,1
58,94.3,5610.15,Female,0,Yes,No,Yes,Yes,Fiber optic,95.08728813559321,0
59,76.45,4519.5,Female,0,Yes,Yes,Yes,Yes,DSL,75.325,0
44,54.0,2440.25,Male,0,No,No,No,No phone service,DSL,54.227777777777774,0
66,104.25,6860.6,Male,0,No,No,Yes,Yes,Fiber optic,102.39701492537314,0
68,19.95,1377.7,Male,0,Yes,Yes,Yes,No,No,19.96666666666667,0
9,24.95,190.25,Male,0,No,No,No,No phone service,DSL,19.025,0
19,84.75,1651.95,Male,0,No,No,Yes,Yes,Fiber optic,82.5975,0
4,19.75,78.3,Male,0,No,No,Yes,No,No,15.66,0
70,113.65,7939.25,Female,0,No,No,Yes,Yes,Fiber optic,111.82042253521126,0
1,44.9,44.9,Male,0,No,No,Yes,No,DSL,22.45,0
8,75.25,576.7,Female,0,No,No,Yes,Yes,Fiber optic,64.07777777777778,0
53,24.6,1279.0,Male,0,No,No,Yes,Yes,No,23.685185185185187,0
51,25.0,1260.7,Male,1,No,No,Yes,Yes,No,24.24423076923077,0
11,20.95,267.35,Male,0,Yes,Yes,Yes,No,No,22.27916666666667,0
60,110.6,6586.85,Male,0,Yes,Yes,Yes,Yes,Fiber optic,107.98114754098361,0
17,55.5,934.15,Male,0,No,No,Yes,No,DSL,51.89722222222222,0
3,43.3,123.65,Male,0,No,No,Yes,No,DSL,30.9125,1
70,109.5,7534.65,Male,0,Yes,No,Yes,No,Fiber optic,106.1218309859155,1
1,19.45,19.45,Male,0,No,No,Yes,No,No,9.725,0
43,84.85,3645.6,Male,1,No,No,Yes,Yes,Fiber optic,82.85454545454546,0
16,19.6,314.45,Female,0,Yes,No,Yes,No,No,18.49705882352941,0
57,53.45,3053.0,Female,0,Yes,Yes,Yes,No,DSL,52.63793103448276,0
37,19.8,677.05,Male,0,Yes,Yes,Yes,No,No,17.817105263157895,0
72,112.1,7965.95,Female,0,Yes,No,Yes,Yes,Fiber optic,109.12260273972602,0
11,84.8,906.85,Female,1,No,No,Yes,Yes,Fiber optic,75.57083333333334,1
50,95.05,4888.7,Female,1,Yes,No,Yes,Yes,Fiber optic,95.85686274509804,1
5,50.35,237.25,Male,1,No,No,Yes,No,DSL,39.541666666666664,1
1,74.6,74.6,Male,0,Yes,No,Yes,Yes,Fiber optic,37.3,1
16,19.7,342.4,Male,0,No,No,Yes,No,No,20.141176470588235,1
2,74.2,140.1,Male,1,Yes,No,Yes,No,Fiber optic,46.699999999999996,0
17,69.0,1108.0,Female,0,No,No,Yes,Yes,DSL,61.55555555555556,0
16,19.35,295.55,Female,0,No,No,Yes,No,No,17.38529411764706,0
15,59.45,892.65,Female,0,No,No,Yes,No,DSL,55.790625,1
10,19.8,198.25,Female,0,No,No,Yes,No,No,18.022727272727273,0
46,105.2,4822.85,Female,0,No,Yes,Yes,No,Fiber optic,102.61382978723405,1
64,109.2,6741.15,Male,0,Yes,Yes,Yes,Yes,Fiber optic,103.71,0
1,79.15,79.15,Female,0,No,No,Yes,Yes,Fiber optic,39.575,0
25,53.65,1355.45,Male,0,Yes,Yes,Yes,No,DSL,52.13269230769231,0
71,100.2,7209.0,Male,0,Yes,Yes,Yes,No,Fiber optic,100.125,0
8,45.15,438.4,Male,0,No,No,Yes,No,DSL,48.71111111111111,1
72,108.65,7726.35,Female,0,Yes,Yes,Yes,No,Fiber optic,105.84041095890412,0
49,40.65,2070.75,Female,0,Yes,No,No,No phone service,DSL,41.415,0
29,55.35,1636.95,Male,0,Yes,Yes,No,No phone service,DSL,54.565000000000005,0
72,105.6,7581.5,Male,0,Yes,No,Yes,Yes,Fiber optic,103.85616438356165,0
31,93.8,3019.5,Male,0,Yes,No,Yes,Yes,Fiber optic,94.359375,1
50,95.7,4729.75,Female,0,No,No,Yes,Yes,Fiber optic,92.74019607843137,0
71,83.2,6126.1,Male,0,Yes,No,Yes,Yes,DSL,85.08472222222223,0
70,90.05,6333.4,Male,1,Yes,No,Yes,Yes,DSL,89.20281690140844,0
71,97.65,6687.85,Male,0,No,No,Yes,Yes,Fiber optic,92.88680555555555,0
61,68.05,4158.25,Male,0,Yes,Yes,Yes,No,DSL,67.06854838709677,0
32,96.2,3183.4,Male,0,No,No,Yes,No,Fiber optic,96.46666666666667,1
1,79.6,79.6,Female,0,No,Yes,Yes,No,Fiber optic,39.8,1
68,102.1,7149.35,Male,0,No,No,Yes,Yes,Fiber optic,103.61376811594204,0
62,23.4,1429.65,Male,0,No,No,Yes,Yes,No,22.692857142857143,0
7,71.05,472.65,Female,0,No,Yes,Yes,No,Fiber optic,59.08125,0
20,85.25,1734.5,Male,0,No,No,Yes,Yes,Fiber optic,82.5952380952381,1
6,19.45,113.5,Male,0,Yes,Yes,Yes,No,No,16.214285714285715,0
33,59.45,1884.65,Female,1,No,No,No,No phone service,DSL,55.43088235294118,0
28,92.2,2568.15,Male,0,Yes,Yes,Yes,Yes,Fiber optic,88.55689655172414,0
27,19.85,470.0,Male,0,No,No,Yes,No,No,16.785714285714285,0
7,43.9,278.4,Male,0,No,No,Yes,No,DSL,34.8,0
26,80.5,2088.8,Male,0,No,No,Yes,Yes,Fiber optic,77.36296296296297,1
5,89.8,502.6,Male,1,No,No,Yes,Yes,Fiber optic,83.76666666666667,1
30,90.5,2595.85,Male,1,No,No,Yes,Yes,Fiber optic,83.73709677419355,0
63,90.45,5825.5,Male,0,No,No,Yes,Yes,Fiber optic,91.0234375,0
1,50.75,50.75,Male,0,No,No,Yes,No,DSL,25.375,1
53,84.6,4449.75,Female,0,No,Yes,Yes,Yes,DSL,82.40277777777777,0
14,89.65,1208.35,Female,0,Yes,Yes,Yes,No,Fiber optic,80.55666666666666,1
21,99.15,1956.4,Female,0,No,No,Yes,No,Fiber optic,88.92727272727274,0
17,19.95,310.6,Male,0,No,No,Yes,No,No,17.255555555555556,0
16,20.5,290.55,Male,0,Yes,Yes,Yes,No,No,17.091176470588238,0
35,62.1,2096.1,Female,0,No,No,Yes,No,DSL,58.224999999999994,0
32,79.5,2665.0,Female,1,No,No,Yes,No,Fiber optic,80.75757575757575,0
28,19.55,543.8,Female,0,Yes,Yes,Yes,No,No,18.75172413793103,0
1,20.35,20.35,Female,0,No,No,Yes,No,No,10.175,0
59,51.7,3005.8,Male,0,No,No,No,No phone service,DSL,50.09666666666667,0
72,23.3,1623.15,Female,0,Yes,Yes,Yes,Yes,No,22.234931506849318,0
36,65.4,2498.4,Male,0,No,No,Yes,No,DSL,67.52432432432433,1
40,65.1,2586.0,Female,0,No,No,Yes,No,DSL,63.073170731707314,0
40,81.2,3292.3,Male,0,Yes,Yes,Yes,Yes,Fiber optic,80.30000000000001,0
9,72.9,651.4,Female,0,No,Yes,Yes,No,DSL,65.14,1
63,74.5,4674.55,Male,0,Yes,Yes,Yes,No,DSL,73.03984375,0
3,80.5,232.35,Female,0,No,No,Yes,No,Fiber optic,58.0875,0
40,60.3,2448.5,Male,0,Yes,Yes,No,No phone service,DSL,59.71951219512195,0
8,75.0,658.1,Male,0,Yes,No,Yes,No,Fiber optic,73.12222222222222,0
34,90.15,3128.8,Male,1,Yes,No,Yes,No,Fiber optic,89.39428571428572,0
5,40.0,223.45,Male,0,No,No,No,No phone service,DSL,37.24166666666667,1
9,99.45,919.4,Male,1,No,No,Yes,Yes,Fiber optic,91.94,1
9,69.05,653.95,Male,0,Yes,No,Yes,Yes,DSL,65.39500000000001,0
31,59.7,1825.5,Male,0,Yes,Yes,Yes,Yes,DSL,57.046875,0
50,19.85,943.1,Female,0,Yes,No,Yes,No,No,18.492156862745098,0
2,86.25,181.65,Female,0,No,No,Yes,No,Fiber optic,60.550000000000004,1
1,45.65,45.65,Female,0,No,No,Yes,No,DSL,22.825,1
8,70.1,551.35,Male,0,No,No,Yes,No,Fiber optic,61.26111111111111,1
9,40.75,359.4,Female,0,No,No,No,No phone service,DSL,35.94,0
2,70.2,115.95,Female,1,No,No,Yes,No,Fiber optic,38.65,1
3,55.35,165.2,Female,0,No,No,Yes,No,DSL,41.3,1
25,95.7,2338.35,Male,0,Yes,No,Yes,No,Fiber optic,89.93653846153846,0
1,46.3,46.3,Male,1,No,No,Yes,No,DSL,23.15,0
45,81.3,3541.1,Female,0,Yes,Yes,Yes,Yes,DSL,76.9804347826087,0
51,84.2,4146.05,Male,1,Yes,Yes,Yes,Yes,Fiber optic,79.73173076923078,1
55,20.0,1087.25,Female,0,Yes,Yes,Yes,No,No,19.415178571428573,0
38,66.15,2522.4,Female,0,No,No,Yes,Yes,DSL,64.67692307692307,0
2,45.85,81.0,Male,0,No,No,Yes,No,DSL,27.0,1
38,19.6,717.3,Male,0,Yes,Yes,Yes,No,No,18.392307692307693,0
34,49.8,1734.2,Male,0,No,No,Yes,No,DSL,49.54857142857143,0
70,101.75,7069.3,Female,0,Yes,No,Yes,Yes,Fiber optic,99.56760563380281,0
13,55.15,742.9,Female,0,No,No,Yes,No,DSL,53.06428571428571,0
39,75.25,3017.65,Male,0,No,No,Yes,Yes,Fiber optic,75.44125,1
61,103.95,6423.0,Female,0,No,No,Yes,Yes,Fiber optic,103.59677419354838,0
12,100.15,1164.3,Female,0,No,No,Yes,Yes,Fiber optic,89.56153846153846,1
41,99.65,4220.35,Male,0,No,No,Yes,No,Fiber optic,100.48452380952382,0
21,73.7,1558.7,Male,0,No,No,Yes,Yes,Fiber optic,70.85000000000001,0
55,50.05,2743.45,Male,1,No,No,No,No phone service,DSL,48.990178571428565,0
69,60.25,4055.5,Male,0,Yes,No,No,No phone service,DSL,57.93571428571428,0
26,105.75,2710.25,Male,1,Yes,Yes,Yes,Yes,Fiber optic,100.37962962962963,1
69,87.3,6055.55,Female,1,Yes,No,Yes,No,Fiber optic,86.50785714285715,0
18,48.35,810.7,Female,1,Yes,No,No,No phone service,DSL,42.66842105263158,1
47,54.25,2538.2,Male,0,Yes,Yes,Yes,Yes,DSL,52.87916666666666,0
72,85.3,6129.2,Female,0,Yes,Yes,Yes,No,DSL,83.96164383561644,0
33,50.0,1750.85,Male,1,Yes,No,No,No phone service,DSL,51.495588235294115,0
2,24.4,36.55,Female,0,Yes,Yes,No,No phone service,DSL,12.183333333333332,1
72,90.95,6652.45,Female,0,Yes,Yes,Yes,Yes,DSL,91.12945205479451,0
37,72.25,2575.45,Male,1,Yes,No,Yes,No,Fiber optic,67.77499999999999,0
62,96.1,6019.35,Female,1,Yes,Yes,Yes,Yes,Fiber optic,95.5452380952381,0
71,19.85,1379.6,Female,0,Yes,No,Yes,No,No,19.16111111111111,0
23,55.3,1284.2,Male,0,No,Yes,Yes,No,DSL,53.50833333333333,0
16,20.1,296.15,Female,0,No,No,Yes,No,No,17.420588235294115,0
9,69.5,653.25,Male,0,No,No,Yes,No,DSL,65.325,0
17,25.15,412.6,Male,0,Yes,Yes,Yes,Yes,No,22.922222222222224,0
4,20.95,85.5,Female,0,No,No,Yes,No,No,17.1,1
1,49.55,49.55,Female,1,Yes,No,Yes,No,DSL,24.775,1
24,79.65,1928.7,Female,0,Yes,No,Yes,Yes,Fiber optic,77.148,0
1,71.25,71.25,Female,1,No,No,Yes,No,Fiber optic,35.625,0
72,113.8,7845.8,Male,1,No,No,Yes,Yes,Fiber optic,107.47671232876712,0
72,24.55,1750.7,Female,0,Yes,No,Yes,Yes,No,23.982191780821918,0
11,19.7,216.2,Female,0,No,Yes,Yes,No,No,18.016666666666666,0
9,20.25,178.5,Male,0,No,No,Yes,No,No,17.85,1
2,50.15,115.1,Female,1,Yes,No,Yes,No,DSL,38.36666666666667,1
60,100.5,6029.0,Female,1,Yes,No,Yes,Yes,Fiber optic,98.8360655737705,0
29,95.9,2745.2,Male,1,Yes,No,Yes,Yes,Fiber optic,91.50666666666666,1
49,74.45,3721.9,Female,0,No,No,Yes,No,DSL,74.438,0
30,104.1,3121.1,Female,1,No,No,Yes,Yes,Fiber optic,100.68064516129031,0
53,19.05,990.45,Female,0,Yes,No,Yes,No,No,18.34166666666667,0
39,25.0,1004.35,Male,0,No,Yes,Yes,Yes,No,25.10875,0
9,19.05,157.65,Female,0,No,No,Yes,No,No,15.765,0
39,81.9,3219.75,Male,0,No,No,Yes,No,Fiber optic,80.49375,0
8,69.7,572.85,Male,1,No,No,Yes,No,Fiber optic,63.650000000000006,0
51,90.15,4554.85,Female,0,Yes,Yes,Yes,Yes,Fiber optic,87.59326923076924,0
71,25.35,1847.55,Male,0,Yes,Yes,Yes,Yes,No,25.660416666666666,0
71,24.65,1766.75,Male,1,No,No,Yes,Yes,No,24.538194444444443,0
70,19.55,1462.05,Female,1,Yes,No,Yes,No,No,20.59225352112676,0
1,25.25,25.25,Female,1,No,No,No,No phone service,DSL,12.625,1
38,60.0,2193.2,Male,0,Yes,No,No,No phone service,DSL,56.23589743589743,0
28,89.9,2433.5,Female,0,Yes,No,Yes,No,Fiber optic,83.91379310344827,0
32,19.4,641.15,Female,0,Yes,No,Yes,No,No,19.42878787878788,0
49,49.8,2398.4,Male,1,Yes,No,Yes,No,DSL,47.968,0
37,24.1,861.85,Female,0,Yes,Yes,Yes,Yes,No,22.68026315789474,0
10,54.25,583.0,Female,0,No,No,Yes,No,DSL,53.0,0
67,109.9,7332.4,Male,0,Yes,No,Yes,Yes,Fiber optic,107.82941176470588,0
7,35.5,249.55,Male,0,No,No,No,No phone service,DSL,31.19375,0
51,87.55,4475.9,Female,0,No,No,Yes,No,Fiber optic,86.07499999999999,0
9,45.15,416.45,Female,0,No,No,Yes,No,DSL,41.644999999999996,1
9,88.4,788.6,Female,0,No,No,Yes,No,Fiber optic,78.86,0
4,50.8,202.3,Male,0,No,No,Yes,No,DSL,40.46,0
71,99.0,6994.6,Male,0,Yes,No,Yes,Yes,Fiber optic,97.14722222222223,0
50,84.4,4116.15,Female,0,Yes,Yes,Yes,Yes,Fiber optic,80.70882352941176,1
24,96.55,2263.45,Female,1,Yes,Yes,Yes,No,Fiber optic,90.538,0
22,59.75,1374.35,Male,0,Yes,No,Yes,No,DSL,59.75434782608695,0
44,111.5,4915.15,Male,0,No,No,Yes,Yes,Fiber optic,109.22555555555554,0
33,24.25,838.5,Female,0,Yes,Yes,Yes,Yes,No,24.66176470588235,0
1,75.1,75.1,Female,0,No,No,Yes,Yes,Fiber optic,37.55,1
54,70.15,3715.65,Female,0,Yes,No,Yes,Yes,DSL,67.55727272727273,1
42,101.75,4273.45,Male,0,No,No,Yes,Yes,Fiber optic,99.38255813953488,1
1,45.8,45.8,Female,0,No,No,Yes,No,DSL,22.9,1
1,20.5,20.5,Female,0,No,No,Yes,No,No,10.25,0
30,70.4,2044.75,Male,0,No,No,Yes,No,DSL,65.95967741935483,0
1,30.55,30.55,Female,0,No,No,No,No phone service,DSL,15.275,0
16,84.9,1398.25,Male,0,Yes,Yes,Yes,Yes,DSL,82.25,0
1,20.1,20.1,Male,0,No,No,Yes,No,No,10.05,1
9,40.65,328.95,Male,0,Yes,No,No,No phone service,DSL,32.894999999999996,1
46,101.0,4680.05,Male,1,Yes,No,Yes,Yes,Fiber optic,99.57553191489362,1
1,69.1,69.1,Male,0,No,No,Yes,No,Fiber optic,34.55,1
71,54.5,3778.2,Male,0,Yes,No,Yes,No,DSL,52.474999999999994,0
43,75.35,3161.4,Male,0,No,No,Yes,Yes,Fiber optic,71.85000000000001,0
50,44.45,2188.45,Male,0,Yes,No,No,No phone service,DSL,42.910784313725486,0
13,75.0,999.45,Female,0,No,No,Yes,Yes,Fiber optic,71.38928571428572,1
19,100.0,1888.65,Male,0,Yes,Yes,Yes,No,Fiber optic,94.4325,1
41,98.05,3990.6,Female,0,No,No,Yes,Yes,Fiber optic,95.0142857142857,0
1,71.15,71.15,Female,1,No,No,Yes,No,Fiber optic,35.575,1
24,54.15,1240.25,Female,0,No,No,No,No phone service,DSL,49.61,1
40,63.9,2635.0,Female,0,Yes,No,Yes,Yes,DSL,64.26829268292683,0
3,69.15,235.0,Female,0,Yes,Yes,Yes,Yes,DSL,58.75,0
37,64.65,2347.85,Female,0,No,No,Yes,Yes,DSL,61.78552631578947,0
67,108.75,7156.2,Female,0,Yes,Yes,Yes,Yes,Fiber optic,105.23823529411764,1
32,98.85,3089.6,Female,0,Yes,Yes,Yes,Yes,Fiber optic,93.62424242424242,0
6,49.15,270.8,Female,0,Yes,No,Yes,No,DSL,38.68571428571429,1
32,89.6,2901.8,Female,0,Yes,Yes,Yes,Yes,Fiber optic,87.93333333333334,0
59,83.25,4949.1,Female,0,No,No,Yes,Yes,Fiber optic,82.485,0
30,70.25,2198.9,Female,0,Yes,No,Yes,No,DSL,70.93225806451613,0
20,19.4,374.5,Male,0,No,Yes,Yes,No,No,17.833333333333332,1
27,24.5,761.95,Female,0,Yes,Yes,Yes,Yes,No,27.212500000000002,0
20,79.15,1520.9,Female,1,No,No,Yes,Yes,Fiber optic,72.42380952380952,1
9,20.1,190.25,Male,0,No,Yes,Yes,No,No,19.025,0
68,73.0,5163.0,Female,0,Yes,Yes,Yes,Yes,DSL,74.82608695652173,0
69,61.4,4059.85,Female,0,Yes,Yes,Yes,Yes,DSL,57.99785714285714,0
26,84.3,2281.6,Male,0,No,No,Yes,Yes,Fiber optic,84.5037037037037,0
69,19.9,1356.7,Male,0,Yes,Yes,Yes,No,No,19.38142857142857,0
11,20.4,231.45,Male,0,No,No,Yes,No,No,19.287499999999998,0
1,50.75,50.75,Male,0,No,No,Yes,Yes,DSL,25.375,0
10,20.45,242.4,Male,0,Yes,Yes,Yes,No,No,22.036363636363635,0
55,75.75,4264.25,Female,0,Yes,Yes,Yes,Yes,DSL,76.14732142857143,0
44,65.4,2774.55,Male,0,No,No,Yes,No,DSL,61.65666666666667,0
46,80.4,3605.2,Male,1,Yes,No,Yes,No,Fiber optic,76.7063829787234,1
69,59.75,4069.9,Male,0,Yes,Yes,Yes,No,DSL,58.14142857142857,0
11,78.5,874.2,Male,1,No,No,Yes,No,Fiber optic,72.85000000000001,0
11,102.0,1145.35,Female,0,Yes,No,Yes,Yes,Fiber optic,95.44583333333333,1
29,48.95,1323.7,Male,0,No,No,Yes,No,DSL,44.123333333333335,0
57,99.65,5497.05,Female,0,Yes,No,Yes,Yes,Fiber optic,94.77672413793104,0
28,18.25,534.7,Male,0,No,No,Yes,No,No,18.43793103448276,0
42,54.55,2455.05,Female,0,No,No,Yes,No,DSL,57.09418604651163,0
2,20.65,38.7,Female,0,No,No,Yes,No,No,12.9,1
23,40.65,947.4,Male,0,No,Yes,No,No phone service,DSL,39.475,0
18,20.45,357.0,Female,0,Yes,Yes,Yes,No,No,18.789473684210527,0
62,24.8,1476.25,Male,0,Yes,Yes,Yes,Yes,No,23.432539682539684,0
1,70.8,70.8,Female,0,No,No,Yes,No,Fiber optic,35.4,1
16,89.05,1448.6,Male,0,No,No,Yes,Yes,Fiber optic,85.21176470588235,1
3,96.6,291.9,Female,0,No,No,Yes,Yes,Fiber optic,72.975,1
67,88.8,5903.15,Male,0,No,No,Yes,Yes,DSL,86.81102941176471,0
62,20.05,1201.65,Male,0,No,No,Yes,No,No,19.073809523809526,0
57,104.5,5921.35,Female,0,Yes,No,Yes,Yes,Fiber optic,102.09224137931035,1
2,69.8,146.65,Male,0,No,No,Yes,No,Fiber optic,48.88333333333333,0
23,77.15,1759.4,Female,0,Yes,Yes,Yes,Yes,DSL,73.30833333333334,0
25,35.05,844.45,Female,0,No,Yes,No,No phone service,DSL,32.478846153846156,0
72,108.1,7774.05,Female,1,No,No,Yes,Yes,Fiber optic,106.49383561643836,0
2,84.05,134.05,Female,0,Yes,No,Yes,Yes,Fiber optic,44.68333333333334,0
8,20.2,140.95,Female,0,No,No,Yes,No,No,15.66111111111111,0
5,50.6,249.95,Female,0,No,No,Yes,Yes,DSL,41.65833333333333,1
35,49.2,1701.65,Male,0,No,No,No,No phone service,DSL,47.268055555555556,0
24,24.6,592.65,Male,0,No,No,Yes,Yes,No,23.706,0
2,71.65,135.75,Female,0,Yes,Yes,Yes,No,Fiber optic,45.25,0
72,104.9,7732.65,Male,0,Yes,Yes,Yes,Yes,Fiber optic,105.92671232876712,0
41,106.5,4282.4,Female,0,No,No,Yes,Yes,Fiber optic,101.96190476190475,0
4,49.35,219.65,Male,0,No,Yes,Yes,No,DSL,43.93,1
26,75.5,2018.1,Male,0,No,No,Yes,No,Fiber optic,74.74444444444444,0
7,94.25,669.0,Male,0,No,No,Yes,No,Fiber optic,83.625,1
1,68.95,68.95,Female,0,Yes,No,Yes,No,Fiber optic,34.475,1
4,58.5,224.85,Female,0,Yes,Yes,Yes,Yes,DSL,44.97,0
48,78.9,3771.5,Male,0,No,No,Yes,No,DSL,76.96938775510205,0
2,93.85,196.75,Male,1,No,No,Yes,Yes,Fiber optic,65.58333333333333,1
12,79.2,943.85,Female,1,Yes,No,Yes,No,DSL,72.60384615384615,0
60,109.45,6572.85,Male,0,Yes,No,Yes,Yes,Fiber optic,107.7516393442623,0
55,59.2,3175.85,Male,0,No,No,Yes,No,DSL,56.71160714285714,0
1,29.15,29.15,Male,0,No,No,No,No phone service,DSL,14.575,0
1,20.05,20.05,Male,0,No,No,Yes,No,No,10.025,0
4,76.05,318.9,Male,0,No,No,Yes,Yes,Fiber optic,63.779999999999994,1
1,24.45,24.45,Male,0,No,No,No,No phone service,DSL,12.225,1
42,66.5,2762.75,Female,0,No,No,Yes,No,DSL,64.25,0
1,49.55,49.55,Female,0,No,No,Yes,No,DSL,24.775,0
7,89.35,631.85,Male,0,No,No,Yes,Yes,Fiber optic,78.98125,1
3,73.6,232.5,Male,0,No,No,Yes,No,Fiber optic,58.125,0
72,82.65,5919.35,Female,0,Yes,No,Yes,Yes,DSL,81.08698630136986,0
15,49.0,749.25,Male,0,No,No,Yes,Yes,DSL,46.828125,0
4,80.35,307.4,Male,0,Yes,No,Yes,No,Fiber optic,61.48,1
11,25.2,245.15,Female,0,No,No,Yes,Yes,No,20.429166666666667,0
5,25.45,134.75,Female,0,No,No,Yes,Yes,No,22.458333333333332,0
1,55.8,55.8,Female,1,No,No,Yes,No,DSL,27.9,1
72,110.9,8240.85,Male,0,Yes,No,Yes,Yes,Fiber optic,112.88835616438357,0
55,77.75,4266.4,Female,0,Yes,No,Yes,Yes,Fiber optic,76.18571428571428,0
40,26.2,1077.5,Female,0,Yes,Yes,Yes,Yes,No,26.28048780487805,0
57,19.9,1115.6,Female,0,Yes,No,Yes,No,No,19.23448275862069,0
1,79.05,79.05,Male,0,No,No,Yes,No,Fiber optic,39.525,1
1,95.0,95.0,Male,0,Yes,No,Yes,No,Fiber optic,47.5,1
1,25.2,25.2,Female,0,No,No,No,No phone service,DSL,12.6,1
52,80.85,4079.55,Male,1,Yes,Yes,Yes,Yes,DSL,76.97264150943397,0
41,98.4,4187.75,Male,1,No,No,Yes,Yes,Fiber optic,99.70833333333333,1
43,56.35,2391.15,Male,0,Yes,No,Yes,No,DSL,54.34431818181818,0
47,19.3,890.5,Female,0,Yes,Yes,Yes,No,No,18.552083333333332,0
3,50.4,137.25,Male,0,No,No,Yes,Yes,DSL,34.3125,0
66,79.4,5154.6,Male,1,Yes,Yes,Yes,Yes,DSL,76.93432835820896,1
55,55.25,3119.9,Male,0,Yes,Yes,Yes,No,DSL,55.7125,0
29,19.1,529.5,Male,0,No,No,Yes,No,No,17.65,0
12,84.05,966.55,Female,0,No,Yes,Yes,Yes,Fiber optic,74.35,0
66,105.2,6936.85,Female,0,Yes,No,Yes,Yes,Fiber optic,103.53507462686568,0
35,101.4,3496.3,Male,1,No,No,Yes,Yes,Fiber optic,97.11944444444445,1
10,89.8,914.3,Male,1,Yes,No,Yes,Yes,Fiber optic,83.11818181818181,1
27,75.75,1929.0,Male,0,Yes,Yes,Yes,Yes,Fiber optic,68.89285714285714,0
58,95.3,5817.7,Female,0,No,No,Yes,No,Fiber optic,98.60508474576271,0
54,109.75,6110.2,Male,0,Yes,No,Yes,No,Fiber optic,111.09454545454545,1
9,19.85,178.8,Male,0,No,No,Yes,No,No,17.880000000000003,0
2,19.3,28.3,Male,0,No,No,Yes,No,No,9.433333333333334,1
6,69.1,435.0,Male,0,No,No,Yes,No,Fiber optic,62.142857142857146,0
26,91.25,2351.8,Female,1,No,No,Yes,No,Fiber optic,87.10370370370372,1
9,20.25,186.15,Female,0,No,No,Yes,No,No,18.615000000000002,0
8,54.75,445.85,Male,0,Yes,No,Yes,No,DSL,49.53888888888889,0
12,81.45,912.0,Male,0,No,No,Yes,No,Fiber optic,70.15384615384616,0
15,49.1,679.55,Female,0,No,No,Yes,Yes,DSL,42.471875,1
43,80.2,3581.6,Male,0,Yes,No,Yes,Yes,DSL,81.39999999999999,0
42,100.3,4222.95,Male,0,No,No,Yes,Yes,Fiber optic,98.20813953488371,0
31,65.25,1994.3,Female,0,No,No,Yes,Yes,DSL,62.321875,1
66,90.95,5930.05,Female,0,No,Yes,Yes,Yes,Fiber optic,88.50820895522388,0
18,85.45,1505.85,Female,1,No,No,Yes,Yes,Fiber optic,79.25526315789473,1
1,20.0,20.0,Male,0,No,No,Yes,No,No,10.0,0
61,94.1,5638.3,Male,0,Yes,No,Yes,Yes,Fiber optic,90.94032258064516,1
10,79.85,797.25,Male,0,No,No,Yes,Yes,Fiber optic,72.47727272727273,0
1,71.65,71.65,Male,1,No,No,Yes,No,Fiber optic,35.825,1
18,73.55,1359.45,Female,1,No,No,Yes,No,Fiber optic,71.55,0
24,104.65,2542.45,Male,0,Yes,No,Yes,Yes,Fiber optic,101.698,1
3,19.3,54.7,Female,0,Yes,Yes,Yes,No,No,13.675,0
50,20.15,989.05,Male,0,No,No,Yes,No,No,19.39313725490196,0
1,44.55,44.55,Male,0,Yes,Yes,Yes,No,DSL,22.275,0
2,54.45,87.3,Male,0,No,No,Yes,No,DSL,29.099999999999998,0
17,19.65,351.55,Male,0,No,No,Yes,No,No,19.530555555555555,0
69,105.0,7297.75,Male,0,Yes,Yes,Yes,Yes,Fiber optic,104.25357142857143,0
72,88.7,6301.7,Male,0,Yes,No,Yes,Yes,DSL,86.32465753424657,0
3,74.25,210.3,Female,0,No,No,Yes,Yes,Fiber optic,52.575,1
50,75.15,3822.45,Male,1,Yes,Yes,Yes,Yes,DSL,74.95,0
53,20.25,1048.45,Female,0,No,No,Yes,No,No,19.41574074074074,0
58,109.1,6393.65,Female,0,Yes,No,Yes,Yes,Fiber optic,108.36694915254236,0
46,30.75,1489.3,Male,0,No,No,No,No phone service,DSL,31.68723404255319,0
72,112.9,8061.5,Male,1,Yes,No,Yes,Yes,Fiber optic,110.43150684931507,0
1,74.2,74.2,Female,1,No,No,Yes,Yes,Fiber optic,37.1,1
6,94.05,518.75,Female,0,Yes,Yes,Yes,Yes,Fiber optic,74.10714285714286,0
72,78.85,5763.15,Male,0,Yes,No,Yes,Yes,DSL,78.9472602739726,0
4,55.3,238.5,Male,0,No,No,Yes,No,DSL,47.7,0
52,19.35,1031.7,Female,0,Yes,Yes,Yes,No,No,19.466037735849056,0
0,25.35,2283.3004408418656,Male,0,Yes,Yes,Yes,Yes,No,2283.3004408418656,0
2,20.45,34.8,Female,0,No,No,Yes,No,No,11.6,0
65,19.35,1319.95,Female,0,Yes,No,Yes,No,No,19.999242424242425,0
43,101.0,4388.4,Male,1,Yes,No,Yes,Yes,Fiber optic,99.73636363636363,1
4,100.2,420.2,Male,0,Yes,No,Yes,Yes,Fiber optic,84.03999999999999,1
25,89.05,2177.45,Male,1,Yes,No,Yes,Yes,Fiber optic,83.74807692307692,1
51,78.65,3950.85,Female,0,Yes,No,Yes,Yes,DSL,75.97788461538461,0
12,74.75,827.05,Male,0,No,No,Yes,Yes,DSL,63.61923076923077,0
57,70.1,3913.3,Female,0,Yes,Yes,Yes,No,DSL,67.47068965517242,1
24,19.9,533.5,Female,0,Yes,Yes,Yes,No,No,21.34,0
64,58.35,3756.45,Female,0,Yes,No,Yes,Yes,DSL,57.79153846153846,0
4,105.65,443.9,Female,0,No,No,Yes,No,Fiber optic,88.78,1
26,100.5,2599.95,Female,0,No,No,Yes,Yes,Fiber optic,96.29444444444444,0
15,20.05,284.3,Female,0,Yes,Yes,Yes,No,No,17.76875,0
64,25.65,1740.8,Male,1,Yes,No,Yes,Yes,No,26.78153846153846,0
36,96.5,3436.1,Male,1,Yes,No,Yes,Yes,Fiber optic,92.86756756756756,1
27,95.0,2462.55,Female,0,Yes,No,Yes,Yes,Fiber optic,87.94821428571429,0
1,70.85,70.85,Male,1,Yes,No,Yes,No,Fiber optic,35.425,1
35,85.95,3110.1,Female,0,No,No,Yes,Yes,DSL,86.39166666666667,1
4,73.9,280.85,Male,0,No,No,Yes,No,Fiber optic,56.17,1
8,45.45,411.75,Female,0,Yes,Yes,Yes,No,DSL,45.75,0
10,20.0,198.6,Male,0,No,No,Yes,No,No,18.054545454545455,0
2,49.2,103.7,Female,0,No,No,Yes,No,DSL,34.56666666666667,0
58,109.45,6144.55,Female,0,Yes,No,Yes,Yes,Fiber optic,104.14491525423729,1
51,83.25,4089.45,Male,0,Yes,No,Yes,No,DSL,78.64326923076922,0
46,19.25,864.2,Female,0,Yes,Yes,Yes,No,No,18.387234042553192,0
1,19.65,19.65,Male,0,No,No,Yes,No,No,9.825,0
46,72.8,3249.4,Male,0,No,No,Yes,Yes,Fiber optic,69.13617021276596,0
50,109.65,5405.8,Female,0,Yes,No,Yes,Yes,Fiber optic,105.99607843137255,0
53,65.0,3363.8,Male,0,Yes,Yes,Yes,No,DSL,62.2925925925926,0
61,114.1,7132.15,Male,0,Yes,No,Yes,Yes,Fiber optic,115.03467741935484,0
5,20.65,93.55,Male,0,No,No,Yes,No,No,15.591666666666667,0
47,86.95,4138.9,Male,0,No,No,Yes,No,DSL,86.22708333333333,0
54,94.75,5121.75,Female,0,No,No,Yes,Yes,Fiber optic,93.12272727272727,0
19,25.35,566.1,Male,0,No,Yes,No,No phone service,DSL,28.305,0
26,105.45,2715.3,Female,0,No,Yes,Yes,No,Fiber optic,100.56666666666668,0
70,25.4,1782.05,Male,0,Yes,Yes,Yes,Yes,No,25.099295774647885,0
17,102.55,1742.5,Male,0,Yes,No,Yes,Yes,Fiber optic,96.80555555555556,0
30,100.2,2983.8,Female,0,No,No,Yes,Yes,Fiber optic,96.25161290322582,1
1,24.0,24.0,Female,0,No,Yes,Yes,Yes,No,12.0,0
19,25.6,485.9,Female,0,Yes,Yes,Yes,Yes,No,24.294999999999998,0
26,73.5,1905.7,Female,0,Yes,No,Yes,No,DSL,70.58148148148149,0
21,74.05,1565.7,Female,0,Yes,Yes,Yes,No,Fiber optic,71.16818181818182,1
50,98.25,4858.7,Male,0,Yes,No,Yes,Yes,Fiber optic,95.26862745098039,0
68,54.4,3723.65,Female,0,Yes,No,No,No phone service,DSL,53.96594202898551,0
3,101.55,298.35,Male,0,No,No,Yes,Yes,Fiber optic,74.5875,1
9,103.1,970.45,Male,0,Yes,Yes,Yes,No,Fiber optic,97.045,0
51,34.2,1782.0,Female,0,Yes,Yes,No,No phone service,DSL,34.26923076923077,0
9,43.75,405.7,Female,0,No,No,Yes,No,DSL,40.57,0
41,111.95,4534.9,Male,1,Yes,Yes,Yes,Yes,Fiber optic,107.97380952380952,1
22,100.65,2415.95,Male,0,No,No,Yes,Yes,Fiber optic,105.04130434782608,0
21,55.95,1157.05,Female,0,Yes,Yes,No,No phone service,DSL,52.59318181818182,1
71,116.05,8297.5,Male,0,Yes,Yes,Yes,Yes,Fiber optic,115.24305555555556,0
1,45.75,45.75,Male,0,No,No,Yes,No,DSL,22.875,1
26,82.0,2083.1,Male,0,Yes,Yes,Yes,Yes,DSL,77.15185185185184,0
71,65.15,4681.75,Male,0,Yes,No,Yes,Yes,DSL,65.02430555555556,0
4,44.8,176.2,Male,0,No,No,Yes,No,DSL,35.239999999999995,0
12,79.8,1001.2,Female,0,No,No,Yes,Yes,Fiber optic,77.01538461538462,0
18,88.85,1594.75,Female,0,Yes,No,Yes,Yes,Fiber optic,83.9342105263158,0
3,74.95,212.4,Female,0,No,No,Yes,Yes,Fiber optic,53.1,0
72,106.85,7677.4,Female,1,Yes,No,Yes,Yes,Fiber optic,105.16986301369863,0
11,74.95,815.5,Male,0,No,No,Yes,No,Fiber optic,67.95833333333333,1
1,80.15,80.15,Female,0,No,No,Yes,No,Fiber optic,40.075,1
13,19.3,259.65,Male,0,No,No,Yes,No,No,18.54642857142857,0
72,109.25,8109.8,Female,0,Yes,No,Yes,Yes,Fiber optic,111.09315068493152,1
42,56.1,2386.85,Male,0,Yes,No,Yes,Yes,DSL,55.50813953488372,0
17,19.7,340.35,Female,0,No,No,Yes,No,No,18.908333333333335,0
7,51.3,419.35,Female,1,No,No,Yes,No,DSL,52.41875,0
68,118.6,7990.05,Female,0,Yes,No,Yes,Yes,Fiber optic,115.79782608695652,0
56,24.15,1402.25,Male,0,Yes,Yes,Yes,Yes,No,24.600877192982455,0
38,20.3,749.35,Female,0,Yes,Yes,Yes,No,No,19.214102564102564,0
72,115.5,8425.15,Female,0,Yes,Yes,Yes,Yes,Fiber optic,115.41301369863014,0
48,25.05,1171.5,Female,0,No,No,Yes,Yes,No,23.908163265306122,0
52,109.1,5647.95,Female,1,Yes,No,Yes,Yes,Fiber optic,106.56509433962263,0
35,19.65,708.8,Female,0,Yes,Yes,Yes,No,No,19.688888888888886,0
67,111.3,7567.2,Male,0,Yes,No,Yes,Yes,Fiber optic,111.28235294117647,0
1,29.9,29.9,Female,0,No,No,No,No phone service,DSL,14.95,0
53,80.6,4348.1,Male,0,No,No,Yes,No,Fiber optic,80.52037037037037,0
34,20.8,635.9,Male,0,Yes,Yes,Yes,No,No,18.16857142857143,0
3,35.2,108.95,Female,0,No,No,No,No phone service,DSL,27.2375,1
1,78.8,78.8,Female,0,Yes,No,Yes,No,Fiber optic,39.4,1
19,89.95,1682.4,Male,0,No,No,Yes,No,Fiber optic,84.12,0
60,116.05,6925.9,Female,1,Yes,No,Yes,Yes,Fiber optic,113.53934426229507,0
11,19.55,223.15,Male,0,No,No,Yes,No,No,18.595833333333335,0
47,106.4,5127.95,Female,0,No,No,Yes,Yes,Fiber optic,106.83229166666666,1
18,49.4,874.8,Male,0,No,No,Yes,No,DSL,46.04210526315789,1
60,115.25,6758.45,Female,0,Yes,Yes,Yes,Yes,Fiber optic,110.79426229508196,0
72,24.8,1874.3,Male,0,Yes,No,Yes,Yes,No,25.675342465753424,0
39,19.9,791.15,Male,0,No,No,Yes,No,No,19.77875,0
59,81.25,4639.45,Female,0,Yes,No,Yes,No,Fiber optic,77.32416666666667,0
2,69.95,143.9,Male,0,Yes,Yes,Yes,No,Fiber optic,47.96666666666667,0
1,69.1,69.1,Male,1,No,No,Yes,No,Fiber optic,34.55,1
20,90.2,1776.55,Male,0,Yes,Yes,Yes,No,Fiber optic,84.59761904761905,1
6,93.55,536.4,Female,0,No,No,Yes,Yes,Fiber optic,76.62857142857142,1
71,86.4,6172.0,Male,0,No,No,Yes,Yes,Fiber optic,85.72222222222223,0
24,66.3,1559.45,Female,0,Yes,No,Yes,Yes,DSL,62.378,0
67,94.65,6079.0,Male,1,Yes,No,Yes,Yes,Fiber optic,89.3970588235294,0
1,80.85,80.85,Male,0,No,No,Yes,No,Fiber optic,40.425,1
48,82.05,4029.95,Female,0,Yes,Yes,Yes,Yes,Fiber optic,82.2438775510204,1
37,72.1,2658.4,Female,0,Yes,No,Yes,Yes,DSL,69.9578947368421,0
11,34.7,383.55,Male,0,No,No,No,No phone service,DSL,31.962500000000002,0
3,20.55,51.15,Male,0,Yes,No,Yes,No,No,12.7875,1
18,95.95,1745.5,Female,0,Yes,No,Yes,No,Fiber optic,91.86842105263158,0
50,44.8,2230.85,Male,0,Yes,Yes,Yes,No,DSL,43.7421568627451,0
67,109.4,7281.6,Female,0,Yes,Yes,Yes,Yes,Fiber optic,107.08235294117648,0
25,71.05,1837.7,Female,0,Yes,No,Yes,No,DSL,70.68076923076923,0
2,78.55,149.55,Female,1,No,No,Yes,Yes,Fiber optic,49.85,1
9,19.7,180.7,Male,0,No,No,Yes,No,No,18.07,0
10,40.25,411.45,Female,0,No,Yes,No,No phone service,DSL,37.404545454545456,0
70,19.85,1328.35,Female,0,Yes,No,Yes,No,No,18.709154929577462,0
9,68.25,576.95,Male,0,No,No,Yes,No,DSL,57.69500000000001,0
4,20.15,68.45,Female,0,No,No,Yes,No,No,13.690000000000001,0
2,50.95,123.05,Female,0,No,No,Yes,No,DSL,41.016666666666666,0
1,78.65,78.65,Female,0,No,Yes,Yes,No,Fiber optic,39.325,1
19,25.15,468.35,Male,0,No,No,No,No phone service,DSL,23.4175,0
7,20.25,174.7,Male,0,Yes,Yes,Yes,No,No,21.8375,0
1,42.9,42.9,Male,0,No,No,Yes,No,DSL,21.45,1
1,44.0,44.0,Male,1,No,No,Yes,No,DSL,22.0,0
9,20.25,172.35,Female,0,Yes,Yes,Yes,No,No,17.235,0
3,34.25,139.35,Female,0,No,No,No,No phone service,DSL,34.8375,1
9,58.5,539.85,Female,0,No,No,No,No phone service,DSL,53.985,1
5,55.8,300.4,Female,0,No,No,Yes,No,DSL,50.06666666666666,0
56,88.9,4968.0,Female,0,Yes,Yes,Yes,No,Fiber optic,87.15789473684211,0
18,57.65,992.7,Female,0,No,Yes,Yes,Yes,DSL,52.247368421052634,0
49,96.2,4718.25,Male,1,No,No,Yes,Yes,Fiber optic,94.365,1
70,79.15,5536.5,Male,0,Yes,No,Yes,Yes,DSL,77.97887323943662,0
72,108.05,7806.6,Female,0,No,No,Yes,Yes,Fiber optic,106.93972602739727,0
6,74.4,434.1,Female,1,No,No,Yes,No,Fiber optic,62.01428571428572,1
17,94.8,1563.9,Male,1,Yes,No,Yes,Yes,Fiber optic,86.88333333333334,0
29,45.9,1332.4,Male,0,Yes,No,No,No phone service,DSL,44.413333333333334,0
6,105.3,545.2,Female,0,Yes,No,Yes,Yes,Fiber optic,77.88571428571429,1
63,102.6,6296.75,Male,0,Yes,No,Yes,Yes,Fiber optic,98.38671875,0
16,73.85,1284.2,Male,0,Yes,No,Yes,Yes,Fiber optic,75.54117647058824,1
59,61.35,3645.5,Male,0,No,No,Yes,No,DSL,60.75833333333333,0
3,57.55,161.45,Female,0,No,No,Yes,No,DSL,40.3625,0
8,29.25,226.95,Female,0,No,No,No,No phone service,DSL,25.216666666666665,0
7,84.55,646.85,Female,1,Yes,No,Yes,Yes,Fiber optic,80.85625,1
68,19.6,1441.65,Female,0,No,No,Yes,No,No,20.893478260869568,0
68,111.75,7511.3,Female,0,Yes,Yes,Yes,Yes,Fiber optic,108.85942028985508,0
52,106.5,5621.85,Female,1,Yes,No,Yes,Yes,Fiber optic,106.07264150943396,0
72,107.7,7919.8,Male,0,Yes,Yes,Yes,Yes,Fiber optic,108.4904109589041,0
32,19.3,593.2,Female,0,Yes,No,Yes,No,No,17.975757575757576,0
72,20.05,1423.65,Female,0,Yes,No,Yes,No,No,19.50205479452055,0
1,69.95,69.95,Male,0,Yes,Yes,Yes,No,Fiber optic,34.975,0
42,63.7,2763.35,Male,0,Yes,Yes,Yes,No,DSL,64.2639534883721,0
25,24.75,692.1,Female,0,No,No,Yes,Yes,No,26.61923076923077,1
45,50.9,2298.55,Male,0,No,No,Yes,No,DSL,49.96847826086957,0
43,60.4,2640.55,Female,0,Yes,Yes,No,No phone service,DSL,60.0125,0
37,79.25,2911.8,Male,0,Yes,No,Yes,Yes,DSL,76.6263157894737,0
20,85.8,1727.5,Female,1,No,No,Yes,Yes,Fiber optic,82.26190476190476,1
4,24.45,86.6,Female,0,No,No,No,No phone service,DSL,17.32,1
63,110.1,6705.7,Male,0,Yes,No,Yes,No,Fiber optic,104.7765625,0
3,90.7,237.65,Male,0,No,No,Yes,No,Fiber optic,59.4125,0
66,25.3,1672.35,Male,0,Yes,Yes,Yes,Yes,No,24.96044776119403,0
28,105.7,2979.5,Male,0,No,No,Yes,Yes,Fiber optic,102.74137931034483,1
8,85.2,695.75,Female,1,No,No,Yes,Yes,Fiber optic,77.30555555555556,0
71,24.35,1654.6,Male,0,No,Yes,Yes,Yes,No,22.980555555555554,0
1,24.25,24.25,Male,0,No,No,No,No phone service,DSL,12.125,1
72,25.1,1857.85,Female,0,Yes,Yes,Yes,Yes,No,25.45,0
16,54.55,825.1,Male,1,Yes,No,Yes,No,DSL,48.53529411764706,0
66,96.6,6424.25,Male,0,Yes,No,Yes,Yes,Fiber optic,95.88432835820896,0
11,76.5,837.95,Female,0,No,No,Yes,Yes,Fiber optic,69.82916666666667,1
51,81.15,4126.2,Male,0,No,No,Yes,Yes,DSL,79.35,0
8,38.5,330.8,Female,0,No,Yes,No,No phone service,DSL,36.75555555555556,0
14,92.9,1337.45,Male,0,No,No,Yes,No,Fiber optic,89.16333333333334,0
4,93.5,362.2,Female,0,No,No,Yes,Yes,Fiber optic,72.44,1
70,84.7,5991.05,Female,0,No,No,Yes,Yes,DSL,84.38098591549296,0
70,66.0,4891.5,Female,0,No,Yes,Yes,Yes,DSL,68.8943661971831,0
54,101.5,5373.1,Female,1,Yes,No,Yes,Yes,Fiber optic,97.69272727272728,1
28,74.9,2068.55,Male,0,No,Yes,Yes,No,Fiber optic,71.32931034482759,1
24,20.75,487.05,Male,0,No,No,Yes,No,No,19.482,0
69,61.45,4131.2,Female,0,Yes,No,Yes,No,DSL,59.01714285714286,0
42,54.5,2301.15,Male,0,Yes,Yes,Yes,No,DSL,53.51511627906977,0
2,69.6,131.65,Female,1,No,No,Yes,No,Fiber optic,43.88333333333333,1
39,99.75,4036.0,Female,1,No,No,Yes,Yes,Fiber optic,100.9,0
45,109.75,4900.65,Male,0,Yes,Yes,Yes,Yes,Fiber optic,106.53586956521738,0
72,80.85,5727.45,Male,0,Yes,Yes,Yes,Yes,DSL,78.45821917808219,0
38,20.3,743.05,Female,0,No,No,Yes,No,No,19.0525641025641,0
72,67.8,4804.65,Male,0,Yes,No,Yes,Yes,DSL,65.81712328767122,0
1,24.05,24.05,Male,0,No,No,Yes,Yes,No,12.025,1
72,19.8,1414.65,Male,0,Yes,Yes,Yes,No,No,19.378767123287673,0
55,25.7,1443.65,Male,0,Yes,No,Yes,Yes,No,25.779464285714287,0
51,56.15,2898.95,Female,0,Yes,Yes,No,No phone service,DSL,55.74903846153846,0
63,86.7,5309.5,Male,0,No,No,Yes,No,DSL,82.9609375,0
1,20.4,20.4,Female,0,No,No,Yes,No,No,10.2,0
23,19.65,451.55,Female,0,Yes,Yes,Yes,No,No,18.814583333333335,0
1,50.55,50.55,Female,0,No,No,Yes,No,DSL,25.275,1
2,54.35,117.05,Female,0,No,No,Yes,Yes,DSL,39.016666666666666,0
52,108.1,5839.3,Female,1,No,No,Yes,Yes,Fiber optic,110.17547169811321,0
36,54.45,1893.5,Female,0,No,No,Yes,Yes,DSL,51.17567567567568,0
1,45.35,45.35,Female,0,No,No,Yes,No,DSL,22.675,0
28,59.0,1654.45,Female,0,No,No,Yes,Yes,DSL,57.050000000000004,0
7,69.45,477.05,Female,0,Yes,Yes,Yes,No,DSL,59.63125,0
14,100.55,1415.55,Male,0,No,No,Yes,Yes,Fiber optic,94.36999999999999,1
72,64.95,4546.0,Male,1,Yes,No,No,No phone service,DSL,62.273972602739725,0
1,20.5,20.5,Female,0,Yes,Yes,Yes,No,No,10.25,1
10,18.85,163.2,Female,0,No,No,Yes,No,No,14.836363636363636,0
42,19.8,849.9,Male,0,No,No,Yes,No,No,19.765116279069765,0
7,25.05,189.95,Female,0,No,No,No,No phone service,DSL,23.74375,0
4,74.8,321.9,Male,0,No,No,Yes,No,Fiber optic,64.38,1
72,114.3,8058.55,Male,0,Yes,Yes,Yes,Yes,Fiber optic,110.39109589041097,0
20,24.45,482.8,Female,0,Yes,No,No,No phone service,DSL,22.99047619047619,1
63,109.2,7049.75,Male,0,No,No,Yes,No,Fiber optic,110.15234375,0
56,45.05,2560.1,Female,0,No,No,No,No phone service,DSL,44.9140350877193,0
5,51.0,286.8,Female,0,No,Yes,Yes,No,DSL,47.800000000000004,0
72,110.45,7982.5,Female,0,Yes,No,Yes,Yes,Fiber optic,109.34931506849315,0
68,84.65,5683.6,Male,1,Yes,Yes,Yes,Yes,Fiber optic,82.37101449275363,0
67,60.05,3994.05,Male,0,Yes,Yes,Yes,No,DSL,58.73602941176471,0
8,44.65,369.15,Male,0,Yes,Yes,Yes,No,DSL,41.016666666666666,0
52,93.25,4631.7,Male,0,Yes,Yes,Yes,Yes,Fiber optic,87.39056603773585,0
18,20.25,401.95,Female,0,Yes,Yes,Yes,No,No,21.155263157894737,0
59,25.45,1534.05,Female,0,Yes,Yes,Yes,Yes,No,25.5675,0
60,20.6,1093.0,Female,0,No,No,Yes,No,No,17.918032786885245,0
7,94.1,701.3,Male,0,No,No,Yes,Yes,Fiber optic,87.6625,0
59,34.8,1980.3,Male,0,Yes,Yes,No,No phone service,DSL,33.005,0
46,60.75,2893.4,Male,0,No,No,No,No phone service,DSL,61.56170212765958,0
5,51.35,262.3,Male,0,No,No,Yes,No,DSL,43.71666666666667,0
59,64.05,3886.85,Male,1,Yes,No,No,No phone service,DSL,64.78083333333333,0
70,84.8,5917.55,Female,0,Yes,No,Yes,Yes,DSL,83.34577464788732,0
14,71.0,914.0,Female,0,No,No,Yes,No,Fiber optic,60.93333333333333,1
44,50.15,2139.1,Female,0,No,No,Yes,Yes,DSL,47.535555555555554,0
64,94.6,5948.7,Female,0,Yes,No,Yes,Yes,Fiber optic,91.51846153846154,0
58,59.75,3624.35,Female,0,Yes,Yes,No,No phone service,DSL,61.429661016949154,0
46,100.25,4753.85,Female,1,Yes,No,Yes,Yes,Fiber optic,101.14574468085107,0
58,98.9,5780.7,Male,1,Yes,No,Yes,Yes,Fiber optic,97.97796610169492,0
72,97.7,6869.7,Female,0,Yes,No,Yes,Yes,Fiber optic,94.1054794520548,0
30,40.3,1172.95,Female,1,No,No,No,No phone service,DSL,37.83709677419355,1
11,60.25,662.95,Male,1,No,No,Yes,Yes,DSL,55.24583333333334,0
34,56.25,1765.95,Female,1,No,No,No,No phone service,DSL,50.455714285714286,0
54,46.2,2431.95,Male,0,No,No,No,No phone service,DSL,44.21727272727272,0
3,50.6,155.35,Female,0,No,No,No,No phone service,DSL,38.8375,1
72,24.9,1859.2,Female,0,Yes,Yes,Yes,Yes,No,25.46849315068493,0
40,84.85,3303.05,Female,0,Yes,Yes,Yes,Yes,Fiber optic,80.56219512195122,1
2,65.7,134.35,Female,0,Yes,Yes,Yes,No,DSL,44.78333333333333,1
54,63.35,3409.1,Male,0,Yes,Yes,Yes,Yes,DSL,61.983636363636364,0
14,50.1,709.5,Female,0,No,No,Yes,No,DSL,47.3,0
1,70.5,70.5,Female,0,No,No,Yes,No,Fiber optic,35.25,1
10,94.85,953.45,Female,0,No,No,Yes,Yes,Fiber optic,86.67727272727274,1
1,50.15,50.15,Female,0,No,No,Yes,No,DSL,25.075,0
1,19.75,19.75,Male,0,No,No,Yes,No,No,9.875,1
56,64.65,3665.55,Male,0,No,No,Yes,Yes,DSL,64.30789473684212,0
68,79.6,5515.8,Female,0,Yes,No,Yes,No,DSL,79.93913043478261,0
14,19.5,272.0,Female,0,Yes,Yes,Yes,No,No,18.133333333333333,0
68,99.55,6668.0,Male,0,Yes,Yes,Yes,No,Fiber optic,96.6376811594203,0
55,74.0,4052.4,Male,1,Yes,No,Yes,Yes,Fiber optic,72.36428571428571,0
16,38.9,664.4,Female,0,No,No,No,No phone service,DSL,39.08235294117647,0
9,79.55,718.55,Male,1,No,No,Yes,No,Fiber optic,71.85499999999999,0
14,65.45,937.6,Male,0,Yes,Yes,Yes,No,DSL,62.50666666666667,1
58,98.7,5812.6,Male,1,Yes,No,Yes,Yes,Fiber optic,98.51864406779661,1
53,46.3,2546.85,Male,0,No,No,No,No phone service,DSL,47.163888888888884,0
70,99.35,6944.5,Male,0,Yes,No,Yes,Yes,Fiber optic,97.80985915492958,0
14,95.8,1346.3,Female,1,Yes,Yes,Yes,Yes,Fiber optic,89.75333333333333,0
22,67.5,1544.05,Male,0,Yes,Yes,Yes,No,DSL,67.13260869565217,1
10,78.15,765.15,Female,0,Yes,No,Yes,Yes,Fiber optic,69.55909090909091,0
29,26.1,692.55,Female,0,Yes,Yes,Yes,Yes,No,23.084999999999997,0
1,69.6,69.6,Female,0,No,No,Yes,No,Fiber optic,34.8,1
49,84.35,4059.35,Male,0,Yes,No,Yes,Yes,DSL,81.187,1
68,100.2,6851.65,Female,1,Yes,No,Yes,Yes,Fiber optic,99.29927536231884,1
1,78.05,78.05,Female,0,No,No,Yes,No,Fiber optic,39.025,1
30,40.35,1187.05,Female,0,No,No,No,No phone service,DSL,38.291935483870965,0
72,79.2,5401.9,Female,0,Yes,No,Yes,Yes,DSL,73.99863013698629,0
10,20.9,247.0,Female,0,No,No,Yes,No,No,22.454545454545453,0
7,73.6,520.0,Male,0,No,No,Yes,Yes,Fiber optic,65.0,1
9,74.75,706.6,Female,0,No,No,Yes,Yes,Fiber optic,70.66,1
1,49.9,49.9,Female,0,No,Yes,Yes,No,DSL,24.95,0
20,68.9,1370.35,Female,0,No,No,Yes,Yes,DSL,65.2547619047619,0
1,20.25,20.25,Female,0,No,No,Yes,No,No,10.125,0
29,76.0,2215.25,Female,0,No,No,Yes,Yes,Fiber optic,73.84166666666667,0
1,74.0,74.0,Male,0,No,No,Yes,No,Fiber optic,37.0,0
3,82.3,214.4,Male,0,No,No,Yes,No,Fiber optic,53.6,0
20,89.4,1871.15,Female,0,No,No,Yes,No,Fiber optic,89.10238095238095,0
64,99.15,6171.2,Male,0,No,Yes,Yes,No,Fiber optic,94.94153846153846,0
1,20.2,20.2,Male,0,No,No,Yes,No,No,10.1,1
6,29.45,161.45,Female,0,No,No,No,No phone service,DSL,23.064285714285713,0
50,19.8,1013.2,Male,0,Yes,No,Yes,No,No,19.866666666666667,0
6,59.15,336.7,Male,0,No,No,Yes,No,DSL,48.1,0
7,44.75,333.65,Male,0,Yes,Yes,Yes,No,DSL,41.70625,0
72,90.8,6511.8,Male,0,Yes,Yes,Yes,Yes,Fiber optic,89.2027397260274,0
8,49.55,393.45,Male,0,Yes,No,Yes,No,DSL,43.71666666666667,0
67,106.7,7009.5,Female,0,Yes,Yes,Yes,Yes,Fiber optic,103.08088235294117,0
24,93.55,2264.05,Female,1,Yes,No,Yes,Yes,Fiber optic,90.56200000000001,1
72,94.45,6921.7,Female,0,Yes,No,Yes,Yes,Fiber optic,94.81780821917808,0
33,19.45,600.25,Male,0,Yes,Yes,Yes,No,No,17.654411764705884,0
2,25.05,56.35,Male,0,No,No,No,No phone service,DSL,18.783333333333335,1
70,67.95,4664.15,Male,0,Yes,No,Yes,No,DSL,65.69225352112676,0
22,65.25,1441.8,Female,0,No,No,Yes,No,DSL,62.68695652173913,0
59,99.45,5623.7,Female,0,No,No,Yes,Yes,Fiber optic,93.72833333333332,0
36,20.35,695.85,Male,0,No,No,Yes,No,No,18.80675675675676,0
51,19.95,1028.75,Female,0,Yes,Yes,Yes,No,No,19.783653846153847,0
53,77.4,4155.95,Male,0,Yes,No,Yes,Yes,DSL,76.96203703703704,0
20,19.7,395.6,Female,0,Yes,Yes,Yes,No,No,18.83809523809524,0
63,99.7,6330.4,Male,0,Yes,No,Yes,No,Fiber optic,98.9125,0
40,74.8,2971.7,Female,0,No,No,Yes,No,Fiber optic,72.48048780487804,0
35,19.15,638.0,Male,0,No,No,Yes,No,No,17.72222222222222,0
26,78.95,2034.25,Male,0,Yes,Yes,Yes,No,Fiber optic,75.3425925925926,0
27,95.55,2510.2,Male,1,Yes,No,Yes,Yes,Fiber optic,89.64999999999999,1
53,62.85,3419.5,Male,0,No,Yes,Yes,No,DSL,63.324074074074076,0
34,71.55,2427.35,Male,1,Yes,No,Yes,No,Fiber optic,69.35285714285715,0
19,94.95,1760.25,Female,1,Yes,No,Yes,Yes,Fiber optic,88.0125,0
43,86.1,3551.65,Male,0,Yes,No,Yes,No,Fiber optic,80.71931818181818,0
6,19.55,122.9,Male,0,Yes,Yes,Yes,No,No,17.557142857142857,0
56,24.8,1424.2,Male,0,No,Yes,Yes,Yes,No,24.985964912280703,0
57,39.3,2111.45,Male,0,No,No,No,No phone service,DSL,36.404310344827586,1
34,84.05,2909.95,Male,0,Yes,Yes,Yes,No,Fiber optic,83.14142857142856,0
10,36.25,374.0,Female,0,No,No,No,No phone service,DSL,34.0,0
1,20.25,20.25,Female,0,No,No,Yes,No,No,10.125,1
13,23.9,300.8,Female,0,No,No,No,No phone service,DSL,21.485714285714288,1
56,98.6,5581.05,Male,0,No,No,Yes,Yes,Fiber optic,97.91315789473684,0
55,103.65,5676.65,Female,0,Yes,No,Yes,Yes,Fiber optic,101.36874999999999,0
36,92.9,3379.25,Female,0,Yes,Yes,Yes,Yes,DSL,91.33108108108108,0
47,19.9,942.95,Male,0,Yes,No,Yes,No,No,19.644791666666666,0
12,20.1,232.4,Female,0,Yes,Yes,Yes,No,No,17.876923076923077,0
1,85.45,85.45,Female,0,No,No,Yes,No,Fiber optic,42.725,1
24,80.5,2088.45,Male,1,No,No,Yes,Yes,Fiber optic,83.538,0
63,99.9,6137.0,Female,0,No,No,Yes,Yes,Fiber optic,95.890625,1
35,39.85,1434.6,Female,1,No,No,No,No phone service,DSL,39.849999999999994,0
67,60.5,3870.0,Female,0,No,No,Yes,No,DSL,56.911764705882355,0
25,84.8,2043.45,Male,0,No,No,Yes,Yes,Fiber optic,78.59423076923078,1
21,103.85,2215.0,Male,0,No,No,Yes,Yes,Fiber optic,100.68181818181819,0
13,67.8,842.25,Female,0,No,No,Yes,No,DSL,60.160714285714285,0
35,75.2,2576.2,Male,0,Yes,No,Yes,Yes,Fiber optic,71.5611111111111,1
71,24.85,1901.0,Male,1,Yes,No,Yes,Yes,No,26.40277777777778,0
29,19.35,601.6,Female,0,No,No,Yes,No,No,20.053333333333335,0
71,49.35,3515.25,Male,0,Yes,No,No,No phone service,DSL,48.822916666666664,1
7,89.0,605.45,Male,1,Yes,No,Yes,No,Fiber optic,75.68125,0
57,55.0,3094.05,Female,1,No,No,No,No phone service,DSL,53.345689655172414,0
65,76.15,4929.55,Male,0,Yes,No,Yes,Yes,DSL,74.69015151515151,0
27,20.3,595.05,Male,0,No,No,Yes,No,No,21.251785714285713,0
6,74.9,469.8,Male,0,No,No,Yes,Yes,Fiber optic,67.11428571428571,1
72,117.35,8436.25,Female,1,No,No,Yes,Yes,Fiber optic,115.56506849315069,0
1,19.75,19.75,Male,0,No,No,Yes,No,No,9.875,0
11,45.2,492.0,Male,0,No,No,Yes,No,DSL,41.0,0
39,25.2,987.95,Male,0,Yes,Yes,Yes,Yes,No,24.69875,0
59,89.75,5496.9,Female,1,No,No,Yes,Yes,Fiber optic,91.615,0
26,75.0,1908.35,Male,0,No,No,Yes,No,DSL,70.67962962962963,0
2,49.95,107.1,Male,1,No,No,Yes,No,DSL,35.699999999999996,0
72,65.7,4575.35,Female,0,Yes,Yes,No,No phone service,DSL,62.67602739726028,0
65,67.05,4309.55,Male,0,Yes,No,Yes,Yes,DSL,65.29621212121212,0
72,110.9,7922.75,Male,0,Yes,Yes,Yes,Yes,Fiber optic,108.53082191780823,0
6,87.95,522.35,Male,0,No,No,Yes,Yes,Fiber optic,74.62142857142858,0
32,19.8,587.7,Male,1,No,No,Yes,No,No,17.809090909090912,0
50,75.7,3876.2,Female,0,Yes,No,Yes,Yes,DSL,76.00392156862745,0
61,62.15,3778.85,Male,0,Yes,No,No,No phone service,DSL,60.94919354838709,0
15,101.25,1457.25,Female,0,No,No,Yes,No,Fiber optic,91.078125,1
72,115.15,8349.45,Male,0,Yes,No,Yes,Yes,Fiber optic,114.37602739726029,0
9,18.95,185.6,Male,0,No,No,Yes,No,No,18.56,1
1,19.5,19.5,Female,0,No,No,Yes,No,No,9.75,0
12,86.55,1066.9,Female,0,No,No,Yes,Yes,Fiber optic,82.06923076923077,0
37,28.6,973.55,Female,0,No,No,No,No phone service,DSL,25.61973684210526,1
61,20.4,1226.45,Male,0,Yes,Yes,Yes,No,No,19.781451612903226,0
18,19.8,342.3,Male,0,Yes,Yes,Yes,No,No,18.01578947368421,0
21,45.65,985.05,Male,0,No,Yes,Yes,No,DSL,44.775,0
68,56.4,3948.45,Male,0,Yes,Yes,No,No phone service,DSL,57.223913043478255,0
12,73.3,828.05,Male,1,No,No,Yes,Yes,Fiber optic,63.69615384615384,0
2,24.35,41.85,Female,1,No,No,No,No phone service,DSL,13.950000000000001,1
62,101.35,6164.7,Female,0,Yes,No,Yes,Yes,Fiber optic,97.85238095238095,0
29,98.65,2862.75,Female,1,No,No,Yes,Yes,Fiber optic,95.425,1
1,33.6,33.6,Male,0,No,Yes,No,No phone service,DSL,16.8,0
5,79.9,343.95,Male,1,Yes,No,Yes,Yes,Fiber optic,57.324999999999996,1
1,20.7,20.7,Female,0,No,No,Yes,No,No,10.35,0
62,104.05,6590.5,Male,0,No,Yes,Yes,Yes,Fiber optic,104.61111111111111,0
36,20.25,717.95,Female,0,Yes,Yes,Yes,No,No,19.404054054054054,0
28,103.3,2890.65,Female,1,No,No,Yes,Yes,Fiber optic,99.67758620689655,1
69,73.7,4885.85,Female,0,Yes,Yes,Yes,Yes,DSL,69.79785714285715,0
11,96.2,1222.05,Female,0,Yes,No,Yes,Yes,Fiber optic,101.83749999999999,1
63,108.75,6871.7,Female,0,Yes,No,Yes,Yes,Fiber optic,107.3703125,0
23,20.15,405.6,Male,0,No,No,Yes,No,No,16.900000000000002,0
10,19.75,208.25,Male,0,No,No,Yes,No,No,18.931818181818183,0
71,25.95,1801.9,Female,0,Yes,No,Yes,Yes,No,25.02638888888889,0
45,70.05,3062.45,Female,1,No,No,Yes,Yes,DSL,66.575,0
70,24.05,1764.75,Female,0,Yes,Yes,Yes,Yes,No,24.8556338028169,0
22,84.75,1816.75,Female,0,No,Yes,Yes,Yes,Fiber optic,78.98913043478261,0
52,23.05,1255.1,Female,0,Yes,Yes,Yes,Yes,No,23.681132075471698,0
55,104.15,5743.05,Male,0,Yes,No,Yes,Yes,Fiber optic,102.55446428571429,1
65,59.95,3921.1,Female,0,No,No,No,No phone service,DSL,59.41060606060606,0
72,19.55,1463.45,Female,0,Yes,Yes,Yes,No,No,20.047260273972604,0
10,19.6,189.45,Male,0,Yes,No,Yes,No,No,17.222727272727273,0
7,20.05,96.8,Female,0,No,Yes,Yes,No,No,12.1,0
5,85.55,408.5,Male,1,No,No,Yes,No,Fiber optic,68.08333333333333,0
24,78.6,1846.65,Female,0,Yes,Yes,Yes,Yes,DSL,73.866,0
72,116.8,8456.75,Female,0,Yes,Yes,Yes,Yes,Fiber optic,115.8458904109589,0
21,43.55,1011.5,Male,0,No,No,No,No phone service,DSL,45.97727272727273,0
69,60.8,4263.4,Male,0,Yes,No,No,No phone service,DSL,60.90571428571428,0
44,54.9,2549.1,Male,0,Yes,Yes,Yes,No,DSL,56.64666666666666,0
61,65.2,3965.05,Female,1,Yes,Yes,Yes,Yes,DSL,63.95241935483871,0
24,102.95,2496.7,Male,1,No,No,Yes,Yes,Fiber optic,99.868,1
1,90.6,90.6,Female,0,No,No,Yes,No,Fiber optic,45.3,1
6,50.8,288.05,Female,0,No,No,Yes,No,DSL,41.15,1
4,90.05,368.1,Male,0,No,No,Yes,Yes,Fiber optic,73.62,1
72,108.2,7840.6,Male,0,Yes,No,Yes,Yes,Fiber optic,107.4054794520548,0
72,92.0,6632.75,Male,0,No,No,Yes,Yes,DSL,90.85958904109589,0
14,75.1,1013.35,Male,1,Yes,No,Yes,Yes,Fiber optic,67.55666666666667,0
7,25.05,152.95,Male,0,No,No,Yes,Yes,No,19.11875,0
48,75.15,3772.65,Female,0,No,No,Yes,No,Fiber optic,76.99285714285715,0
55,19.5,1026.35,Male,0,Yes,Yes,Yes,No,No,18.32767857142857,0
1,19.3,19.3,Male,0,No,No,Yes,No,No,9.65,0
45,112.2,5031.85,Male,0,No,No,Yes,No,Fiber optic,109.38804347826088,0
3,70.3,220.4,Male,0,No,No,Yes,No,Fiber optic,55.1,0
71,19.6,1416.5,Female,0,Yes,No,Yes,No,No,19.67361111111111,0
8,20.25,158.35,Male,0,Yes,No,Yes,No,No,17.594444444444445,0
3,75.85,256.6,Female,0,Yes,No,Yes,Yes,Fiber optic,64.15,1
69,80.65,5542.55,Male,0,Yes,Yes,Yes,No,DSL,79.17928571428571,0
1,68.5,68.5,Male,0,Yes,Yes,Yes,No,Fiber optic,34.25,1
72,115.75,8443.7,Female,1,Yes,No,Yes,Yes,Fiber optic,115.66712328767125,0
11,73.5,791.75,Male,0,No,No,Yes,No,Fiber optic,65.97916666666667,1
71,80.6,5708.2,Male,0,No,No,Yes,Yes,DSL,79.28055555555555,0
1,69.95,69.95,Female,0,No,No,Yes,No,Fiber optic,34.975,1
33,59.55,2016.3,Female,0,Yes,No,No,No phone service,DSL,59.30294117647059,0
16,19.05,326.65,Female,0,No,No,Yes,No,No,19.21470588235294,0
56,95.65,5471.75,Female,1,Yes,No,Yes,Yes,Fiber optic,95.99561403508773,0
1,19.95,19.95,Female,0,No,No,Yes,No,No,9.975,0
5,70.05,346.4,Male,0,No,No,Yes,No,DSL,57.73333333333333,1
57,19.4,1061.6,Male,0,Yes,Yes,Yes,No,No,18.303448275862067,0
56,36.1,1971.5,Male,0,Yes,Yes,No,No phone service,DSL,34.58771929824562,0
8,94.0,773.65,Male,0,No,No,Yes,Yes,Fiber optic,85.96111111111111,1
22,61.15,1422.05,Female,0,Yes,Yes,Yes,No,DSL,61.82826086956521,1
1,19.75,19.75,Female,0,No,No,Yes,No,No,9.875,0
40,64.1,2460.35,Female,0,No,Yes,Yes,No,DSL,60.00853658536585,0
46,19.75,856.5,Male,0,Yes,Yes,Yes,No,No,18.22340425531915,0
63,19.7,1275.85,Male,0,Yes,Yes,Yes,No,No,19.93515625,0
68,110.2,7467.5,Male,0,Yes,Yes,Yes,Yes,Fiber optic,108.22463768115942,0
69,106.35,7261.75,Male,0,Yes,Yes,Yes,No,Fiber optic,103.73928571428571,0
56,90.55,5116.6,Female,0,Yes,No,Yes,Yes,Fiber optic,89.76491228070176,0
10,65.9,660.05,Female,0,Yes,Yes,Yes,No,DSL,60.00454545454545,0
63,104.5,6590.8,Male,0,No,No,Yes,Yes,Fiber optic,102.98125,0
24,52.5,1208.15,Female,0,Yes,Yes,No,No phone service,DSL,48.326,0
19,56.1,1033.9,Female,0,No,No,Yes,Yes,DSL,51.69500000000001,0
22,88.75,1885.15,Male,0,Yes,Yes,Yes,Yes,Fiber optic,81.96304347826087,0
29,84.45,2467.1,Male,0,Yes,No,Yes,Yes,Fiber optic,82.23666666666666,1
13,75.3,989.45,Male,0,Yes,No,Yes,Yes,DSL,70.675,1
70,26.0,2006.95,Female,0,Yes,No,Yes,Yes,No,28.266901408450703,0
49,99.4,5025.0,Female,0,Yes,No,Yes,No,Fiber optic,100.5,0
43,109.55,4830.25,Female,1,Yes,No,Yes,Yes,Fiber optic,109.7784090909091,1
3,19.6,59.75,Female,0,No,No,Yes,No,No,14.9375,1
42,73.15,3088.25,Male,0,Yes,Yes,Yes,No,DSL,71.81976744186046,0
57,54.65,3134.7,Male,0,No,No,Yes,No,DSL,54.04655172413793,0
2,66.4,94.55,Male,1,No,No,Yes,No,DSL,31.516666666666666,1
72,115.55,8312.4,Female,0,Yes,No,Yes,Yes,Fiber optic,113.86849315068493,0
46,104.45,4863.85,Female,1,No,No,Yes,Yes,Fiber optic,103.48617021276597,0
66,100.05,6871.9,Male,1,Yes,No,Yes,Yes,Fiber optic,102.56567164179104,1
62,102.0,6529.25,Male,0,No,No,Yes,Yes,Fiber optic,103.63888888888889,1
72,91.15,6637.9,Female,0,Yes,No,Yes,Yes,DSL,90.93013698630136,0
35,89.7,3165.6,Male,0,Yes,Yes,Yes,No,Fiber optic,87.93333333333334,0
17,90.2,1454.15,Male,0,Yes,No,Yes,Yes,Fiber optic,80.78611111111111,1
72,92.4,6786.1,Female,0,Yes,No,Yes,Yes,DSL,92.96027397260275,0
28,19.9,543.0,Female,0,Yes,Yes,Yes,No,No,18.724137931034484,0
56,25.15,1327.15,Male,0,Yes,No,Yes,Yes,No,23.283333333333335,1
31,79.85,2404.15,Female,0,No,No,Yes,Yes,Fiber optic,75.1296875,1
45,18.85,867.3,Male,0,No,No,Yes,No,No,18.854347826086954,0
1,25.75,25.75,Female,0,No,No,Yes,Yes,No,12.875,0
2,49.6,114.7,Female,0,No,No,Yes,No,DSL,38.233333333333334,1
6,20.95,109.5,Female,0,No,No,Yes,No,No,15.642857142857142,0
48,97.05,4692.95,Female,0,Yes,No,Yes,No,Fiber optic,95.77448979591837,0
25,25.4,546.85,Male,0,Yes,Yes,Yes,Yes,No,21.032692307692308,0
64,19.7,1274.05,Male,0,Yes,Yes,Yes,No,No,19.60076923076923,0
50,35.0,1782.4,Male,0,No,No,No,No phone service,DSL,34.94901960784314,0
52,101.25,5301.1,Female,0,Yes,Yes,Yes,Yes,Fiber optic,100.02075471698114,0
4,70.2,280.35,Male,1,Yes,No,Yes,No,Fiber optic,56.07000000000001,0
32,90.95,2897.95,Female,1,No,No,Yes,No,Fiber optic,87.81666666666666,0
45,73.85,3371.0,Male,0,Yes,Yes,Yes,Yes,DSL,73.28260869565217,0
9,88.05,801.3,Male,0,Yes,No,Yes,Yes,Fiber optic,80.13,0
66,105.95,6975.25,Female,1,Yes,No,Yes,Yes,Fiber optic,104.10820895522389,1
3,91.85,257.05,Male,0,No,Yes,Yes,Yes,Fiber optic,64.2625,1
54,20.1,1079.45,Female,0,No,No,Yes,No,No,19.62636363636364,0
1,40.1,40.1,Female,0,Yes,Yes,No,No phone service,DSL,20.05,1
64,110.3,6997.3,Female,0,Yes,Yes,Yes,Yes,Fiber optic,107.65076923076923,0
31,73.9,2217.15,Female,1,No,No,Yes,Yes,Fiber optic,69.2859375,1
14,89.8,1129.1,Female,0,No,No,Yes,No,Fiber optic,75.27333333333333,1
12,85.15,979.05,Female,0,No,No,Yes,No,Fiber optic,75.31153846153846,0
67,60.95,4119.4,Male,1,Yes,No,Yes,No,DSL,60.579411764705874,0
35,72.25,2568.55,Female,0,Yes,Yes,Yes,Yes,DSL,71.34861111111111,1
45,73.55,3349.1,Female,0,No,No,Yes,Yes,DSL,72.80652173913043,0
10,46.0,492.1,Male,0,No,No,Yes,No,DSL,44.73636363636364,0
29,58.55,1718.95,Female,1,No,No,Yes,Yes,DSL,57.29833333333333,0
24,24.6,605.25,Female,0,No,No,Yes,Yes,No,24.21,0
66,19.75,1344.5,Male,0,Yes,Yes,Yes,No,No,20.067164179104477,0
51,86.35,4267.15,Male,0,No,No,Yes,No,Fiber optic,82.06057692307692,0
45,25.5,1121.05,Female,0,Yes,No,Yes,Yes,No,24.370652173913044,0
49,19.0,918.7,Female,0,Yes,No,Yes,No,No,18.374000000000002,0
29,19.55,521.8,Female,0,Yes,No,Yes,No,No,17.39333333333333,0
40,110.1,4469.1,Male,0,Yes,Yes,Yes,Yes,Fiber optic,109.00243902439026,0
37,96.55,3580.3,Female,1,No,No,Yes,Yes,Fiber optic,94.21842105263158,1
25,69.75,1729.35,Male,0,No,No,Yes,No,Fiber optic,66.51346153846154,0
22,50.6,1073.3,Female,0,No,No,No,No phone service,DSL,46.665217391304346,0
72,65.6,4566.5,Male,0,No,No,No,No phone service,DSL,62.554794520547944,0
7,40.1,293.3,Female,0,No,No,No,No phone service,DSL,36.6625,1
33,82.1,2603.1,Male,0,Yes,Yes,Yes,No,DSL,76.56176470588235,0
23,79.1,1783.75,Female,0,No,No,Yes,No,Fiber optic,74.32291666666667,0
24,101.25,2440.15,Male,1,No,No,Yes,Yes,Fiber optic,97.60600000000001,1
1,79.55,79.55,Female,0,No,No,Yes,No,Fiber optic,39.775,1
69,90.65,6322.1,Male,0,No,No,Yes,Yes,DSL,90.3157142857143,0
3,20.55,57.4,Female,0,No,Yes,Yes,No,No,14.35,0
56,75.75,4284.65,Male,0,No,No,Yes,No,DSL,75.16929824561403,0
65,110.0,7138.65,Male,0,No,No,Yes,Yes,Fiber optic,108.16136363636363,0
71,20.85,1539.75,Male,0,Yes,No,Yes,No,No,21.385416666666668,0
14,80.35,1058.1,Female,1,No,No,Yes,Yes,Fiber optic,70.53999999999999,0
2,70.15,123.8,Female,0,No,No,Yes,No,Fiber optic,41.266666666666666,0
32,84.05,2781.85,Female,0,No,No,Yes,Yes,Fiber optic,84.29848484848485,1
40,67.45,2731.0,Male,0,No,No,Yes,No,DSL,66.60975609756098,0
1,20.75,20.75,Male,0,No,No,Yes,No,No,10.375,0
1,89.1,89.1,Male,0,No,No,Yes,No,Fiber optic,44.55,1
7,69.9,497.3,Female,0,No,No,Yes,No,Fiber optic,62.1625,0
15,51.1,711.15,Female,0,Yes,No,Yes,Yes,DSL,44.446875,0
17,94.4,1607.2,Female,0,Yes,Yes,Yes,Yes,Fiber optic,89.28888888888889,1
19,78.25,1490.95,Male,0,No,No,Yes,No,Fiber optic,74.5475,1
71,25.55,1898.1,Male,0,No,No,Yes,Yes,No,26.362499999999997,0
54,60.0,3273.95,Female,0,Yes,Yes,Yes,Yes,DSL,59.526363636363634,0
31,90.55,2929.75,Male,0,Yes,No,Yes,Yes,Fiber optic,91.5546875,0
11,76.4,838.7,Female,0,No,No,Yes,No,Fiber optic,69.89166666666667,0
18,84.95,1443.65,Female,1,No,No,Yes,No,Fiber optic,75.98157894736842,0
72,110.1,7746.7,Female,1,No,No,Yes,Yes,Fiber optic,106.11917808219178,0
71,99.65,6951.15,Female,1,No,No,Yes,Yes,Fiber optic,96.54374999999999,0
5,45.4,214.75,Male,1,No,No,No,No phone service,DSL,35.791666666666664,0
38,69.0,2669.45,Male,0,Yes,No,Yes,Yes,DSL,68.4474358974359,0
5,48.65,235.2,Male,0,No,Yes,Yes,No,DSL,39.199999999999996,0
2,44.15,92.65,Male,1,No,No,Yes,No,DSL,30.883333333333336,1
52,59.85,3103.25,Female,1,No,No,Yes,Yes,DSL,58.551886792452834,0
8,75.75,606.25,Female,1,No,No,Yes,Yes,Fiber optic,67.36111111111111,1
68,80.65,5330.2,Female,0,No,No,Yes,Yes,DSL,77.24927536231884,0
69,20.55,1403.1,Male,0,Yes,Yes,Yes,No,No,20.044285714285714,0
42,66.4,2727.8,Female,0,Yes,No,Yes,Yes,DSL,63.437209302325584,0
50,100.2,5038.45,Female,0,No,No,Yes,No,Fiber optic,98.79313725490196,0
1,19.1,19.1,Female,0,No,No,Yes,No,No,9.55,1
1,80.3,80.3,Male,1,Yes,No,Yes,Yes,Fiber optic,40.15,1
33,44.55,1462.6,Male,0,Yes,No,Yes,No,DSL,43.01764705882353,0
7,20.35,150.6,Female,0,No,No,Yes,No,No,18.825,0
64,91.8,5960.5,Male,0,Yes,Yes,Yes,Yes,Fiber optic,91.7,0
1,74.9,74.9,Female,0,No,No,Yes,No,Fiber optic,37.45,1
59,20.2,1192.3,Male,0,No,No,Yes,No,No,19.871666666666666,0
6,50.35,314.55,Female,0,Yes,No,Yes,Yes,DSL,44.93571428571429,0
3,18.8,56.0,Female,0,No,No,Yes,No,No,14.0,0
15,20.45,330.8,Female,0,Yes,No,Yes,No,No,20.675,0
13,64.75,877.35,Male,0,Yes,Yes,Yes,No,DSL,62.667857142857144,0
23,98.7,2249.1,Female,0,No,No,Yes,Yes,Fiber optic,93.71249999999999,0
31,89.45,2807.65,Male,1,Yes,No,Yes,Yes,Fiber optic,87.7390625,0
29,58.75,1696.2,Male,0,No,No,Yes,No,DSL,56.54,0
49,20.7,1032.05,Female,0,Yes,No,Yes,No,No,20.641,0
56,85.6,4902.8,Female,0,Yes,No,Yes,Yes,Fiber optic,86.01403508771931,0
63,80.3,4995.35,Female,0,No,No,Yes,Yes,DSL,78.05234375,0
63,79.8,5034.05,Male,0,Yes,No,Yes,Yes,DSL,78.65703125,0
24,79.85,1857.75,Male,1,Yes,Yes,Yes,Yes,Fiber optic,74.31,0
36,54.1,1992.85,Male,1,Yes,No,Yes,No,DSL,53.86081081081081,0
9,80.85,751.65,Female,1,No,No,Yes,No,Fiber optic,75.16499999999999,1
3,24.75,66.95,Male,0,No,No,No,No phone service,DSL,16.7375,1
21,80.9,1714.95,Female,0,Yes,No,Yes,No,DSL,77.95227272727273,0
13,24.5,343.6,Male,0,Yes,Yes,Yes,Yes,No,24.542857142857144,0
1,20.15,20.15,Male,0,Yes,Yes,Yes,No,No,10.075,0
25,20.05,520.1,Female,0,Yes,Yes,Yes,No,No,20.003846153846155,0
71,19.6,1387.45,Male,0,Yes,Yes,Yes,No,No,19.27013888888889,0
66,114.3,7383.7,Male,0,No,No,Yes,Yes,Fiber optic,110.20447761194029,0
45,100.3,4483.95,Female,0,No,No,Yes,No,Fiber optic,97.47717391304347,0
22,80.0,1706.45,Female,0,Yes,No,Yes,No,Fiber optic,74.19347826086957,0
67,20.85,1327.4,Female,0,Yes,No,Yes,No,No,19.52058823529412,0
68,89.95,5974.3,Female,0,Yes,No,Yes,Yes,Fiber optic,86.5840579710145,0
0,20.0,2283.3004408418656,Female,0,Yes,Yes,Yes,No,No,2283.3004408418656,0
49,90.85,4515.85,Female,1,No,No,Yes,Yes,Fiber optic,90.31700000000001,1
4,48.75,179.85,Female,1,No,No,Yes,Yes,DSL,35.97,0
63,80.0,5040.2,Male,0,Yes,No,Yes,Yes,DSL,78.753125,0
2,79.7,165.0,Female,0,Yes,No,Yes,No,Fiber optic,55.0,1
21,20.35,422.7,Male,0,No,No,Yes,No,No,19.213636363636365,0
55,57.55,3046.4,Male,0,Yes,Yes,Yes,No,DSL,54.4,1
1,20.25,20.25,Male,0,No,Yes,Yes,No,No,10.125,0
17,19.4,358.05,Female,0,No,No,Yes,No,No,19.891666666666666,0
30,100.4,2936.25,Male,0,No,No,Yes,Yes,Fiber optic,94.71774193548387,0
22,57.95,1271.8,Male,0,Yes,Yes,Yes,No,DSL,55.29565217391304,0
9,59.5,530.05,Female,0,No,No,Yes,No,DSL,53.004999999999995,0
1,19.2,19.2,Male,0,Yes,Yes,Yes,No,No,9.6,0
21,86.5,1808.7,Female,0,Yes,No,Yes,Yes,Fiber optic,82.21363636363637,1
19,59.55,1144.6,Male,0,No,No,Yes,Yes,DSL,57.23,0
69,103.95,7446.9,Female,0,Yes,Yes,Yes,Yes,Fiber optic,106.38428571428571,1
1,25.1,25.1,Male,1,No,No,No,No phone service,DSL,12.55,1
72,103.95,7556.9,Female,0,Yes,No,Yes,Yes,Fiber optic,103.51917808219177,0
70,68.95,4858.7,Male,0,Yes,Yes,Yes,Yes,DSL,68.43239436619719,0
66,103.1,6595.0,Female,0,No,No,Yes,Yes,Fiber optic,98.43283582089552,0
7,24.7,149.05,Female,0,Yes,Yes,No,No phone service,DSL,18.63125,0
46,110.2,4972.1,Female,1,Yes,Yes,Yes,Yes,Fiber optic,105.78936170212766,0
39,48.95,1880.85,Male,0,No,No,No,No phone service,DSL,47.021249999999995,1
32,62.45,2045.55,Female,0,Yes,Yes,Yes,Yes,DSL,61.986363636363635,0
24,89.55,2187.15,Male,0,No,No,Yes,No,Fiber optic,87.486,0
6,83.55,477.55,Male,0,Yes,Yes,Yes,No,Fiber optic,68.22142857142858,1
37,78.9,2976.95,Female,0,No,No,Yes,Yes,DSL,78.34078947368421,0
8,20.35,178.7,Male,0,No,Yes,Yes,No,No,19.855555555555554,0
72,71.45,5025.85,Female,0,Yes,Yes,Yes,Yes,DSL,68.84726027397261,0
71,46.35,3353.4,Male,1,Yes,No,No,No phone service,DSL,46.575,0
16,94.65,1461.15,Female,0,Yes,No,Yes,No,Fiber optic,85.95,0
57,49.9,2782.4,Female,0,Yes,No,No,No phone service,DSL,47.97241379310345,0
66,25.45,1699.15,Male,0,No,No,Yes,Yes,No,25.36044776119403,0
17,89.15,1496.9,Female,1,No,No,Yes,No,Fiber optic,83.16111111111111,1
21,20.75,452.2,Female,0,No,Yes,Yes,No,No,20.554545454545455,0
66,66.1,4428.45,Male,0,Yes,No,Yes,Yes,DSL,66.09626865671642,0
17,75.4,1322.55,Female,0,Yes,No,Yes,Yes,DSL,73.475,0
1,70.45,70.45,Male,0,No,Yes,Yes,No,Fiber optic,35.225,1
58,60.3,3563.8,Male,0,Yes,No,Yes,No,DSL,60.40338983050848,1
8,21.05,139.75,Female,0,Yes,Yes,Yes,No,No,15.527777777777779,0
27,69.35,1927.3,Male,0,No,No,Yes,No,DSL,68.83214285714286,0
34,88.85,3000.25,Male,0,Yes,No,Yes,Yes,Fiber optic,85.72142857142858,0
30,97.0,3021.3,Male,0,No,No,Yes,No,Fiber optic,97.46129032258065,0
33,66.4,2245.4,Male,0,No,No,Yes,No,DSL,66.04117647058824,0
1,24.75,24.75,Male,0,No,Yes,No,No phone service,DSL,12.375,1
14,69.2,944.65,Male,0,Yes,Yes,Yes,Yes,DSL,62.97666666666667,0
16,79.5,1264.2,Female,0,No,Yes,Yes,Yes,Fiber optic,74.36470588235295,0
49,100.65,4917.75,Female,0,No,No,Yes,No,Fiber optic,98.355,0
19,103.3,2012.7,Male,0,Yes,Yes,Yes,Yes,Fiber optic,100.635,1
70,79.7,5743.3,Female,0,Yes,Yes,Yes,Yes,DSL,80.89154929577465,0
32,61.4,1864.65,Female,0,Yes,Yes,Yes,No,DSL,56.50454545454546,0
18,69.8,1221.65,Female,0,No,No,Yes,No,Fiber optic,64.29736842105264,0
37,40.55,1390.85,Male,0,No,No,No,No phone service,DSL,36.60131578947368,0
4,75.65,302.35,Female,0,No,No,Yes,Yes,Fiber optic,60.470000000000006,0
16,90.7,1374.9,Female,0,Yes,No,Yes,Yes,Fiber optic,80.87647058823529,0
17,80.5,1336.9,Male,0,Yes,No,Yes,Yes,Fiber optic,74.27222222222223,0
19,60.6,1297.8,Female,0,No,Yes,Yes,No,DSL,64.89,0
60,101.15,6067.4,Male,0,Yes,No,Yes,Yes,Fiber optic,99.4655737704918,0
51,24.95,1222.25,Male,0,Yes,Yes,Yes,Yes,No,23.504807692307693,0
28,20.3,487.95,Male,0,Yes,Yes,Yes,No,No,16.825862068965517,0
43,60.0,2548.55,Male,0,No,No,Yes,No,DSL,57.92159090909092,0
42,20.25,835.5,Male,0,Yes,No,Yes,No,No,19.430232558139537,0
3,78.5,242.05,Male,0,No,No,Yes,No,Fiber optic,60.5125,1
1,44.75,44.75,Female,0,No,No,Yes,No,DSL,22.375,0
3,19.85,63.75,Female,0,No,No,Yes,No,No,15.9375,1
63,98.0,6218.45,Female,0,No,No,Yes,Yes,Fiber optic,97.16328125,0
3,79.9,260.9,Male,1,No,No,Yes,No,Fiber optic,65.225,1
68,107.7,7320.9,Male,0,Yes,No,Yes,Yes,Fiber optic,106.1,0
30,99.7,2967.35,Female,1,No,No,Yes,Yes,Fiber optic,95.72096774193548,1
60,104.7,6333.8,Female,0,No,No,Yes,Yes,Fiber optic,103.83278688524591,0
15,58.6,939.7,Male,0,No,No,Yes,Yes,DSL,58.73125,1
45,93.9,4200.25,Male,1,No,No,Yes,Yes,Fiber optic,91.30978260869566,0
70,86.45,5950.2,Female,0,Yes,No,Yes,No,DSL,83.8056338028169,0
10,98.5,1037.75,Male,0,Yes,No,Yes,Yes,Fiber optic,94.3409090909091,1
4,19.4,93.4,Male,0,No,No,Yes,No,No,18.68,0
1,50.45,50.45,Female,0,No,No,Yes,No,DSL,25.225,1
68,24.95,1614.9,Female,0,Yes,No,Yes,Yes,No,23.40434782608696,0
22,75.0,1573.95,Male,0,Yes,Yes,Yes,No,Fiber optic,68.43260869565218,0
38,94.65,3624.3,Male,0,Yes,Yes,Yes,Yes,Fiber optic,92.93076923076923,1
1,100.25,100.25,Female,0,No,No,Yes,Yes,Fiber optic,50.125,1
18,78.2,1468.75,Male,0,Yes,No,Yes,No,Fiber optic,77.30263157894737,0
29,94.2,2607.6,Male,0,No,No,Yes,No,Fiber optic,86.92,0
16,88.45,1422.1,Female,0,No,No,Yes,Yes,Fiber optic,83.65294117647058,1
1,69.85,69.85,Male,0,No,No,Yes,No,Fiber optic,34.925,1
12,81.7,858.6,Male,0,No,No,Yes,No,Fiber optic,66.04615384615384,1
31,50.05,1523.4,Male,0,No,No,No,No phone service,DSL,47.60625,0
4,79.9,324.3,Male,0,No,No,Yes,No,Fiber optic,64.86,1
48,69.55,3435.6,Female,0,Yes,No,Yes,Yes,DSL,70.11428571428571,0
15,25.4,399.6,Female,0,No,No,Yes,Yes,No,24.975,1
50,90.1,4549.45,Male,0,No,No,Yes,No,Fiber optic,89.20490196078431,0
7,44.65,322.5,Male,0,No,No,Yes,No,DSL,40.3125,0
41,83.75,3273.55,Male,1,Yes,No,Yes,Yes,Fiber optic,77.94166666666668,1
68,80.35,5375.15,Male,0,Yes,Yes,Yes,No,Fiber optic,77.90072463768115,0
26,98.1,2510.7,Female,1,Yes,No,Yes,Yes,Fiber optic,92.98888888888888,0
57,53.35,3090.05,Male,0,No,No,No,No phone service,DSL,53.27672413793104,0
3,19.55,61.05,Female,0,No,No,Yes,No,No,15.2625,0
1,20.9,20.9,Female,0,No,No,Yes,No,No,10.45,1
19,48.95,955.6,Male,0,Yes,Yes,Yes,No,DSL,47.78,0
3,54.2,140.4,Female,0,No,No,Yes,No,DSL,35.1,0
59,24.45,1493.1,Female,0,No,No,Yes,Yes,No,24.884999999999998,0
1,69.4,69.4,Female,0,Yes,No,Yes,No,Fiber optic,34.7,1
42,40.15,1626.05,Male,0,Yes,No,No,No phone service,DSL,37.81511627906977,0
7,74.9,541.15,Female,0,No,No,Yes,Yes,Fiber optic,67.64375,1
67,25.6,1784.9,Male,0,Yes,No,Yes,Yes,No,26.248529411764707,0
1,70.35,70.35,Male,0,No,No,Yes,No,Fiber optic,35.175,0
66,91.7,6075.9,Male,0,Yes,No,Yes,Yes,DSL,90.68507462686567,0
61,89.2,5500.6,Female,0,No,No,Yes,Yes,Fiber optic,88.71935483870968,0
4,24.1,73.1,Male,0,Yes,Yes,Yes,Yes,No,14.62,0
42,74.15,3229.4,Female,1,Yes,No,Yes,No,Fiber optic,75.10232558139535,1
64,53.85,3399.85,Female,0,Yes,Yes,Yes,Yes,DSL,52.30538461538461,0
54,115.6,6431.05,Female,1,Yes,No,Yes,Yes,Fiber optic,116.92818181818183,0
1,19.75,19.75,Male,0,No,No,Yes,No,No,9.875,0
54,24.05,1230.9,Male,0,Yes,Yes,Yes,Yes,No,22.380000000000003,0
18,25.3,454.65,Female,0,No,Yes,Yes,Yes,No,23.928947368421053,0
3,84.3,235.05,Male,0,No,No,Yes,No,Fiber optic,58.7625,0
1,70.1,70.1,Female,0,No,No,Yes,No,Fiber optic,35.05,1
72,89.75,6595.9,Female,0,Yes,Yes,Yes,Yes,DSL,90.35479452054794,0
60,97.95,5867.0,Male,1,Yes,No,Yes,No,Fiber optic,96.18032786885246,0
11,20.0,196.35,Female,0,Yes,Yes,Yes,No,No,16.3625,0
12,78.3,909.25,Female,0,No,Yes,Yes,Yes,Fiber optic,69.9423076923077,1
61,103.9,6449.15,Male,0,Yes,Yes,Yes,No,Fiber optic,104.01854838709677,0
39,20.7,762.45,Female,0,No,No,Yes,No,No,19.06125,0
55,96.8,5283.95,Male,0,No,No,Yes,Yes,Fiber optic,94.35625,1
17,94.4,1617.5,Female,0,No,No,Yes,Yes,Fiber optic,89.86111111111111,1
37,20.15,785.75,Male,0,No,No,Yes,No,No,20.67763157894737,0
72,26.0,1776.0,Female,0,Yes,No,Yes,Yes,No,24.328767123287673,0
72,77.35,5396.25,Male,1,Yes,No,Yes,Yes,DSL,73.92123287671232,0
8,66.05,574.5,Female,0,No,No,Yes,No,DSL,63.833333333333336,0
22,19.9,400.3,Female,0,Yes,Yes,Yes,No,No,17.40434782608696,0
1,84.3,84.3,Female,0,No,No,Yes,No,Fiber optic,42.15,1
38,68.15,2656.3,Female,0,No,No,Yes,Yes,DSL,68.11025641025641,0
17,80.85,1445.95,Male,0,No,Yes,Yes,No,DSL,80.33055555555556,0
70,75.5,5212.65,Female,1,No,No,Yes,Yes,DSL,73.41760563380281,0
72,92.45,6440.25,Female,1,Yes,Yes,Yes,Yes,DSL,88.22260273972603,1
28,80.6,2244.95,Female,0,No,No,Yes,No,Fiber optic,77.41206896551724,0
15,83.2,1130.0,Female,0,No,No,Yes,No,Fiber optic,70.625,0
72,87.55,6463.15,Male,0,Yes,Yes,Yes,Yes,DSL,88.53630136986301,0
11,99.55,1131.2,Female,1,Yes,No,Yes,Yes,Fiber optic,94.26666666666667,1
8,81.25,585.95,Male,1,No,No,Yes,Yes,Fiber optic,65.10555555555555,1
57,109.4,6252.7,Female,0,Yes,No,Yes,Yes,Fiber optic,107.8051724137931,0
1,19.95,19.95,Male,0,Yes,Yes,Yes,No,No,9.975,1
46,45.55,2062.15,Female,0,Yes,No,No,No phone service,DSL,43.87553191489362,0
30,20.7,587.1,Male,0,Yes,No,Yes,No,No,18.938709677419357,0
10,75.3,720.45,Male,1,Yes,No,Yes,No,Fiber optic,65.49545454545455,0
23,99.25,2186.4,Male,0,Yes,No,Yes,Yes,Fiber optic,91.10000000000001,1
32,93.4,2979.3,Male,0,No,No,Yes,No,Fiber optic,90.28181818181818,0
13,73.75,956.65,Male,0,No,No,Yes,No,Fiber optic,68.33214285714286,0
39,80.45,3201.55,Female,0,No,No,Yes,No,Fiber optic,80.03875000000001,1
44,88.15,3973.2,Female,0,No,No,Yes,No,Fiber optic,88.29333333333332,0
9,49.2,447.9,Male,1,No,No,Yes,No,DSL,44.79,0
67,19.65,1335.2,Female,0,Yes,No,Yes,No,No,19.63529411764706,0
9,79.35,661.25,Male,0,Yes,Yes,Yes,Yes,Fiber optic,66.125,1
15,79.75,1111.85,Female,0,No,No,Yes,Yes,Fiber optic,69.490625,1
71,105.15,7555.0,Female,0,Yes,No,Yes,Yes,Fiber optic,104.93055555555556,0
1,49.0,49.0,Male,0,No,No,Yes,No,DSL,24.5,0
30,100.05,3046.15,Female,0,Yes,Yes,Yes,Yes,Fiber optic,98.26290322580645,1
1,69.35,69.35,Male,0,No,No,Yes,No,Fiber optic,34.675,1
17,49.8,836.35,Male,0,Yes,No,No,No phone service,DSL,46.46388888888889,0
3,85.8,272.2,Female,0,No,No,Yes,No,Fiber optic,68.05,1
67,79.7,5293.4,Male,0,Yes,Yes,Yes,Yes,DSL,77.84411764705882,1
1,20.95,20.95,Male,0,No,No,Yes,No,No,10.475,0
1,50.55,50.55,Female,1,No,No,Yes,Yes,DSL,25.275,1
32,79.3,2570.0,Female,1,Yes,No,Yes,Yes,Fiber optic,77.87878787878788,0
41,19.5,798.2,Male,0,Yes,Yes,Yes,No,No,19.004761904761907,0
1,80.55,80.55,Male,0,Yes,No,Yes,No,Fiber optic,40.275,1
1,44.15,44.15,Female,0,No,No,Yes,No,DSL,22.075,0
12,84.5,916.9,Female,0,Yes,Yes,Yes,Yes,Fiber optic,70.53076923076922,1
62,105.5,6487.2,Male,0,Yes,Yes,Yes,Yes,Fiber optic,102.97142857142858,0
22,84.3,1855.65,Female,0,No,No,Yes,No,Fiber optic,80.6804347826087,1
17,92.7,1556.85,Female,0,No,Yes,Yes,Yes,Fiber optic,86.49166666666666,0
72,26.25,1988.05,Female,0,Yes,Yes,Yes,Yes,No,27.233561643835614,0
56,96.95,5432.2,Male,0,Yes,Yes,Yes,Yes,Fiber optic,95.30175438596491,0
9,20.45,147.55,Female,0,No,No,Yes,No,No,14.755,0
72,115.8,8424.9,Male,0,Yes,No,Yes,Yes,Fiber optic,115.40958904109588,0
20,108.2,2203.7,Male,0,No,No,Yes,No,Fiber optic,104.93809523809523,0
19,20.2,387.4,Male,0,Yes,Yes,Yes,No,No,19.369999999999997,0
2,67.75,116.65,Male,0,No,No,Yes,No,Fiber optic,38.88333333333333,1
53,54.9,3045.75,Male,0,No,No,No,No phone service,DSL,56.40277777777778,0
27,85.25,2287.25,Female,1,No,No,Yes,Yes,Fiber optic,81.6875,1
6,20.15,130.5,Male,0,No,No,Yes,No,No,18.642857142857142,0
9,90.35,767.9,Male,0,Yes,Yes,Yes,Yes,Fiber optic,76.78999999999999,0
8,55.75,446.8,Female,0,Yes,Yes,Yes,Yes,DSL,49.644444444444446,0
71,114.6,8100.25,Female,0,Yes,Yes,Yes,Yes,Fiber optic,112.50347222222223,0
10,80.05,830.7,Female,0,No,No,Yes,Yes,Fiber optic,75.51818181818182,1
1,20.0,20.0,Male,0,No,No,Yes,No,No,10.0,1
71,66.8,4689.15,Female,0,Yes,No,No,No phone service,DSL,65.12708333333333,0
68,100.3,6754.35,Male,0,Yes,No,Yes,No,Fiber optic,97.88913043478261,0
34,105.35,3540.65,Male,0,No,No,Yes,Yes,Fiber optic,101.16142857142857,0
26,85.2,2184.6,Male,0,No,No,Yes,No,Fiber optic,80.91111111111111,0
22,48.8,1054.6,Female,0,No,No,Yes,No,DSL,45.85217391304347,1
7,18.95,130.55,Male,0,No,No,Yes,No,No,16.31875,0
20,69.8,1540.35,Female,0,Yes,No,Yes,No,Fiber optic,73.35,0
60,106.15,6411.25,Female,0,Yes,No,Yes,Yes,Fiber optic,105.10245901639344,0
72,20.55,1432.55,Male,0,Yes,Yes,Yes,No,No,19.623972602739727,0
72,105.75,7629.85,Female,1,Yes,No,Yes,Yes,Fiber optic,104.51849315068493,0
4,25.25,101.9,Male,0,No,No,Yes,Yes,No,20.380000000000003,0
16,19.75,313.4,Male,0,Yes,Yes,Yes,No,No,18.435294117647057,0
62,104.85,6312.9,Female,1,Yes,No,Yes,Yes,Fiber optic,100.2047619047619,0
10,60.95,629.55,Female,0,No,No,Yes,No,DSL,57.23181818181818,0
31,81.15,2640.55,Male,0,No,No,Yes,Yes,Fiber optic,82.5171875,0
71,19.1,1372.45,Female,0,Yes,No,Yes,No,No,19.061805555555555,0
58,20.8,1212.25,Male,0,No,No,Yes,No,No,20.546610169491526,0
70,90.15,6237.05,Male,0,Yes,Yes,Yes,Yes,DSL,87.84577464788732,0
71,90.1,6310.9,Female,0,Yes,No,Yes,Yes,DSL,87.65138888888889,0
69,74.1,5031.0,Male,1,No,No,Yes,Yes,DSL,71.87142857142857,0
1,85.05,85.05,Female,1,No,No,Yes,Yes,Fiber optic,42.525,1
72,118.75,8672.45,Female,0,Yes,Yes,Yes,Yes,Fiber optic,118.80068493150686,0
26,85.9,2196.45,Female,0,Yes,No,Yes,No,Fiber optic,81.35,0
33,95.0,3008.15,Female,0,Yes,No,Yes,Yes,Fiber optic,88.47500000000001,0
10,20.15,220.8,Female,0,Yes,Yes,Yes,No,No,20.072727272727274,0
57,101.3,5779.6,Female,1,No,No,Yes,Yes,Fiber optic,99.64827586206897,0
10,21.2,222.65,Female,0,No,No,Yes,No,No,20.240909090909092,0
39,24.2,914.6,Female,0,Yes,Yes,Yes,Yes,No,22.865000000000002,0
11,20.3,246.3,Female,0,No,No,Yes,No,No,20.525000000000002,0
21,102.8,2110.15,Female,0,Yes,Yes,Yes,No,Fiber optic,95.9159090909091,1
68,85.3,5560.0,Female,0,Yes,Yes,Yes,Yes,DSL,80.57971014492753,0
18,89.6,1633.0,Male,0,No,No,Yes,Yes,Fiber optic,85.94736842105263,0
6,99.95,547.65,Female,0,No,No,Yes,No,Fiber optic,78.23571428571428,1
18,56.25,969.85,Male,0,No,No,Yes,Yes,DSL,51.044736842105266,0
52,50.95,2610.65,Female,0,Yes,Yes,Yes,No,DSL,49.257547169811325,0
56,115.85,6567.9,Male,0,Yes,Yes,Yes,Yes,Fiber optic,115.22631578947367,0
45,103.65,4747.85,Male,0,No,No,Yes,Yes,Fiber optic,103.21413043478262,0
67,26.1,1759.55,Female,0,No,No,Yes,Yes,No,25.875735294117646,0
3,35.1,101.1,Male,0,Yes,No,No,No phone service,DSL,25.275,0
65,99.1,6496.15,Male,1,No,No,Yes,No,Fiber optic,98.42651515151515,0
63,67.25,4234.15,Male,0,Yes,No,Yes,Yes,DSL,66.15859375,0
11,25.0,300.7,Female,0,Yes,Yes,Yes,Yes,No,25.058333333333334,0
1,59.55,59.55,Male,0,No,Yes,Yes,No,DSL,29.775,0
55,77.8,4323.35,Male,0,No,No,Yes,Yes,DSL,77.20267857142858,0
25,55.1,1466.1,Male,0,Yes,Yes,Yes,Yes,DSL,56.388461538461534,0
72,117.8,8684.8,Male,0,Yes,No,Yes,Yes,Fiber optic,118.96986301369861,1
72,24.15,1776.45,Female,0,Yes,No,Yes,Yes,No,24.334931506849315,0
65,45.25,2933.95,Female,0,No,Yes,No,No phone service,DSL,44.45378787878788,0
54,79.5,4370.25,Female,1,No,No,Yes,Yes,Fiber optic,79.4590909090909,1
7,20.25,144.35,Male,0,Yes,Yes,Yes,No,No,18.04375,0
72,64.75,4804.75,Female,0,Yes,No,Yes,Yes,DSL,65.81849315068493,0
21,54.6,1125.2,Male,0,Yes,No,Yes,No,DSL,51.14545454545455,0
2,20.7,39.85,Female,0,No,No,Yes,No,No,13.283333333333333,0
4,94.75,422.4,Male,1,No,No,Yes,No,Fiber optic,84.47999999999999,0
3,79.65,251.75,Male,0,Yes,No,Yes,Yes,Fiber optic,62.9375,1
72,115.8,8332.15,Male,0,Yes,No,Yes,Yes,Fiber optic,114.1390410958904,0
6,49.45,314.6,Female,0,No,No,Yes,No,DSL,44.94285714285714,0
52,83.8,4331.4,Male,0,No,No,Yes,No,Fiber optic,81.72452830188679,0
69,95.35,6382.0,Male,1,Yes,No,Yes,Yes,Fiber optic,91.17142857142858,0
8,94.7,740.3,Male,0,No,No,Yes,No,Fiber optic,82.25555555555555,1
8,74.05,600.15,Female,1,No,No,Yes,No,Fiber optic,66.68333333333334,0
63,89.6,5538.8,Female,1,No,No,Yes,Yes,Fiber optic,86.54375,0
60,116.6,7049.5,Male,0,No,No,Yes,Yes,Fiber optic,115.56557377049181,0
12,54.2,690.5,Female,0,Yes,No,Yes,No,DSL,53.11538461538461,0
13,19.3,279.3,Female,0,No,No,Yes,No,No,19.95,0
22,65.05,1427.55,Male,0,No,No,Yes,Yes,DSL,62.06739130434782,0
5,92.5,452.7,Male,0,No,No,Yes,Yes,Fiber optic,75.45,1
1,19.45,19.45,Female,0,Yes,Yes,Yes,No,No,9.725,1
72,24.05,1709.15,Female,0,Yes,Yes,Yes,Yes,No,23.413013698630138,0
2,18.75,53.15,Female,0,No,No,Yes,No,No,17.716666666666665,0
40,20.15,777.35,Female,0,Yes,Yes,Yes,No,No,18.959756097560977,0
44,20.0,860.85,Male,0,Yes,Yes,Yes,No,No,19.13,0
71,71.0,5012.1,Male,1,Yes,No,Yes,No,DSL,69.61250000000001,0
2,75.55,166.3,Female,0,No,No,Yes,Yes,Fiber optic,55.43333333333334,1
26,93.6,2404.1,Male,1,No,No,Yes,Yes,Fiber optic,89.04074074074073,0
1,70.0,70.0,Male,0,Yes,Yes,Yes,No,Fiber optic,35.0,1
1,24.4,24.4,Female,0,No,No,No,No phone service,DSL,12.2,0
65,74.8,4820.15,Male,0,Yes,Yes,Yes,No,DSL,73.03257575757576,1
3,65.25,209.9,Male,0,No,No,Yes,Yes,DSL,52.475,0
13,50.55,610.75,Male,0,No,No,Yes,No,DSL,43.625,0
33,104.4,3409.6,Female,0,Yes,No,Yes,Yes,Fiber optic,100.28235294117647,1
1,70.7,70.7,Female,0,No,No,Yes,No,Fiber optic,35.35,0
4,45.25,155.35,Male,0,Yes,Yes,Yes,No,DSL,31.07,0
2,70.3,144.0,Male,0,No,No,Yes,No,Fiber optic,48.0,0
72,108.95,7875.0,Male,0,Yes,No,Yes,Yes,Fiber optic,107.87671232876713,0
37,26.45,911.6,Female,0,Yes,Yes,Yes,Yes,No,23.989473684210527,0
15,86.2,1270.2,Female,0,No,No,Yes,No,Fiber optic,79.3875,1
23,19.65,478.1,Female,0,No,No,Yes,No,No,19.920833333333334,0
30,51.2,1561.5,Female,0,Yes,Yes,No,No phone service,DSL,50.37096774193548,1
42,19.05,761.85,Female,0,Yes,Yes,Yes,No,No,17.717441860465115,0
32,74.75,2282.95,Female,0,No,No,Yes,Yes,DSL,69.18030303030302,0
22,75.8,1615.1,Female,0,Yes,Yes,Yes,Yes,Fiber optic,70.22173913043478,0
42,25.1,1097.15,Male,0,Yes,No,No,No phone service,DSL,25.51511627906977,0
8,44.45,369.3,Female,0,No,No,Yes,No,DSL,41.03333333333333,0
65,104.3,6725.3,Female,0,Yes,Yes,Yes,Yes,Fiber optic,101.89848484848486,0
2,19.5,31.55,Female,0,No,No,Yes,No,No,10.516666666666667,1
70,89.0,6293.2,Female,0,Yes,Yes,Yes,Yes,DSL,88.63661971830986,0
22,20.15,432.5,Male,0,No,Yes,Yes,No,No,18.804347826086957,0
4,74.9,321.75,Female,1,No,No,Yes,Yes,Fiber optic,64.35,1
2,74.9,147.15,Female,0,No,No,Yes,Yes,Fiber optic,49.050000000000004,1
67,36.15,2434.45,Female,0,Yes,Yes,No,No phone service,DSL,35.80073529411764,0
25,19.2,532.1,Female,0,No,No,Yes,No,No,20.465384615384615,0
20,19.25,375.25,Female,0,Yes,No,Yes,No,No,17.86904761904762,0
2,61.2,125.95,Female,0,No,Yes,Yes,No,DSL,41.983333333333334,0
51,20.45,1042.65,Male,0,No,No,Yes,No,No,20.05096153846154,0
46,35.05,1620.25,Female,0,Yes,Yes,No,No phone service,DSL,34.473404255319146,0
25,100.25,2387.75,Female,0,No,No,Yes,Yes,Fiber optic,91.83653846153847,1
13,44.0,659.35,Male,0,No,Yes,Yes,No,DSL,47.096428571428575,0
25,102.8,2660.2,Female,1,No,No,Yes,Yes,Fiber optic,102.3153846153846,1
26,50.35,1285.8,Male,0,Yes,Yes,Yes,No,DSL,47.62222222222222,0
43,100.0,4211.55,Male,0,No,No,Yes,Yes,Fiber optic,95.71704545454546,1
19,20.0,377.55,Male,0,No,Yes,Yes,No,No,18.8775,0
10,99.85,990.9,Male,0,Yes,No,Yes,No,Fiber optic,90.08181818181818,1
2,94.2,193.8,Female,0,No,Yes,Yes,Yes,Fiber optic,64.60000000000001,1
72,86.4,6058.95,Female,0,Yes,No,Yes,Yes,DSL,82.99931506849315,0
18,58.4,964.9,Male,1,No,No,Yes,Yes,DSL,50.78421052631579,0
9,83.85,790.15,Male,1,No,No,Yes,Yes,Fiber optic,79.015,1
27,88.3,2467.75,Female,1,No,No,Yes,Yes,Fiber optic,88.13392857142857,1
24,94.1,2322.85,Male,0,No,No,Yes,Yes,Fiber optic,92.914,0
69,104.05,7262.0,Male,0,No,No,Yes,No,Fiber optic,103.74285714285715,1
46,108.9,4854.3,Female,0,Yes,No,Yes,Yes,Fiber optic,103.28297872340426,0
72,107.4,7748.75,Female,1,No,No,Yes,Yes,Fiber optic,106.1472602739726,0
22,94.7,1914.9,Male,0,Yes,No,Yes,No,Fiber optic,83.25652173913043,1
70,90.85,6470.1,Female,1,Yes,No,Yes,Yes,Fiber optic,91.1281690140845,0
2,19.9,57.4,Female,0,No,No,Yes,No,No,19.133333333333333,0
31,66.4,2019.8,Male,0,Yes,No,Yes,No,DSL,63.11875,0
56,100.65,5688.05,Female,1,Yes,No,Yes,Yes,Fiber optic,99.79035087719299,1
16,100.7,1522.7,Female,0,Yes,Yes,Yes,No,Fiber optic,89.57058823529412,0
52,25.6,1334.5,Male,0,No,Yes,Yes,Yes,No,25.17924528301887,0
13,19.85,252.0,Male,0,Yes,Yes,Yes,No,No,18.0,0
35,20.75,700.45,Female,0,No,No,Yes,No,No,19.456944444444446,0
59,95.8,5655.45,Female,0,No,No,Yes,No,Fiber optic,94.2575,0
72,94.65,6747.35,Male,0,Yes,No,Yes,No,Fiber optic,92.42945205479452,0
66,80.55,5265.1,Female,1,Yes,No,Yes,Yes,DSL,78.58358208955224,1
49,106.65,5174.35,Female,0,Yes,No,Yes,Yes,Fiber optic,103.48700000000001,0
2,45.85,105.6,Female,0,No,No,Yes,No,DSL,35.199999999999996,0
21,104.35,2271.85,Male,1,No,No,Yes,Yes,Fiber optic,103.26590909090909,0
54,55.45,2966.95,Male,1,No,No,No,No phone service,DSL,53.94454545454545,0
24,78.85,1772.25,Male,1,Yes,No,Yes,Yes,Fiber optic,70.89,1
1,61.15,61.15,Male,0,No,No,Yes,Yes,DSL,30.575,0
6,78.95,494.95,Male,0,No,No,Yes,No,Fiber optic,70.70714285714286,0
1,44.45,44.45,Female,0,No,No,Yes,No,DSL,22.225,1
49,109.2,5290.45,Male,0,No,Yes,Yes,Yes,Fiber optic,105.809,0
56,61.3,3346.8,Female,0,Yes,Yes,Yes,No,DSL,58.71578947368421,0
56,96.85,5219.65,Female,1,No,No,Yes,Yes,Fiber optic,91.57280701754385,0
6,40.55,217.5,Female,0,Yes,Yes,No,No phone service,DSL,31.071428571428573,0
32,19.8,607.7,Male,0,No,No,Yes,No,No,18.415151515151518,0
50,108.25,5431.4,Male,0,Yes,Yes,Yes,Yes,Fiber optic,106.49803921568626,0
58,105.05,6004.85,Male,0,Yes,Yes,Yes,Yes,Fiber optic,101.7771186440678,0
65,90.45,5957.9,Female,0,Yes,Yes,Yes,Yes,DSL,90.27121212121212,0
64,86.4,5442.05,Female,0,No,No,Yes,Yes,DSL,83.72384615384615,0
66,66.9,4370.25,Female,0,Yes,No,Yes,Yes,DSL,65.2276119402985,0
38,110.7,4428.6,Male,0,Yes,No,Yes,Yes,Fiber optic,113.55384615384617,0
20,20.0,416.45,Female,0,Yes,No,Yes,No,No,19.83095238095238,0
36,84.9,3067.2,Male,0,No,No,Yes,Yes,Fiber optic,82.89729729729729,1
64,102.1,6688.1,Male,1,No,No,Yes,Yes,Fiber optic,102.89384615384616,0
1,20.25,20.25,Male,0,No,No,Yes,No,No,10.125,1
60,70.15,4224.7,Female,0,No,No,Yes,No,DSL,69.25737704918032,0
1,74.35,74.35,Male,0,No,No,Yes,No,Fiber optic,37.175,1
50,80.05,4042.2,Female,0,Yes,Yes,Yes,Yes,DSL,79.25882352941176,0
1,62.05,62.05,Male,0,No,No,Yes,Yes,DSL,31.025,1
72,49.2,3580.95,Female,0,Yes,No,No,No phone service,DSL,49.05410958904109,0
60,20.5,1198.8,Male,0,Yes,No,Yes,No,No,19.652459016393443,0
46,38.25,1755.35,Male,0,No,No,No,No phone service,DSL,37.34787234042553,0
69,54.95,3772.5,Female,0,Yes,Yes,No,No phone service,DSL,53.892857142857146,0
31,96.6,2877.95,Male,1,No,No,Yes,Yes,Fiber optic,89.9359375,0
19,19.9,357.7,Male,0,Yes,Yes,Yes,No,No,17.884999999999998,0
71,19.9,1397.3,Female,0,Yes,Yes,Yes,No,No,19.406944444444445,0
12,84.6,959.9,Male,0,Yes,No,Yes,No,Fiber optic,73.83846153846153,0
39,80.0,3182.95,Male,0,Yes,Yes,Yes,No,DSL,79.57374999999999,1
44,85.25,3704.15,Male,0,No,No,Yes,Yes,DSL,82.31444444444445,0
56,81.25,4620.4,Female,0,Yes,Yes,Yes,Yes,DSL,81.05964912280702,0
72,115.5,8312.75,Female,0,Yes,No,Yes,Yes,Fiber optic,113.87328767123287,0
5,104.1,541.9,Male,0,No,No,Yes,Yes,Fiber optic,90.31666666666666,1
11,79.0,929.3,Female,0,No,No,Yes,Yes,Fiber optic,77.44166666666666,0
24,39.1,971.3,Male,1,Yes,No,No,No phone service,DSL,38.852,1
15,94.65,1285.05,Female,1,Yes,No,Yes,No,Fiber optic,80.315625,0
72,20.8,1521.2,Male,0,No,No,Yes,No,No,20.838356164383562,0
56,59.5,3389.25,Male,0,Yes,No,Yes,Yes,DSL,59.46052631578947,0
64,20.05,1198.05,Male,1,No,No,Yes,No,No,18.431538461538462,0
34,100.45,3414.65,Female,0,Yes,No,Yes,Yes,Fiber optic,97.56142857142858,0
2,76.5,162.45,Male,0,No,No,Yes,Yes,Fiber optic,54.15,1
35,20.6,754.0,Male,0,No,No,Yes,No,No,20.944444444444443,0
22,20.3,467.15,Male,0,No,No,Yes,No,No,20.31086956521739,0
5,49.2,216.9,Male,0,No,No,Yes,No,DSL,36.15,1
9,39.55,373.0,Male,0,No,No,No,No phone service,DSL,37.3,0
11,23.15,245.2,Male,0,No,No,Yes,Yes,No,20.433333333333334,1
23,20.45,481.1,Male,0,No,No,Yes,No,No,20.045833333333334,0
4,80.85,302.75,Female,0,Yes,Yes,Yes,No,Fiber optic,60.55,1
68,25.25,1728.2,Male,0,Yes,No,Yes,Yes,No,25.046376811594204,0
33,91.25,2964.05,Male,0,Yes,No,Yes,No,Fiber optic,87.1779411764706,0
31,72.45,2156.25,Male,0,No,No,Yes,No,DSL,67.3828125,0
1,60.1,60.1,Male,0,No,No,Yes,Yes,DSL,30.05,1
56,19.7,1051.9,Female,0,No,No,Yes,No,No,18.454385964912284,0
1,78.95,78.95,Male,0,No,No,Yes,No,Fiber optic,39.475,1
66,75.1,5013.0,Male,0,Yes,Yes,Yes,No,DSL,74.82089552238806,0
72,25.0,1738.9,Male,0,Yes,Yes,Yes,Yes,No,23.82054794520548,0
34,69.15,2275.1,Male,1,No,No,Yes,No,Fiber optic,65.00285714285714,0
58,91.55,5511.65,Female,0,Yes,Yes,Yes,No,Fiber optic,93.41779661016949,0
2,45.15,98.5,Male,0,No,No,Yes,No,DSL,32.833333333333336,1
37,35.8,1316.9,Male,0,No,No,No,No phone service,DSL,34.65526315789474,0
71,113.15,7993.3,Female,0,No,No,Yes,Yes,Fiber optic,111.01805555555556,0
1,19.85,19.85,Male,0,Yes,Yes,Yes,No,No,9.925,0
71,19.8,1388.45,Male,1,Yes,Yes,Yes,No,No,19.28402777777778,0
35,19.9,666.0,Male,0,Yes,Yes,Yes,No,No,18.5,0
6,19.7,94.45,Female,0,Yes,Yes,Yes,No,No,13.492857142857144,0
3,79.4,244.65,Female,0,No,No,Yes,No,Fiber optic,61.1625,1
69,59.1,4134.7,Female,0,Yes,Yes,Yes,No,DSL,59.067142857142855,0
44,53.95,2375.4,Male,0,No,No,No,No phone service,DSL,52.78666666666667,1
53,91.15,4862.5,Female,0,Yes,No,Yes,Yes,Fiber optic,90.04629629629629,0
24,99.3,2431.35,Female,0,Yes,No,Yes,No,Fiber optic,97.25399999999999,1
5,68.95,351.5,Female,0,Yes,No,Yes,No,Fiber optic,58.583333333333336,0
2,51.55,106.2,Female,0,No,Yes,Yes,No,DSL,35.4,0
62,24.4,1413.0,Male,0,No,Yes,Yes,Yes,No,22.428571428571427,0
19,96.8,1743.05,Female,0,Yes,No,Yes,No,Fiber optic,87.1525,0
9,70.05,657.5,Male,0,No,No,Yes,No,Fiber optic,65.75,0
53,19.5,1050.5,Male,0,No,No,Yes,No,No,19.453703703703702,0
5,78.75,426.35,Male,0,No,No,Yes,No,Fiber optic,71.05833333333334,0
71,69.2,4982.5,Female,1,Yes,Yes,Yes,Yes,DSL,69.20138888888889,0
1,19.55,19.55,Female,0,No,No,Yes,No,No,9.775,0
18,80.65,1451.9,Male,0,No,No,Yes,Yes,Fiber optic,76.41578947368421,1
72,103.65,7634.8,Male,0,No,No,Yes,Yes,Fiber optic,104.58630136986302,0
4,54.7,235.05,Female,0,Yes,No,Yes,No,DSL,47.010000000000005,0
59,54.15,3116.15,Male,0,No,No,Yes,Yes,DSL,51.935833333333335,0
1,71.1,71.1,Female,0,No,No,Yes,No,Fiber optic,35.55,1
31,84.85,2633.4,Female,1,Yes,No,Yes,Yes,Fiber optic,82.29375,0
3,20.0,49.65,Male,0,Yes,No,Yes,No,No,12.4125,0
65,106.25,6979.8,Female,1,Yes,No,Yes,Yes,Fiber optic,105.75454545454545,1
49,99.25,4920.8,Male,0,Yes,No,Yes,No,Fiber optic,98.416,0
2,19.35,46.35,Male,0,No,No,Yes,No,No,15.450000000000001,0
53,20.8,1021.8,Female,0,Yes,No,Yes,No,No,18.92222222222222,1
55,94.75,5276.1,Female,0,Yes,No,Yes,No,Fiber optic,94.21607142857144,0
72,114.05,8289.2,Male,0,Yes,Yes,Yes,Yes,Fiber optic,113.55068493150686,0
36,74.9,2659.45,Female,1,No,No,Yes,Yes,Fiber optic,71.87702702702703,0
10,19.8,196.75,Female,0,Yes,Yes,Yes,No,No,17.886363636363637,0
1,94.0,94.0,Male,1,No,No,Yes,Yes,Fiber optic,47.0,1
72,80.85,5824.75,Female,0,Yes,Yes,Yes,Yes,DSL,79.79109589041096,0
28,54.65,1517.5,Female,0,No,No,Yes,No,DSL,52.327586206896555,0
38,91.7,3479.05,Male,0,Yes,No,Yes,Yes,Fiber optic,89.20641025641027,0
61,118.6,7365.7,Female,0,No,No,Yes,Yes,Fiber optic,118.8016129032258,0
52,24.55,1331.05,Male,0,Yes,Yes,Yes,Yes,No,25.114150943396226,0
67,19.45,1195.95,Male,0,No,No,Yes,No,No,17.587500000000002,0
34,116.15,3946.9,Female,0,No,Yes,Yes,Yes,Fiber optic,112.76857142857143,0
54,80.6,4299.95,Female,0,No,No,Yes,No,DSL,78.18090909090908,0
1,20.3,20.3,Female,0,Yes,No,Yes,No,No,10.15,0
15,89.85,1424.95,Female,1,No,No,Yes,Yes,Fiber optic,89.059375,1
4,46.0,193.6,Female,0,No,No,Yes,No,DSL,38.72,1
9,66.25,620.55,Female,0,No,No,Yes,No,DSL,62.05499999999999,1
46,99.8,4391.25,Female,0,No,Yes,Yes,No,Fiber optic,93.43085106382979,0
22,90.0,1993.8,Female,0,No,No,Yes,Yes,Fiber optic,86.68695652173913,1
38,70.45,2597.6,Male,0,No,No,Yes,No,Fiber optic,66.6051282051282,1
55,75.0,4213.9,Female,0,Yes,Yes,Yes,Yes,DSL,75.24821428571428,0
1,19.9,19.9,Female,0,No,No,Yes,No,No,9.95,0
64,80.3,5017.7,Male,1,Yes,No,Yes,No,Fiber optic,77.19538461538461,0
53,19.75,1052.35,Male,0,No,Yes,Yes,No,No,19.48796296296296,1
58,84.3,4916.4,Female,0,Yes,No,Yes,Yes,DSL,83.32881355932203,0
56,54.05,2959.8,Male,0,Yes,No,No,No phone service,DSL,51.92631578947369,0
72,104.9,7559.55,Male,0,Yes,Yes,Yes,No,Fiber optic,103.5554794520548,0
1,53.95,53.95,Male,0,No,No,Yes,No,DSL,26.975,1
72,97.25,7133.1,Male,1,Yes,No,Yes,Yes,Fiber optic,97.71369863013699,0
22,83.05,1799.3,Male,0,No,No,Yes,Yes,Fiber optic,78.2304347826087,0
8,105.5,829.55,Female,1,No,No,Yes,Yes,Fiber optic,92.17222222222222,1
16,81.0,1312.15,Female,0,No,Yes,Yes,No,Fiber optic,77.18529411764706,1
39,41.1,1597.05,Female,0,No,No,No,No phone service,DSL,39.926249999999996,0
12,45.0,524.35,Female,0,No,No,Yes,No,DSL,40.33461538461539,0
54,74.55,4191.45,Male,0,Yes,No,Yes,No,DSL,76.20818181818181,0
18,40.2,711.95,Female,0,No,No,No,No phone service,DSL,37.47105263157895,0
32,70.5,2201.75,Male,0,Yes,No,Yes,No,DSL,66.71969696969697,0
41,19.75,806.95,Female,0,No,No,Yes,No,No,19.21309523809524,0
67,24.65,1620.45,Male,0,Yes,Yes,Yes,Yes,No,23.83014705882353,0
65,104.25,6812.95,Male,0,Yes,No,Yes,Yes,Fiber optic,103.22651515151514,0
25,78.35,1837.9,Female,0,No,No,Yes,Yes,DSL,70.68846153846154,0
1,69.8,69.8,Female,0,Yes,Yes,Yes,No,Fiber optic,34.9,1
67,109.7,7344.45,Female,0,Yes,No,Yes,Yes,Fiber optic,108.00661764705882,0
7,73.75,545.15,Male,1,No,No,Yes,Yes,Fiber optic,68.14375,1
43,33.45,1500.25,Female,1,No,No,No,No phone service,DSL,34.09659090909091,0
24,94.6,2283.15,Female,0,No,No,Yes,No,Fiber optic,91.32600000000001,0
9,54.55,494.05,Male,1,No,No,Yes,Yes,DSL,49.405,1
69,20.2,1376.5,Male,0,Yes,Yes,Yes,No,No,19.664285714285715,0
37,20.3,755.4,Female,0,No,Yes,Yes,No,No,19.878947368421052,0
20,39.4,825.4,Male,0,Yes,Yes,No,No phone service,DSL,39.304761904761904,0
7,69.15,488.65,Male,0,No,No,Yes,No,Fiber optic,61.08125,0
37,76.25,2841.55,Female,1,No,No,Yes,Yes,Fiber optic,74.77763157894738,1
5,93.9,486.85,Female,0,No,No,Yes,Yes,Fiber optic,81.14166666666667,1
41,51.35,2075.1,Male,0,No,No,No,No phone service,DSL,49.40714285714286,0
54,100.05,5299.65,Female,0,No,No,Yes,No,Fiber optic,96.35727272727271,0
3,70.4,204.7,Female,1,No,No,Yes,No,Fiber optic,51.175,1
69,20.3,1356.3,Male,1,No,No,Yes,No,No,19.375714285714285,0
53,94.45,5042.75,Female,0,No,No,Yes,No,Fiber optic,93.38425925925925,0
18,46.4,812.4,Male,0,Yes,Yes,No,No phone service,DSL,42.757894736842104,0
64,104.05,6605.55,Male,0,Yes,No,Yes,No,Fiber optic,101.62384615384616,0
31,91.15,2995.45,Female,0,Yes,Yes,Yes,Yes,Fiber optic,93.6078125,1
20,24.9,505.95,Female,0,No,No,No,No phone service,DSL,24.09285714285714,0
57,59.6,3509.4,Male,0,Yes,Yes,Yes,No,DSL,60.50689655172414,0
63,108.5,6991.9,Male,1,Yes,No,Yes,Yes,Fiber optic,109.2484375,0
13,40.55,590.35,Male,0,Yes,Yes,No,No phone service,DSL,42.167857142857144,0
48,58.95,2789.7,Female,1,Yes,No,Yes,No,DSL,56.932653061224485,0
2,70.95,137.95,Female,0,No,No,Yes,No,Fiber optic,45.98333333333333,1
57,20.75,1123.15,Male,0,Yes,Yes,Yes,No,No,19.364655172413794,0
71,113.15,7953.25,Male,0,Yes,No,Yes,Yes,Fiber optic,110.46180555555556,0
7,48.8,349.8,Female,0,Yes,Yes,Yes,Yes,DSL,43.725,0
16,63.05,1067.05,Female,0,No,No,Yes,Yes,DSL,62.76764705882353,0
34,100.85,3527.3,Male,0,Yes,No,Yes,Yes,Fiber optic,100.78,0
37,99.5,3762.0,Female,0,Yes,No,Yes,Yes,Fiber optic,99.0,1
16,80.55,1248.9,Male,0,No,No,Yes,Yes,Fiber optic,73.46470588235294,0
48,64.4,3035.35,Male,0,No,Yes,Yes,Yes,DSL,61.945918367346934,0
58,75.2,4300.8,Male,0,Yes,Yes,Yes,No,DSL,72.89491525423729,0
72,84.9,6065.3,Female,0,Yes,No,Yes,Yes,DSL,83.08630136986302,0
7,19.3,144.95,Female,0,No,No,Yes,No,No,18.11875,0
38,83.9,3233.6,Female,0,No,No,Yes,No,Fiber optic,82.91282051282052,1
48,117.45,5438.9,Female,1,Yes,No,Yes,Yes,Fiber optic,110.99795918367346,1
10,104.4,1081.45,Male,0,No,No,Yes,No,Fiber optic,98.31363636363636,1
30,74.65,2308.6,Female,0,No,No,Yes,No,DSL,74.47096774193548,0
31,59.05,1882.8,Male,0,Yes,No,Yes,Yes,DSL,58.8375,0
46,69.1,3255.35,Female,1,No,No,Yes,Yes,DSL,69.2627659574468,0
50,20.55,1067.65,Male,0,Yes,No,Yes,No,No,20.9343137254902,0
28,76.55,2065.4,Male,0,Yes,No,Yes,No,Fiber optic,71.22068965517242,0
66,62.5,4136.4,Female,0,No,No,No,No phone service,DSL,61.73731343283581,0
8,29.4,221.9,Male,1,No,No,No,No phone service,DSL,24.655555555555555,1
41,94.9,3848.0,Female,0,Yes,Yes,Yes,No,Fiber optic,91.61904761904762,0
72,111.65,8022.85,Male,1,Yes,No,Yes,Yes,Fiber optic,109.90205479452055,0
7,19.9,173.15,Female,0,No,No,Yes,No,No,21.64375,0
38,20.45,781.25,Female,0,Yes,Yes,Yes,No,No,20.03205128205128,0
44,106.05,4510.8,Male,0,No,No,Yes,No,Fiber optic,100.24000000000001,0
47,113.45,5317.8,Male,0,Yes,Yes,Yes,Yes,Fiber optic,110.78750000000001,0
53,92.55,4779.45,Male,0,Yes,Yes,Yes,No,Fiber optic,88.50833333333333,0
4,65.6,250.1,Male,0,Yes,No,Yes,Yes,DSL,50.019999999999996,0
20,84.35,1745.2,Male,1,No,No,Yes,Yes,Fiber optic,83.1047619047619,0
2,44.65,74.9,Male,0,No,No,Yes,No,DSL,24.96666666666667,1
57,71.1,4140.1,Male,1,Yes,No,Yes,Yes,DSL,71.38103448275862,0
44,85.15,3670.5,Female,1,Yes,No,Yes,No,Fiber optic,81.56666666666666,0
24,49.7,1167.8,Male,0,No,No,Yes,No,DSL,46.711999999999996,0
15,30.2,469.65,Male,0,Yes,Yes,No,No phone service,DSL,29.353125,0
3,25.25,58.9,Female,0,No,No,No,No phone service,DSL,14.725,1
4,84.05,333.55,Female,0,No,Yes,Yes,Yes,Fiber optic,66.71000000000001,1
37,85.7,3171.15,Male,1,Yes,No,Yes,Yes,Fiber optic,83.45131578947368,1
1,74.7,74.7,Female,0,No,No,Yes,No,Fiber optic,37.35,1
24,56.35,1381.2,Female,0,No,No,Yes,No,DSL,55.248000000000005,0
5,90.8,455.5,Female,0,No,No,Yes,Yes,Fiber optic,75.91666666666667,1
33,107.55,3645.5,Female,0,No,No,Yes,Yes,Fiber optic,107.22058823529412,0
58,19.85,1158.85,Female,0,Yes,Yes,Yes,No,No,19.64152542372881,0
72,95.9,6954.15,Female,0,Yes,Yes,Yes,Yes,Fiber optic,95.26232876712328,0
71,23.85,1672.1,Female,0,Yes,No,Yes,Yes,No,23.22361111111111,0
28,106.15,3152.5,Female,1,No,No,Yes,Yes,Fiber optic,108.70689655172414,1
51,83.85,4307.1,Male,0,Yes,No,Yes,No,DSL,82.82884615384616,0
30,85.35,2530.4,Female,0,No,No,Yes,No,DSL,81.6258064516129,1
72,84.8,6141.65,Male,1,Yes,No,Yes,No,Fiber optic,84.13219178082191,0
36,90.85,3186.7,Male,1,No,No,Yes,Yes,Fiber optic,86.12702702702703,1
14,76.1,1054.8,Male,0,No,Yes,Yes,No,DSL,70.32,0
72,74.55,5430.65,Female,0,Yes,Yes,Yes,Yes,DSL,74.39246575342466,0
22,39.2,849.9,Female,0,Yes,Yes,No,No phone service,DSL,36.952173913043474,0
2,79.55,151.75,Female,0,No,No,Yes,Yes,Fiber optic,50.583333333333336,0
15,19.6,299.4,Female,0,No,No,Yes,No,No,18.7125,0
51,19.55,1086.75,Male,0,Yes,Yes,Yes,No,No,20.89903846153846,0
70,39.15,2692.75,Male,0,Yes,No,No,No phone service,DSL,37.92605633802817,0
71,20.1,1389.6,Female,0,Yes,Yes,Yes,No,No,19.299999999999997,0
39,99.95,3767.4,Female,0,Yes,Yes,Yes,Yes,Fiber optic,94.185,0
61,59.8,3641.5,Female,0,Yes,Yes,Yes,Yes,DSL,58.733870967741936,0
52,49.75,2535.55,Female,0,No,No,Yes,No,DSL,47.840566037735854,0
1,35.75,35.75,Female,0,No,No,No,No phone service,DSL,17.875,1
64,108.5,6880.85,Male,0,Yes,No,Yes,Yes,Fiber optic,105.85923076923078,0
62,60.15,3753.2,Male,0,Yes,No,Yes,No,DSL,59.57460317460317,0
30,19.05,637.55,Male,0,Yes,No,Yes,No,No,20.566129032258065,0
4,46.0,181.6,Female,1,Yes,Yes,Yes,No,DSL,36.32,1
63,84.0,5329.55,Male,1,Yes,No,Yes,No,DSL,83.27421875,0
1,44.55,44.55,Female,0,No,No,Yes,No,DSL,22.275,0
15,103.45,1539.8,Male,0,Yes,No,Yes,Yes,Fiber optic,96.2375,0
27,80.65,2209.75,Male,0,Yes,Yes,Yes,No,Fiber optic,78.91964285714286,0
4,57.2,223.75,Female,0,No,Yes,No,No phone service,DSL,44.75,0
72,110.75,7751.7,Female,0,Yes,No,Yes,Yes,Fiber optic,106.18767123287671,0
45,24.7,1174.35,Male,1,Yes,No,Yes,Yes,No,25.529347826086955,0
45,97.05,4385.05,Female,1,No,No,Yes,Yes,Fiber optic,95.32717391304348,0
36,76.35,2606.35,Female,0,No,No,Yes,No,DSL,70.44189189189188,0
17,89.4,1539.45,Male,0,Yes,Yes,Yes,No,Fiber optic,85.525,1
1,18.9,18.9,Male,0,No,No,Yes,No,No,9.45,0
16,74.45,1261.35,Male,1,No,No,Yes,Yes,Fiber optic,74.1970588235294,0
3,19.8,58.15,Male,0,No,No,Yes,No,No,14.5375,1
4,50.9,225.6,Male,0,Yes,Yes,Yes,Yes,DSL,45.12,1
71,84.4,5969.3,Female,0,Yes,No,Yes,No,DSL,82.90694444444445,0
10,24.4,253.9,Male,0,Yes,Yes,Yes,Yes,No,23.081818181818182,0
20,20.05,400.0,Male,0,Yes,Yes,Yes,No,No,19.047619047619047,0
4,81.0,340.85,Male,0,No,No,Yes,No,Fiber optic,68.17,1
26,98.35,2515.3,Male,0,No,No,Yes,Yes,Fiber optic,93.15925925925927,1
4,55.5,227.35,Female,0,No,No,Yes,No,DSL,45.47,0
5,51.0,305.95,Male,0,No,No,No,No phone service,DSL,50.99166666666667,1
4,91.65,365.4,Female,0,Yes,No,Yes,Yes,Fiber optic,73.08,1
29,84.3,2357.75,Male,1,Yes,No,Yes,Yes,Fiber optic,78.59166666666667,0
2,100.2,198.5,Male,0,No,No,Yes,No,Fiber optic,66.16666666666667,0
29,19.4,554.25,Female,0,No,No,Yes,No,No,18.475,0
1,90.85,90.85,Male,0,No,Yes,Yes,No,Fiber optic,45.425,1
1,69.4,69.4,Male,0,No,No,Yes,No,Fiber optic,34.7,1
8,94.45,742.95,Female,1,No,No,Yes,No,Fiber optic,82.55000000000001,1
13,20.4,251.65,Male,0,No,No,Yes,No,No,17.975,0
59,94.75,5597.65,Female,0,Yes,No,Yes,Yes,Fiber optic,93.29416666666665,0
1,20.15,20.15,Female,0,Yes,Yes,Yes,No,No,10.075,1
50,95.7,4816.7,Male,1,No,No,Yes,Yes,Fiber optic,94.44509803921568,1
18,44.35,768.05,Male,0,Yes,No,Yes,No,DSL,40.42368421052631,0
17,74.55,1215.8,Female,0,Yes,Yes,Yes,No,DSL,67.54444444444444,0
47,73.6,3522.65,Male,0,Yes,No,Yes,No,DSL,73.38854166666667,0
26,74.95,1834.95,Female,0,No,No,Yes,Yes,Fiber optic,67.96111111111111,1
6,47.95,305.1,Female,0,No,No,No,No phone service,DSL,43.58571428571429,1
19,50.1,910.45,Male,0,Yes,Yes,Yes,Yes,DSL,45.5225,0
3,63.6,155.65,Female,0,No,No,Yes,Yes,DSL,38.9125,1
68,53.0,3656.25,Female,1,Yes,Yes,No,No phone service,DSL,52.98913043478261,0
2,19.85,52.0,Female,0,Yes,No,Yes,No,No,17.333333333333332,0
7,24.35,150.85,Male,0,No,No,No,No phone service,DSL,18.85625,0
18,19.55,389.25,Female,0,No,No,Yes,No,No,20.486842105263158,0
71,25.05,1873.7,Female,0,Yes,No,Yes,Yes,No,26.023611111111112,0
13,93.8,1261.0,Male,1,Yes,No,Yes,Yes,Fiber optic,90.07142857142857,0
3,36.85,108.7,Male,0,No,No,No,No phone service,DSL,27.175,1
72,103.75,7346.2,Male,0,Yes,No,Yes,Yes,Fiber optic,100.63287671232877,0
66,56.75,3708.4,Male,0,Yes,Yes,No,No phone service,DSL,55.34925373134328,0
24,20.8,469.65,Male,0,Yes,Yes,Yes,No,No,18.785999999999998,0
1,44.1,44.1,Female,0,No,No,Yes,No,DSL,22.05,1
56,24.45,1385.85,Female,0,Yes,Yes,Yes,Yes,No,24.31315789473684,0
22,25.6,548.8,Female,1,Yes,No,Yes,Yes,No,23.86086956521739,0
14,50.75,712.75,Male,0,No,No,No,No phone service,DSL,47.516666666666666,1
61,104.4,6405.0,Female,1,Yes,No,Yes,Yes,Fiber optic,103.30645161290323,1
40,39.3,1637.4,Female,1,Yes,No,No,No phone service,DSL,39.93658536585366,1
42,59.65,2536.55,Female,0,No,No,Yes,No,DSL,58.989534883720935,0
72,83.3,6042.7,Female,0,Yes,Yes,Yes,Yes,DSL,82.77671232876712,0
12,79.55,958.25,Female,0,No,No,Yes,Yes,Fiber optic,73.71153846153847,0
71,24.45,1730.65,Male,0,Yes,No,Yes,Yes,No,24.036805555555556,0
26,19.2,459.6,Female,0,Yes,No,Yes,No,No,17.022222222222222,0
7,29.8,201.95,Female,0,No,Yes,No,No phone service,DSL,25.24375,0
6,45.5,285.2,Female,0,Yes,Yes,Yes,No,DSL,40.74285714285714,0
58,106.45,6145.85,Female,0,No,No,Yes,No,Fiber optic,104.16694915254237,1
51,30.05,1529.45,Male,0,Yes,No,No,No phone service,DSL,29.4125,0
72,65.65,4664.5,Male,0,Yes,Yes,No,No phone service,DSL,63.897260273972606,0
18,96.05,1740.7,Female,0,No,No,Yes,No,Fiber optic,91.61578947368422,1
7,75.1,552.95,Female,0,No,No,Yes,Yes,Fiber optic,69.11875,1
47,74.05,3496.3,Female,0,No,No,Yes,Yes,DSL,72.83958333333334,0
2,44.7,93.7,Male,1,No,No,Yes,No,DSL,31.233333333333334,1
62,110.75,7053.35,Male,1,No,No,Yes,Yes,Fiber optic,111.95793650793651,0
16,19.7,301.55,Female,0,Yes,Yes,Yes,No,No,17.738235294117647,0
6,49.5,312.7,Male,0,No,No,Yes,No,DSL,44.67142857142857,0
19,55.0,1046.5,Male,0,No,No,Yes,No,DSL,52.325,1
69,43.95,2960.1,Female,0,Yes,Yes,No,No phone service,DSL,42.287142857142854,0
11,74.35,834.2,Male,0,Yes,Yes,Yes,Yes,Fiber optic,69.51666666666667,1
64,111.15,6953.4,Female,0,Yes,No,Yes,Yes,Fiber optic,106.97538461538461,0
39,104.7,4134.85,Female,0,Yes,No,Yes,No,Fiber optic,103.37125,1
15,55.7,899.8,Female,0,No,No,Yes,Yes,DSL,56.2375,1
25,20.6,541.5,Male,0,No,No,Yes,No,No,20.826923076923077,0
6,19.65,116.85,Female,0,No,No,Yes,No,No,16.692857142857143,0
66,115.8,7942.15,Male,0,Yes,No,Yes,Yes,Fiber optic,118.53955223880597,0
61,88.65,5321.25,Female,0,No,No,Yes,Yes,DSL,85.82661290322581,0
43,94.5,4156.8,Female,1,Yes,No,Yes,Yes,Fiber optic,94.47272727272728,0
12,20.1,223.6,Female,0,No,No,Yes,No,No,17.2,0
23,34.65,768.45,Male,1,No,No,No,No phone service,DSL,32.018750000000004,0
71,52.3,3765.05,Male,1,Yes,No,No,No phone service,DSL,52.29236111111111,0
34,65.0,2157.5,Female,0,No,No,Yes,Yes,DSL,61.642857142857146,0
5,19.85,108.05,Female,0,No,No,Yes,No,No,18.008333333333333,1
41,35.45,1391.65,Female,0,Yes,No,No,No phone service,DSL,33.13452380952381,0
72,19.7,1379.8,Female,0,Yes,Yes,Yes,No,No,18.9013698630137,0
14,95.6,1273.3,Male,1,No,No,Yes,Yes,Fiber optic,84.88666666666667,0
41,19.85,810.45,Female,0,No,No,Yes,No,No,19.29642857142857,0
23,81.85,1810.85,Female,0,Yes,Yes,Yes,Yes,Fiber optic,75.45208333333333,0
71,109.3,7782.85,Male,0,Yes,Yes,Yes,No,Fiber optic,108.0951388888889,0
1,70.3,70.3,Female,0,No,No,Yes,No,Fiber optic,35.15,1
72,25.4,1797.1,Male,0,Yes,No,Yes,Yes,No,24.61780821917808,0
6,69.8,377.85,Male,0,Yes,Yes,Yes,No,Fiber optic,53.978571428571435,0
23,20.0,445.3,Male,0,Yes,Yes,Yes,No,No,18.554166666666667,0
10,85.55,851.75,Male,1,Yes,No,Yes,Yes,Fiber optic,77.43181818181819,1
72,109.9,7624.2,Female,0,No,No,Yes,No,Fiber optic,104.44109589041096,0
7,50.3,355.1,Female,0,Yes,No,Yes,No,DSL,44.3875,0
6,94.5,575.45,Male,0,No,Yes,Yes,No,Fiber optic,82.20714285714287,1
9,101.5,906.85,Male,0,Yes,Yes,Yes,No,Fiber optic,90.685,0
12,89.15,1057.55,Female,0,No,No,Yes,Yes,Fiber optic,81.35,0
1,19.4,19.4,Female,0,No,No,Yes,No,No,9.7,0
48,29.9,1388.75,Female,1,Yes,Yes,No,No phone service,DSL,28.341836734693878,0
20,78.8,1641.3,Male,0,No,No,Yes,No,Fiber optic,78.15714285714286,0
16,85.35,1375.15,Female,1,Yes,No,Yes,Yes,Fiber optic,80.89117647058823,1
2,79.65,152.7,Female,0,No,No,Yes,No,Fiber optic,50.9,1
10,19.3,185.2,Female,0,No,No,Yes,No,No,16.836363636363636,0
2,79.6,195.05,Female,1,No,No,Yes,No,Fiber optic,65.01666666666667,1
20,96.8,1826.7,Male,0,Yes,Yes,Yes,Yes,Fiber optic,86.9857142857143,0
20,20.65,417.5,Male,0,Yes,No,Yes,No,No,19.88095238095238,0
19,19.8,344.5,Male,0,Yes,Yes,Yes,No,No,17.225,0
19,90.6,1660.0,Male,1,No,No,Yes,Yes,Fiber optic,83.0,1
22,104.6,2180.55,Male,0,Yes,No,Yes,No,Fiber optic,94.80652173913045,0
35,80.05,2835.9,Female,0,No,No,Yes,Yes,Fiber optic,78.775,0
1,45.15,45.15,Female,0,No,No,Yes,No,DSL,22.575,0
39,73.15,2730.85,Male,0,No,No,Yes,Yes,Fiber optic,68.27125,0
54,99.1,5437.1,Female,1,Yes,No,Yes,No,Fiber optic,98.85636363636364,0
1,20.2,20.2,Female,0,No,No,Yes,No,No,10.1,1
66,106.05,6981.35,Male,0,Yes,No,Yes,Yes,Fiber optic,104.19925373134329,1
56,105.35,5794.45,Male,0,No,No,Yes,Yes,Fiber optic,101.65701754385965,0
18,45.65,747.2,Male,0,No,Yes,Yes,No,DSL,39.32631578947369,0
16,79.95,1267.95,Female,0,Yes,Yes,Yes,Yes,Fiber optic,74.58529411764707,0
68,54.45,3674.95,Female,0,No,No,Yes,No,DSL,53.26014492753623,0
53,25.1,1275.6,Female,1,Yes,No,Yes,Yes,No,23.62222222222222,0
72,84.7,5893.9,Female,0,Yes,Yes,Yes,Yes,DSL,80.73835616438356,0
9,75.85,724.65,Male,0,No,No,Yes,Yes,Fiber optic,72.465,0
30,48.8,1536.75,Female,0,No,No,Yes,No,DSL,49.57258064516129,0
36,99.15,3615.6,Female,0,No,No,Yes,Yes,Fiber optic,97.71891891891892,1
18,35.2,607.3,Female,0,No,No,No,No phone service,DSL,31.963157894736838,0
55,76.25,4154.55,Female,1,Yes,Yes,Yes,Yes,DSL,74.18839285714286,0
39,55.9,2184.35,Female,0,Yes,No,No,No phone service,DSL,54.60875,1
21,82.35,1852.85,Male,0,No,No,Yes,Yes,Fiber optic,84.22045454545454,1
2,40.4,77.15,Male,0,No,No,No,No phone service,DSL,25.71666666666667,1
33,24.9,847.8,Male,1,No,No,Yes,Yes,No,24.935294117647057,0
44,54.3,2390.45,Male,0,Yes,No,No,No phone service,DSL,53.121111111111105,0
30,66.3,1923.5,Female,0,Yes,Yes,Yes,No,DSL,62.04838709677419,0
71,20.9,1493.2,Female,0,Yes,No,Yes,No,No,20.73888888888889,0
4,75.35,338.1,Female,0,No,No,Yes,Yes,Fiber optic,67.62,1
35,85.15,3030.6,Male,0,No,Yes,Yes,No,Fiber optic,84.18333333333334,1
1,75.35,75.35,Male,0,Yes,No,Yes,No,Fiber optic,37.675,0
23,104.45,2184.85,Male,1,Yes,No,Yes,Yes,Fiber optic,91.03541666666666,0
22,49.45,1031.4,Female,0,No,Yes,No,No phone service,DSL,44.84347826086957,0
49,19.45,921.3,Female,0,No,Yes,Yes,No,No,18.426,0
42,92.15,3875.4,Female,0,Yes,Yes,Yes,No,Fiber optic,90.12558139534885,0
33,93.8,3124.5,Female,0,Yes,Yes,Yes,No,Fiber optic,91.8970588235294,1
7,19.85,144.15,Female,0,Yes,Yes,Yes,No,No,18.01875,0
67,100.25,6689.0,Female,0,Yes,Yes,Yes,Yes,Fiber optic,98.36764705882354,0
15,95.7,1451.1,Male,0,No,No,Yes,Yes,Fiber optic,90.69375,0
67,93.15,6368.2,Male,0,Yes,No,Yes,Yes,Fiber optic,93.64999999999999,0
53,69.7,3729.6,Male,0,Yes,Yes,Yes,No,DSL,69.06666666666666,0
21,19.8,350.1,Male,0,Yes,Yes,Yes,No,No,15.913636363636364,0
40,71.35,2847.2,Female,0,Yes,Yes,Yes,No,DSL,69.44390243902438,0
22,20.75,452.35,Female,0,Yes,Yes,Yes,No,No,19.667391304347827,0
39,40.6,1494.5,Male,0,No,No,No,No phone service,DSL,37.3625,0
45,20.4,930.45,Male,0,No,No,Yes,No,No,20.22717391304348,1
2,20.35,41.85,Female,0,Yes,No,Yes,No,No,13.950000000000001,0
57,19.75,1272.05,Female,0,Yes,Yes,Yes,No,No,21.931896551724137,0
8,54.4,475.1,Male,0,Yes,Yes,Yes,No,DSL,52.78888888888889,0
7,94.7,673.1,Male,1,Yes,No,Yes,Yes,Fiber optic,84.1375,1
6,30.5,208.7,Male,0,No,No,No,No phone service,DSL,29.814285714285713,1
7,20.45,150.75,Female,0,Yes,Yes,Yes,No,No,18.84375,0
49,66.15,3199.0,Male,0,No,No,Yes,Yes,DSL,63.98,0
65,89.85,5844.65,Female,0,No,No,Yes,Yes,Fiber optic,88.55530303030302,0
55,45.05,2462.6,Female,0,No,No,Yes,No,DSL,43.975,0
71,86.85,6263.8,Male,0,Yes,Yes,Yes,Yes,DSL,86.99722222222222,0
35,96.75,3403.4,Male,0,No,No,Yes,Yes,Fiber optic,94.53888888888889,0
3,77.0,237.75,Male,1,No,No,Yes,Yes,Fiber optic,59.4375,1
11,20.1,221.35,Female,0,No,Yes,Yes,No,No,18.445833333333333,1
1,75.3,75.3,Female,0,No,No,Yes,No,Fiber optic,37.65,1
17,106.65,1672.1,Male,0,No,No,Yes,Yes,Fiber optic,92.89444444444445,0
72,110.15,7881.2,Female,0,Yes,No,Yes,Yes,Fiber optic,107.96164383561644,0
28,82.85,2320.8,Female,0,Yes,Yes,Yes,No,Fiber optic,80.02758620689656,0
18,20.1,370.5,Female,0,Yes,No,Yes,No,No,19.5,0
40,99.2,4062.2,Female,1,Yes,No,Yes,No,Fiber optic,99.0780487804878,1
52,59.45,3043.7,Female,0,No,No,Yes,No,DSL,57.42830188679245,0
47,58.6,2723.4,Female,0,Yes,No,Yes,No,DSL,56.737500000000004,0
23,49.7,1081.25,Female,0,No,No,Yes,No,DSL,45.052083333333336,0
66,65.85,4097.05,Male,0,Yes,Yes,Yes,No,DSL,61.150000000000006,0
8,73.5,632.2,Female,0,No,No,Yes,Yes,Fiber optic,70.24444444444445,0
47,85.5,4042.3,Male,1,No,No,Yes,No,Fiber optic,84.21458333333334,1
7,20.05,164.85,Female,0,No,No,Yes,No,No,20.60625,1
71,113.65,8166.8,Female,0,Yes,Yes,Yes,Yes,Fiber optic,113.42777777777778,0
50,83.4,4113.7,Female,1,No,No,Yes,Yes,Fiber optic,80.66078431372549,0
46,65.65,3047.15,Male,0,Yes,No,Yes,No,DSL,64.83297872340425,0
1,70.4,70.4,Male,0,No,No,Yes,No,Fiber optic,35.2,1
66,61.35,4193.4,Female,0,No,No,No,No phone service,DSL,62.58805970149253,0
42,85.9,3729.75,Female,0,Yes,No,Yes,Yes,Fiber optic,86.73837209302326,0
5,75.65,399.45,Female,0,No,No,Yes,No,Fiber optic,66.575,0
7,49.75,331.3,Male,0,Yes,Yes,Yes,No,DSL,41.4125,1
29,70.9,1964.6,Male,0,No,No,Yes,Yes,DSL,65.48666666666666,0
27,49.85,1336.15,Female,0,Yes,Yes,Yes,No,DSL,47.71964285714286,0
15,75.3,1147.45,Female,1,No,No,Yes,No,Fiber optic,71.715625,1
25,20.1,486.05,Female,0,Yes,Yes,Yes,No,No,18.69423076923077,0
11,94.0,1078.9,Female,0,Yes,No,Yes,Yes,Fiber optic,89.90833333333335,1
57,103.05,5925.75,Male,0,Yes,No,Yes,Yes,Fiber optic,102.16810344827586,0
67,118.35,7804.15,Male,0,No,No,Yes,Yes,Fiber optic,114.76691176470588,1
47,99.7,4747.2,Female,1,Yes,No,Yes,Yes,Fiber optic,98.89999999999999,0
13,81.9,1028.9,Female,0,No,No,Yes,No,Fiber optic,73.49285714285715,0
8,30.45,226.45,Male,0,No,No,No,No phone service,DSL,25.16111111111111,1
44,96.1,4364.1,Female,0,Yes,No,Yes,Yes,Fiber optic,96.98,1
71,66.2,4692.55,Male,0,Yes,Yes,Yes,Yes,DSL,65.17430555555556,0
24,104.25,2433.9,Male,1,Yes,No,Yes,Yes,Fiber optic,97.35600000000001,1
15,80.2,1217.25,Male,1,No,No,Yes,Yes,Fiber optic,76.078125,1
1,19.75,19.75,Female,0,No,No,Yes,No,No,9.875,0
2,72.6,154.3,Male,1,No,No,Yes,Yes,Fiber optic,51.43333333333334,0
55,116.5,6382.55,Male,1,No,No,Yes,Yes,Fiber optic,113.97410714285715,0
71,106.8,7623.2,Male,1,No,No,Yes,Yes,Fiber optic,105.87777777777778,0
50,24.95,1261.45,Male,0,Yes,Yes,Yes,Yes,No,24.734313725490196,0
1,89.25,89.25,Male,0,No,No,Yes,No,Fiber optic,44.625,0
5,19.25,86.05,Male,0,No,No,Yes,No,No,14.341666666666667,0
66,104.55,6779.05,Female,0,No,No,Yes,Yes,Fiber optic,101.17985074626866,0
49,87.2,4345.0,Female,0,Yes,Yes,Yes,No,DSL,86.9,0
3,30.75,82.85,Female,1,Yes,No,No,No phone service,DSL,20.7125,0
66,25.7,1714.55,Male,0,Yes,Yes,Yes,Yes,No,25.590298507462688,0
11,86.2,893.2,Male,0,No,Yes,Yes,Yes,Fiber optic,74.43333333333334,0
28,30.1,810.85,Male,0,No,No,No,No phone service,DSL,27.96034482758621,0
65,99.35,6347.55,Male,0,Yes,No,Yes,Yes,Fiber optic,96.175,0
62,19.2,1123.65,Female,0,No,No,Yes,No,No,17.835714285714285,0
2,20.1,43.15,Female,0,Yes,No,Yes,No,No,14.383333333333333,0
2,20.35,35.1,Female,0,No,No,Yes,No,No,11.700000000000001,0
55,25.65,1388.0,Female,0,Yes,Yes,Yes,Yes,No,24.785714285714285,0
41,94.55,3851.45,Male,1,Yes,No,Yes,No,Fiber optic,91.70119047619048,0
17,104.2,1743.5,Female,0,Yes,Yes,Yes,Yes,Fiber optic,96.86111111111111,1
30,94.4,2638.1,Female,0,No,No,Yes,No,Fiber optic,85.1,0
17,56.1,946.95,Male,0,No,No,Yes,No,DSL,52.608333333333334,0
16,68.25,1114.85,Female,0,Yes,Yes,Yes,No,DSL,65.57941176470588,0
72,24.75,1777.6,Male,0,No,No,Yes,Yes,No,24.350684931506848,0
9,76.25,684.85,Male,0,No,No,Yes,Yes,Fiber optic,68.485,0
1,74.35,74.35,Female,0,No,No,Yes,No,Fiber optic,37.175,0
23,54.15,1312.45,Male,0,No,Yes,Yes,No,DSL,54.68541666666667,0
8,19.45,159.2,Male,0,No,Yes,Yes,No,No,17.688888888888886,0
19,34.95,610.2,Male,0,Yes,Yes,No,No phone service,DSL,30.51,0
7,53.65,404.35,Female,0,No,No,Yes,Yes,DSL,50.54375,0
1,69.65,69.65,Male,1,No,No,Yes,No,Fiber optic,34.825,1
61,104.0,6363.45,Male,0,No,No,Yes,Yes,Fiber optic,102.63629032258065,0
57,70.35,4124.65,Female,0,Yes,No,Yes,No,DSL,71.11465517241379,0
9,80.8,713.1,Male,0,No,No,Yes,No,Fiber optic,71.31,1
15,64.85,950.75,Male,0,No,Yes,Yes,No,DSL,59.421875,0
1,19.65,19.65,Female,0,No,No,Yes,No,No,9.825,0
12,45.9,505.95,Female,0,Yes,No,Yes,No,DSL,38.919230769230765,0
54,20.0,1149.65,Male,0,No,No,Yes,No,No,20.902727272727276,0
4,44.8,169.65,Male,0,Yes,Yes,Yes,No,DSL,33.93,0
7,80.3,526.7,Female,0,No,No,Yes,No,Fiber optic,65.8375,1
20,20.35,393.15,Female,0,Yes,No,Yes,No,No,18.72142857142857,0
26,45.8,1147.0,Female,0,No,Yes,No,No phone service,DSL,42.48148148148148,0
36,84.1,3021.6,Male,1,Yes,No,Yes,Yes,Fiber optic,81.66486486486487,1
53,108.95,5718.2,Female,0,Yes,No,Yes,Yes,Fiber optic,105.89259259259259,0
3,69.35,191.35,Male,0,No,No,Yes,No,DSL,47.8375,1
68,64.35,4539.6,Female,0,No,No,No,No phone service,DSL,65.7913043478261,0
72,90.8,6397.6,Male,0,Yes,Yes,Yes,Yes,DSL,87.63835616438357,0
12,24.95,280.4,Male,0,No,No,Yes,Yes,No,21.569230769230767,0
34,79.6,2718.3,Female,1,Yes,Yes,Yes,Yes,Fiber optic,77.66571428571429,1
68,84.7,5711.05,Female,0,Yes,No,Yes,Yes,Fiber optic,82.76884057971014,0
50,70.8,3478.15,Female,0,No,Yes,Yes,No,DSL,68.19901960784314,0
1,36.45,36.45,Female,1,No,No,No,No phone service,DSL,18.225,1
41,104.4,4133.95,Female,1,No,No,Yes,Yes,Fiber optic,98.42738095238094,0
30,101.5,2917.65,Male,1,Yes,No,Yes,Yes,Fiber optic,94.11774193548388,0
1,54.3,54.3,Male,0,No,No,Yes,Yes,DSL,27.15,0
29,103.95,2964.8,Male,1,Yes,Yes,Yes,Yes,Fiber optic,98.82666666666667,0
23,91.1,2198.3,Female,0,Yes,Yes,Yes,Yes,DSL,91.59583333333335,0
60,19.95,1189.9,Male,0,No,Yes,Yes,No,No,19.50655737704918,0
72,26.45,1914.5,Female,0,Yes,No,Yes,Yes,No,26.226027397260275,0
22,89.4,2001.5,Male,0,No,Yes,Yes,No,Fiber optic,87.02173913043478,1
72,75.1,5336.35,Male,0,No,No,Yes,No,DSL,73.10068493150685,0
66,108.1,7238.6,Female,1,No,No,Yes,Yes,Fiber optic,108.03880597014926,0
72,110.15,7998.8,Female,0,Yes,No,Yes,Yes,Fiber optic,109.57260273972604,0
47,80.35,3825.85,Female,1,Yes,No,Yes,Yes,Fiber optic,79.70520833333333,1
51,111.5,5703.25,Female,0,No,No,Yes,Yes,Fiber optic,109.67788461538461,0
70,106.5,7397.0,Female,0,Yes,Yes,Yes,Yes,Fiber optic,104.1830985915493,0
9,19.9,164.6,Male,0,No,No,Yes,No,No,16.46,0
59,111.1,6555.2,Male,0,Yes,Yes,Yes,Yes,Fiber optic,109.25333333333333,0
3,70.7,225.65,Male,0,No,Yes,Yes,No,DSL,56.4125,0
38,24.85,955.75,Male,1,Yes,No,No,No phone service,DSL,24.506410256410255,0
37,91.2,3382.3,Female,0,No,No,Yes,Yes,Fiber optic,89.0078947368421,0
37,65.6,2313.8,Male,0,No,No,Yes,No,DSL,60.88947368421053,0
24,40.65,933.3,Female,1,Yes,No,No,No phone service,DSL,37.332,1
14,59.45,780.85,Female,0,Yes,Yes,Yes,No,DSL,52.056666666666665,0
72,109.95,7852.4,Male,0,Yes,No,Yes,Yes,Fiber optic,107.56712328767122,0
53,60.45,3184.25,Male,0,Yes,No,No,No phone service,DSL,58.967592592592595,1
8,84.9,764.95,Female,0,Yes,No,Yes,Yes,Fiber optic,84.99444444444445,1
72,38.5,2763.0,Male,0,Yes,Yes,No,No phone service,DSL,37.84931506849315,0
17,92.55,1614.7,Female,1,Yes,No,Yes,Yes,Fiber optic,89.70555555555556,0
2,73.55,145.4,Female,0,Yes,Yes,Yes,No,Fiber optic,48.46666666666667,1
8,20.15,156.25,Female,0,Yes,No,Yes,No,No,17.36111111111111,1
48,34.7,1604.5,Female,0,Yes,No,No,No phone service,DSL,32.744897959183675,1
10,24.5,270.15,Female,0,No,No,Yes,Yes,No,24.55909090909091,0
0,19.7,2283.3004408418656,Male,0,Yes,Yes,Yes,No,No,2283.3004408418656,0
1,20.6,20.6,Male,0,No,No,Yes,No,No,10.3,0
29,58.0,1734.5,Female,0,No,No,Yes,No,DSL,57.81666666666667,0
65,107.45,7047.5,Female,1,Yes,Yes,Yes,Yes,Fiber optic,106.78030303030303,0
8,65.5,573.15,Female,0,No,No,Yes,Yes,DSL,63.68333333333333,0
61,25.45,1538.6,Male,0,Yes,No,Yes,Yes,No,24.816129032258065,0
45,100.15,4459.8,Female,1,No,No,Yes,Yes,Fiber optic,96.95217391304348,0
72,104.45,7459.0,Male,0,Yes,Yes,Yes,Yes,Fiber optic,102.17808219178082,0
12,21.15,306.05,Male,0,Yes,Yes,Yes,No,No,23.542307692307695,0
7,96.2,639.7,Male,0,No,No,Yes,Yes,Fiber optic,79.9625,0
9,44.4,348.15,Male,0,No,No,Yes,No,DSL,34.815,0
43,107.55,4533.9,Female,1,Yes,No,Yes,Yes,Fiber optic,103.04318181818181,1
58,94.35,5563.65,Male,0,Yes,Yes,Yes,Yes,Fiber optic,94.29915254237288,0
16,98.75,1587.55,Male,1,Yes,No,Yes,Yes,Fiber optic,93.38529411764705,1
2,20.3,40.25,Male,0,Yes,Yes,Yes,No,No,13.416666666666666,0
8,101.15,842.9,Female,0,Yes,No,Yes,No,Fiber optic,93.65555555555555,1
40,105.75,4228.55,Female,0,Yes,No,Yes,Yes,Fiber optic,103.13536585365854,0
9,81.15,784.45,Male,0,No,No,Yes,Yes,Fiber optic,78.44500000000001,0
41,89.55,3729.75,Male,0,No,No,Yes,No,Fiber optic,88.80357142857143,0
26,54.75,1406.9,Female,0,No,No,Yes,No,DSL,52.10740740740741,0
33,53.75,1857.3,Female,0,Yes,No,Yes,No,DSL,54.62647058823529,0
68,105.75,7322.5,Male,0,Yes,Yes,Yes,No,Fiber optic,106.1231884057971,0
65,105.85,6725.5,Female,1,Yes,No,Yes,No,Fiber optic,101.90151515151516,0
55,64.2,3627.3,Male,0,No,No,Yes,No,DSL,64.77321428571429,0
20,88.7,1761.45,Male,0,No,No,Yes,Yes,Fiber optic,83.87857142857143,1
19,87.7,1725.95,Male,0,No,No,Yes,No,Fiber optic,86.2975,0
45,89.3,4192.15,Female,0,No,No,Yes,Yes,Fiber optic,91.1336956521739,0
70,20.15,1411.2,Female,0,Yes,Yes,Yes,No,No,19.87605633802817,0
2,79.75,164.5,Female,0,No,No,Yes,No,Fiber optic,54.833333333333336,1
27,94.55,2724.6,Female,0,No,No,Yes,Yes,Fiber optic,97.30714285714285,1
12,20.05,264.55,Female,0,Yes,No,Yes,No,No,20.35,0
72,67.2,4671.7,Male,0,No,Yes,No,No phone service,DSL,63.9958904109589,0
12,94.55,1173.55,Male,0,No,No,Yes,Yes,Fiber optic,90.27307692307691,0
5,69.05,318.5,Female,1,No,No,Yes,No,Fiber optic,53.083333333333336,1
71,107.5,7713.55,Male,1,Yes,No,Yes,Yes,Fiber optic,107.13263888888889,0
35,73.0,2471.25,Male,1,No,No,Yes,No,DSL,68.64583333333333,0
70,114.75,7842.3,Male,0,Yes,Yes,Yes,Yes,Fiber optic,110.4549295774648,0
31,76.05,2227.8,Female,0,No,No,Yes,Yes,Fiber optic,69.61875,0
52,96.25,4990.25,Male,0,Yes,Yes,Yes,Yes,Fiber optic,94.15566037735849,1
37,101.1,3744.05,Male,1,No,No,Yes,Yes,Fiber optic,98.52763157894738,1
69,104.7,7220.35,Male,0,No,No,Yes,Yes,Fiber optic,103.14785714285715,1
30,77.9,2351.45,Male,1,Yes,No,Yes,Yes,Fiber optic,75.8532258064516,0
33,90.65,2989.6,Female,0,No,No,Yes,Yes,Fiber optic,87.92941176470588,0
54,110.45,6077.75,Male,1,Yes,No,Yes,Yes,Fiber optic,110.50454545454545,0
59,68.7,4070.95,Female,0,No,No,Yes,Yes,DSL,67.84916666666666,0
55,44.85,2479.05,Male,1,No,No,No,No phone service,DSL,44.268750000000004,0
69,29.8,2134.3,Male,1,Yes,No,No,No phone service,DSL,30.490000000000002,0
66,88.9,6000.1,Female,0,No,No,Yes,Yes,Fiber optic,89.55373134328359,0
37,58.75,2203.1,Male,0,Yes,Yes,Yes,No,DSL,57.97631578947368,0
9,19.85,183.15,Male,1,Yes,No,Yes,No,No,18.315,0
69,86.9,6194.1,Male,0,Yes,Yes,Yes,Yes,DSL,88.48714285714286,0
10,59.65,638.95,Male,0,No,No,Yes,No,DSL,58.08636363636364,0
40,55.25,2139.2,Male,0,No,Yes,Yes,No,DSL,52.17560975609756,1
13,66.4,831.75,Male,0,No,Yes,Yes,No,DSL,59.410714285714285,0
6,90.1,521.3,Female,0,No,No,Yes,Yes,Fiber optic,74.47142857142856,1
69,20.15,1337.5,Female,0,Yes,Yes,Yes,No,No,19.107142857142858,0
66,108.1,7181.95,Female,1,Yes,No,Yes,Yes,Fiber optic,107.19328358208955,0
11,53.75,608.0,Male,0,No,No,Yes,Yes,DSL,50.666666666666664,1
46,56.9,2560.1,Male,0,Yes,Yes,Yes,No,DSL,54.47021276595744,0
6,89.3,577.6,Female,0,No,No,Yes,No,Fiber optic,82.51428571428572,1
56,109.6,5953.0,Female,0,Yes,Yes,Yes,Yes,Fiber optic,104.43859649122807,0
70,25.15,1790.15,Male,0,Yes,Yes,Yes,Yes,No,25.213380281690142,0
33,79.15,2531.4,Female,0,Yes,Yes,Yes,Yes,DSL,74.45294117647059,0
72,66.75,4760.3,Female,0,Yes,Yes,Yes,Yes,DSL,65.2095890410959,0
3,95.2,292.85,Female,0,Yes,No,Yes,Yes,Fiber optic,73.2125,1
19,48.8,953.65,Female,0,No,Yes,Yes,No,DSL,47.6825,0
5,45.7,198.0,Female,1,No,No,No,No phone service,DSL,33.0,1
71,80.7,5705.05,Female,0,Yes,No,Yes,No,DSL,79.23680555555556,0
8,74.5,609.9,Male,0,Yes,No,Yes,No,Fiber optic,67.76666666666667,1
1,20.55,20.55,Male,0,No,No,Yes,No,No,10.275,0
1,79.65,79.65,Female,0,No,No,Yes,No,Fiber optic,39.825,1
61,115.1,6993.65,Female,0,No,No,Yes,Yes,Fiber optic,112.8008064516129,0
71,59.7,4122.65,Female,0,Yes,Yes,No,No phone service,DSL,57.259027777777774,0
68,86.45,5762.95,Female,0,Yes,No,Yes,Yes,Fiber optic,83.52101449275362,0
46,33.7,1537.85,Male,0,No,No,No,No phone service,DSL,32.72021276595744,0
33,80.1,2603.3,Male,0,No,No,Yes,Yes,Fiber optic,76.56764705882354,0
53,104.05,5566.4,Female,0,Yes,Yes,Yes,Yes,Fiber optic,103.08148148148148,0
50,108.75,5431.9,Female,1,Yes,No,Yes,Yes,Fiber optic,106.5078431372549,0
57,41.1,2258.25,Female,0,No,No,No,No phone service,DSL,38.935344827586206,0
54,20.35,1092.35,Female,0,Yes,Yes,Yes,No,No,19.86090909090909,0
60,105.9,6401.25,Female,1,Yes,No,Yes,Yes,Fiber optic,104.93852459016394,0
28,101.3,2812.2,Female,1,Yes,No,Yes,Yes,Fiber optic,96.97241379310344,1
1,80.05,80.05,Female,0,Yes,Yes,Yes,No,Fiber optic,40.025,1
29,89.2,2698.35,Male,0,Yes,Yes,Yes,Yes,Fiber optic,89.945,1
10,65.5,616.9,Female,0,Yes,Yes,Yes,No,DSL,56.08181818181818,0
43,40.45,1912.85,Male,0,No,Yes,No,No phone service,DSL,43.47386363636363,0
13,70.45,849.1,Male,1,Yes,No,Yes,No,Fiber optic,60.65,0
43,78.8,3460.3,Female,0,Yes,No,Yes,No,DSL,78.64318181818182,0
19,83.65,1465.75,Male,0,Yes,Yes,Yes,Yes,Fiber optic,73.2875,1
1,90.1,90.1,Male,0,Yes,Yes,Yes,No,Fiber optic,45.05,0
69,82.45,5555.3,Female,0,No,No,Yes,No,DSL,79.36142857142858,0
61,20.25,1278.8,Female,0,Yes,No,Yes,No,No,20.625806451612902,0
43,66.25,2907.35,Male,0,Yes,No,Yes,Yes,DSL,66.07613636363637,0
6,19.5,146.3,Female,0,Yes,No,Yes,No,No,20.900000000000002,1
1,51.25,51.25,Male,0,No,No,Yes,No,DSL,25.625,1
56,89.7,4952.95,Male,0,Yes,No,Yes,No,Fiber optic,86.8938596491228,0
70,64.55,4504.9,Female,0,Yes,No,No,No phone service,DSL,63.44929577464788,0
1,45.6,45.6,Male,0,No,No,Yes,No,DSL,22.8,1
49,93.65,4520.15,Male,0,Yes,Yes,Yes,Yes,Fiber optic,90.40299999999999,0
6,49.65,267.35,Female,0,No,No,Yes,No,DSL,38.19285714285714,1
32,73.6,2316.85,Female,0,Yes,Yes,Yes,No,DSL,70.20757575757575,0
72,109.75,8075.35,Female,1,Yes,No,Yes,Yes,Fiber optic,110.62123287671233,0
37,61.45,2302.35,Male,0,No,Yes,Yes,No,DSL,60.58815789473684,0
69,106.4,7251.9,Female,0,Yes,No,Yes,No,Fiber optic,103.59857142857142,0
26,81.9,2078.55,Female,0,Yes,No,Yes,No,DSL,76.98333333333333,0
58,105.2,6225.4,Female,0,Yes,Yes,Yes,Yes,Fiber optic,105.51525423728813,0
24,54.6,1242.25,Male,0,No,No,Yes,Yes,DSL,49.69,0
5,20.55,99.45,Male,0,Yes,Yes,Yes,No,No,16.575,0
15,20.0,288.05,Male,0,Yes,Yes,Yes,No,No,18.003125,1
30,19.7,599.25,Female,0,Yes,Yes,Yes,No,No,19.330645161290324,0
55,66.05,3462.1,Female,0,Yes,No,Yes,Yes,DSL,61.823214285714286,0
25,34.0,853.0,Female,0,Yes,No,No,No phone service,DSL,32.80769230769231,1
10,92.5,934.1,Male,1,Yes,No,Yes,No,Fiber optic,84.91818181818182,1
44,54.05,2375.2,Male,0,Yes,Yes,No,No phone service,DSL,52.78222222222222,0
47,58.9,2813.05,Female,0,No,No,Yes,No,DSL,58.60520833333334,0
13,88.35,1222.8,Female,0,Yes,Yes,Yes,No,Fiber optic,87.34285714285714,1
49,107.95,5293.2,Female,0,Yes,Yes,Yes,Yes,Fiber optic,105.86399999999999,1
64,96.9,6314.35,Female,0,Yes,No,Yes,No,Fiber optic,97.14384615384616,0
1,19.1,19.1,Male,0,No,No,Yes,No,No,9.55,0
20,50.0,1003.05,Male,0,No,No,Yes,No,DSL,47.76428571428571,0
37,45.4,1593.1,Female,0,Yes,No,No,No phone service,DSL,41.92368421052631,0
30,85.45,2509.95,Male,0,Yes,Yes,Yes,Yes,Fiber optic,80.96612903225805,0
38,84.1,3187.65,Female,0,No,No,Yes,Yes,DSL,81.73461538461538,0
1,74.45,74.45,Female,1,No,No,Yes,Yes,Fiber optic,37.225,1
37,64.75,2345.2,Female,0,No,No,Yes,No,DSL,61.715789473684204,1
52,66.25,3330.1,Female,0,Yes,No,No,No phone service,DSL,62.83207547169811,0
71,76.9,5522.7,Male,0,No,Yes,Yes,No,DSL,76.70416666666667,0
26,89.8,2335.3,Male,0,No,No,Yes,No,Fiber optic,86.4925925925926,1
66,74.6,4798.4,Male,0,No,No,Yes,Yes,DSL,71.61791044776119,0
72,116.95,8594.4,Male,0,Yes,No,Yes,Yes,Fiber optic,117.73150684931507,0
25,40.65,970.55,Male,0,No,Yes,No,No phone service,DSL,37.32884615384615,0
69,114.35,7665.8,Male,0,Yes,Yes,Yes,Yes,Fiber optic,109.51142857142857,0
53,69.7,3686.05,Male,0,Yes,Yes,Yes,Yes,DSL,68.2601851851852,0
12,95.5,1115.15,Female,0,No,No,Yes,No,Fiber optic,85.78076923076924,1
26,98.65,2537.0,Male,0,No,No,Yes,No,Fiber optic,93.96296296296296,0
21,61.65,1393.6,Male,0,No,No,Yes,No,DSL,63.345454545454544,0
1,89.35,89.35,Female,0,No,Yes,Yes,No,Fiber optic,44.675,0
48,95.4,4445.3,Male,0,No,No,Yes,Yes,Fiber optic,90.7204081632653,0
26,35.4,978.6,Female,0,Yes,No,No,No phone service,DSL,36.24444444444445,0
60,19.95,1258.15,Male,0,Yes,No,Yes,No,No,20.625409836065575,0
18,19.25,331.35,Male,0,No,No,Yes,No,No,17.439473684210526,0
10,29.65,291.4,Female,1,No,No,No,No phone service,DSL,26.49090909090909,1
5,84.5,453.75,Male,0,Yes,Yes,Yes,Yes,Fiber optic,75.625,1
4,20.4,84.75,Female,0,No,Yes,Yes,No,No,16.95,0
65,24.75,1715.1,Male,0,Yes,Yes,Yes,Yes,No,25.986363636363635,0
70,25.35,1715.15,Male,0,Yes,Yes,Yes,Yes,No,24.157042253521126,0
18,90.7,1597.25,Male,0,No,No,Yes,Yes,Fiber optic,84.0657894736842,1
62,20.0,1250.1,Male,0,No,Yes,Yes,No,No,19.84285714285714,0
66,59.75,3996.8,Female,0,Yes,Yes,Yes,No,DSL,59.65373134328358,0
65,82.5,5215.1,Female,0,Yes,Yes,Yes,Yes,DSL,79.01666666666667,0
3,70.3,235.5,Female,1,No,No,Yes,No,Fiber optic,58.875,1
34,20.35,673.2,Female,0,No,No,Yes,No,No,19.234285714285715,0
16,90.8,1442.2,Male,0,Yes,Yes,Yes,Yes,Fiber optic,84.83529411764707,0
54,103.95,5639.05,Female,0,No,No,Yes,Yes,Fiber optic,102.52818181818182,1
50,104.95,5222.35,Female,1,No,No,Yes,Yes,Fiber optic,102.39901960784314,0
71,105.25,7291.75,Male,0,Yes,No,Yes,No,Fiber optic,101.27430555555556,0
10,74.75,799.65,Female,0,No,No,Yes,Yes,Fiber optic,72.69545454545454,1
1,50.8,50.8,Female,0,No,No,Yes,No,DSL,25.4,1
18,23.75,424.5,Male,0,No,No,Yes,Yes,No,22.342105263157894,0
4,61.3,249.4,Male,0,No,No,Yes,No,DSL,49.88,0
58,75.8,4415.75,Female,0,Yes,Yes,Yes,Yes,DSL,74.84322033898304,0
56,98.0,5270.6,Female,0,Yes,No,Yes,Yes,Fiber optic,92.46666666666667,0
2,80.25,144.55,Male,0,No,No,Yes,No,Fiber optic,48.18333333333334,1
32,78.9,2447.95,Male,0,Yes,No,Yes,Yes,Fiber optic,74.18030303030302,1
56,52.0,2884.9,Male,0,Yes,Yes,No,No phone service,DSL,50.612280701754386,0
36,84.75,3050.15,Male,0,No,No,Yes,Yes,Fiber optic,82.43648648648649,1
4,64.4,253.0,Female,0,No,No,Yes,Yes,DSL,50.6,0
53,85.45,4517.25,Male,0,No,No,Yes,Yes,Fiber optic,83.65277777777777,1
10,45.8,436.2,Male,0,No,No,Yes,No,DSL,39.654545454545456,0
4,30.5,118.4,Male,0,No,No,No,No phone service,DSL,23.68,0
1,19.9,19.9,Male,0,Yes,Yes,Yes,No,No,9.95,1
51,69.15,3649.6,Female,0,Yes,No,Yes,No,Fiber optic,70.18461538461538,0
12,99.45,1200.15,Male,1,No,No,Yes,Yes,Fiber optic,92.31923076923077,1
6,49.25,255.6,Female,0,No,No,No,No phone service,DSL,36.51428571428571,0
63,39.35,2395.05,Male,0,Yes,Yes,No,No phone service,DSL,37.42265625,0
1,70.6,70.6,Female,0,No,No,Yes,No,Fiber optic,35.3,1
48,105.1,5083.55,Female,0,Yes,No,Yes,Yes,Fiber optic,103.74591836734695,0
5,81.0,389.6,Female,0,No,No,Yes,No,Fiber optic,64.93333333333334,1
35,20.1,644.5,Female,0,No,Yes,Yes,No,No,17.90277777777778,0
6,84.85,523.5,Male,0,No,No,Yes,No,Fiber optic,74.78571428571429,1
2,19.75,39.3,Male,0,No,No,Yes,No,No,13.1,0
50,19.75,989.05,Female,0,No,No,Yes,No,No,19.39313725490196,0
33,70.4,2406.1,Female,0,No,No,Yes,No,Fiber optic,70.76764705882353,0
31,20.45,638.55,Male,0,No,No,Yes,No,No,19.9546875,0
9,20.35,191.1,Female,0,Yes,Yes,Yes,No,No,19.11,0
54,86.2,4524.05,Female,0,Yes,Yes,Yes,Yes,DSL,82.25545454545455,0
46,95.65,4664.2,Female,0,No,No,Yes,No,Fiber optic,99.23829787234042,0
34,103.8,3470.8,Male,0,No,Yes,Yes,Yes,Fiber optic,99.16571428571429,0
71,97.2,6910.3,Male,0,Yes,Yes,Yes,Yes,Fiber optic,95.97638888888889,0
63,63.55,4014.2,Female,0,Yes,Yes,Yes,No,DSL,62.721875,0
51,24.95,1288.0,Female,0,No,No,Yes,Yes,No,24.76923076923077,0
26,89.15,2277.65,Female,1,No,No,Yes,Yes,Fiber optic,84.35740740740741,1
64,99.0,6375.8,Female,0,Yes,No,Yes,No,Fiber optic,98.08923076923077,0
1,24.8,24.8,Female,1,Yes,No,No,No phone service,DSL,12.4,1
61,85.55,5251.75,Male,1,Yes,No,Yes,Yes,Fiber optic,84.70564516129032,0
15,94.0,1505.45,Female,0,No,No,Yes,No,Fiber optic,94.090625,0
64,105.65,6903.1,Male,0,No,No,Yes,Yes,Fiber optic,106.20153846153846,1
18,50.3,913.3,Female,0,No,No,Yes,Yes,DSL,48.06842105263158,0
57,95.0,5535.8,Female,0,Yes,Yes,Yes,No,Fiber optic,95.4448275862069,0
14,61.4,815.55,Male,0,Yes,Yes,Yes,No,DSL,54.37,0
18,80.55,1411.65,Male,1,No,No,Yes,Yes,Fiber optic,74.29736842105264,0
72,78.5,5602.25,Female,1,Yes,No,Yes,Yes,Fiber optic,76.7431506849315,0
70,114.3,8244.3,Male,0,Yes,No,Yes,Yes,Fiber optic,116.11690140845069,0
38,20.05,741.5,Female,0,No,No,Yes,No,No,19.012820512820515,0
68,62.65,4375.8,Male,0,Yes,Yes,Yes,No,DSL,63.41739130434783,0
13,80.85,1008.7,Male,0,No,No,Yes,No,Fiber optic,72.05,1
65,92.7,5968.4,Male,1,Yes,No,Yes,Yes,Fiber optic,90.43030303030302,0
30,100.45,3096.9,Female,0,No,No,Yes,Yes,Fiber optic,99.9,0
51,75.2,3901.25,Male,0,Yes,No,Yes,Yes,DSL,75.02403846153847,0
31,84.75,2613.4,Female,0,No,No,Yes,Yes,Fiber optic,81.66875,0
9,89.45,853.1,Female,0,Yes,No,Yes,No,Fiber optic,85.31,1
72,79.5,5661.7,Female,0,Yes,Yes,Yes,Yes,DSL,77.55753424657534,0
10,72.15,794.25,Male,0,No,No,Yes,Yes,DSL,72.20454545454545,1
37,19.8,695.05,Female,0,No,No,Yes,No,No,18.29078947368421,0
2,76.4,160.8,Female,0,No,No,Yes,No,DSL,53.6,1
55,100.9,5552.05,Male,0,No,No,Yes,No,Fiber optic,99.14375,0
33,95.3,3275.15,Male,0,No,Yes,Yes,Yes,Fiber optic,96.32794117647059,0
46,90.95,4236.6,Female,0,Yes,Yes,Yes,No,Fiber optic,90.1404255319149,0
1,54.5,54.5,Female,0,No,Yes,Yes,No,DSL,27.25,0
20,61.6,1174.35,Female,1,No,No,Yes,Yes,DSL,55.921428571428564,1
9,79.9,741.7,Male,0,Yes,No,Yes,No,Fiber optic,74.17,1
32,96.15,3019.25,Male,1,No,No,Yes,Yes,Fiber optic,91.49242424242425,1
19,49.6,962.9,Female,0,Yes,Yes,Yes,No,DSL,48.144999999999996,0
70,65.3,4759.75,Female,0,Yes,No,Yes,Yes,DSL,67.03873239436619,1
61,25.0,1498.35,Female,0,No,Yes,Yes,Yes,No,24.166935483870965,0
26,45.45,1233.15,Male,0,No,No,Yes,No,DSL,45.672222222222224,0
45,107.75,4882.8,Male,0,Yes,No,Yes,Yes,Fiber optic,106.14782608695653,0
62,89.1,5411.65,Male,0,Yes,Yes,Yes,Yes,Fiber optic,85.89920634920634,0
1,19.65,19.65,Male,0,No,No,Yes,No,No,9.825,1
3,44.75,148.05,Female,0,No,No,Yes,No,DSL,37.0125,0
41,101.6,3930.55,Female,0,Yes,Yes,Yes,Yes,Fiber optic,93.58452380952382,0
67,103.15,6895.5,Male,0,Yes,Yes,Yes,No,Fiber optic,101.40441176470588,0
1,84.65,84.65,Male,0,No,No,Yes,Yes,Fiber optic,42.325,1
71,95.65,6856.95,Female,0,Yes,No,Yes,Yes,Fiber optic,95.23541666666667,0
37,75.1,2658.8,Female,0,Yes,Yes,Yes,No,DSL,69.96842105263158,0
60,61.35,3766.2,Male,0,Yes,No,Yes,No,DSL,61.74098360655737,0
1,69.55,69.55,Female,1,Yes,No,Yes,No,Fiber optic,34.775,1
6,19.7,129.55,Female,0,No,No,Yes,No,No,18.50714285714286,0
13,31.05,347.25,Female,0,No,No,No,No phone service,DSL,24.803571428571427,1
11,51.0,581.7,Female,0,Yes,Yes,Yes,No,DSL,48.475,0
7,51.0,354.05,Male,0,No,No,Yes,No,DSL,44.25625,1
10,88.85,929.45,Female,0,Yes,Yes,Yes,No,Fiber optic,84.49545454545455,0
34,20.05,679.0,Male,0,Yes,No,Yes,No,No,19.4,0
62,65.1,3846.75,Female,0,No,No,Yes,No,DSL,61.05952380952381,0
64,70.15,4480.7,Male,0,Yes,No,Yes,Yes,DSL,68.93384615384615,0
1,44.35,44.35,Female,0,Yes,Yes,Yes,No,DSL,22.175,1
25,20.75,499.4,Male,0,No,No,Yes,No,No,19.207692307692305,0
26,56.05,1553.2,Female,0,No,No,Yes,No,DSL,57.525925925925925,0
10,19.95,219.5,Male,0,No,Yes,Yes,No,No,19.954545454545453,0
53,98.6,5311.85,Female,0,No,No,Yes,Yes,Fiber optic,98.3675925925926,0
7,79.7,586.05,Female,0,No,No,Yes,No,Fiber optic,73.25625,1
33,79.0,2576.8,Male,0,No,No,Yes,No,Fiber optic,75.78823529411765,0
71,89.45,6435.25,Female,1,Yes,No,Yes,No,Fiber optic,89.37847222222223,0
29,74.2,1993.25,Female,0,No,No,Yes,Yes,Fiber optic,66.44166666666666,0
24,81.0,1923.85,Male,0,Yes,Yes,Yes,Yes,DSL,76.954,0
20,49.6,939.8,Male,0,Yes,Yes,Yes,No,DSL,44.75238095238095,0
1,84.6,84.6,Female,0,No,No,Yes,Yes,Fiber optic,42.3,0
54,55.0,3092.65,Male,0,No,Yes,Yes,Yes,DSL,56.230000000000004,1
5,84.85,415.55,Female,1,No,No,Yes,No,Fiber optic,69.25833333333334,1
72,84.2,5986.55,Female,0,Yes,Yes,Yes,Yes,DSL,82.00753424657535,0
52,106.3,5487.0,Male,0,Yes,No,Yes,No,Fiber optic,103.52830188679245,0
9,69.05,651.5,Female,0,No,No,Yes,No,Fiber optic,65.15,0
1,45.4,45.4,Female,0,No,No,Yes,No,DSL,22.7,0
1,73.65,73.65,Male,1,No,No,Yes,Yes,Fiber optic,36.825,1
33,73.9,2405.05,Male,0,Yes,Yes,Yes,No,DSL,70.73676470588236,1
55,77.75,4458.15,Female,0,Yes,No,Yes,Yes,Fiber optic,79.60982142857142,1
69,99.35,6856.45,Male,0,Yes,Yes,Yes,Yes,Fiber optic,97.94928571428571,0
1,50.75,50.75,Male,0,No,No,Yes,No,DSL,25.375,0
54,87.1,4735.2,Male,0,No,No,Yes,Yes,DSL,86.09454545454545,0
33,20.15,682.15,Male,0,No,Yes,Yes,No,No,20.063235294117646,0
45,98.7,4525.8,Male,1,Yes,No,Yes,Yes,Fiber optic,98.38695652173914,0
11,25.2,321.05,Female,0,No,Yes,No,No phone service,DSL,26.754166666666666,0
6,55.7,335.65,Male,0,No,No,Yes,No,DSL,47.949999999999996,0
21,65.35,1424.4,Male,0,No,No,Yes,No,DSL,64.74545454545455,0
65,25.3,1748.55,Female,0,Yes,Yes,Yes,Yes,No,26.493181818181817,0
6,84.35,474.9,Female,1,Yes,No,Yes,Yes,Fiber optic,67.84285714285714,1
8,84.95,668.4,Female,0,No,No,Yes,No,Fiber optic,74.26666666666667,1
11,73.85,926.25,Male,0,No,No,Yes,No,Fiber optic,77.1875,1
43,24.25,1077.95,Male,0,Yes,Yes,Yes,Yes,No,24.498863636363637,0
49,51.8,2541.25,Male,0,Yes,Yes,No,No phone service,DSL,50.825,1
1,46.0,46.0,Female,1,Yes,No,Yes,No,DSL,23.0,1
15,79.4,1156.1,Male,1,No,No,Yes,No,Fiber optic,72.25625,1
60,60.5,3694.45,Male,0,Yes,Yes,Yes,No,DSL,60.56475409836065,0
17,25.1,382.8,Male,0,No,No,No,No phone service,DSL,21.266666666666666,0
16,71.8,1167.8,Male,1,Yes,No,Yes,No,Fiber optic,68.69411764705882,1
35,20.05,746.75,Male,0,Yes,Yes,Yes,No,No,20.743055555555557,0
44,88.4,3912.9,Male,1,Yes,No,Yes,Yes,Fiber optic,86.95333333333333,1
12,30.25,368.85,Female,0,Yes,Yes,No,No phone service,DSL,28.373076923076926,0
1,20.2,20.2,Male,0,No,No,Yes,No,No,10.1,0
28,59.9,1654.7,Female,0,No,No,Yes,No,DSL,57.05862068965517,0
70,25.15,1940.85,Male,0,Yes,No,Yes,Yes,No,27.335915492957746,0
5,46.0,221.7,Female,0,No,Yes,Yes,No,DSL,36.949999999999996,1
18,101.3,1794.65,Male,0,No,No,Yes,No,Fiber optic,94.45526315789475,0
70,76.95,5289.8,Male,0,Yes,No,Yes,Yes,DSL,74.50422535211268,0
9,55.3,501.2,Female,0,Yes,Yes,Yes,Yes,DSL,50.12,0
67,92.45,6140.85,Female,1,No,No,Yes,No,Fiber optic,90.30661764705883,0
1,48.45,48.45,Female,0,No,No,Yes,No,DSL,24.225,0
18,19.35,309.25,Female,0,Yes,Yes,Yes,No,No,16.276315789473685,0
4,51.75,201.1,Male,0,No,No,Yes,Yes,DSL,40.22,1
71,86.7,6179.35,Male,1,Yes,Yes,Yes,No,Fiber optic,85.82430555555555,0
30,94.4,2838.7,Male,0,Yes,Yes,Yes,Yes,Fiber optic,91.57096774193548,1
1,55.7,55.7,Male,0,Yes,No,Yes,No,DSL,27.85,0
55,84.25,4589.85,Female,0,No,No,Yes,Yes,Fiber optic,81.96160714285715,0
59,64.65,3735.45,Male,0,No,No,Yes,No,DSL,62.2575,0
1,70.15,70.15,Female,0,No,No,Yes,No,Fiber optic,35.075,1
7,69.2,477.55,Female,0,Yes,No,Yes,No,Fiber optic,59.69375,0
45,54.65,2553.7,Male,0,Yes,Yes,Yes,No,DSL,55.51521739130435,0
54,24.75,1342.15,Female,0,Yes,Yes,Yes,Yes,No,24.402727272727276,0
51,23.95,1216.35,Male,0,Yes,Yes,Yes,Yes,No,23.39134615384615,0
72,105.0,7578.05,Female,1,Yes,No,Yes,Yes,Fiber optic,103.80890410958904,0
44,59.85,2603.95,Male,0,Yes,No,Yes,No,DSL,57.86555555555555,0
2,20.05,42.7,Male,0,No,No,Yes,No,No,14.233333333333334,0
66,92.15,6056.9,Female,0,No,No,Yes,Yes,Fiber optic,90.40149253731343,0
68,44.8,2983.65,Male,0,Yes,Yes,No,No phone service,DSL,43.24130434782609,0
31,20.9,689.35,Female,0,No,No,Yes,No,No,21.5421875,0
21,95.4,2025.1,Female,1,No,No,Yes,Yes,Fiber optic,92.05,0
21,80.35,1747.2,Male,0,No,Yes,Yes,Yes,Fiber optic,79.41818181818182,0
55,85.1,4657.95,Female,0,Yes,Yes,Yes,Yes,DSL,83.17767857142857,0
9,34.7,296.1,Male,0,No,No,No,No phone service,DSL,29.610000000000003,1
71,115.05,8016.6,Male,1,Yes,No,Yes,Yes,Fiber optic,111.34166666666667,0
1,81.1,81.1,Female,0,No,No,Yes,No,Fiber optic,40.55,1
22,19.95,433.5,Male,0,Yes,Yes,Yes,No,No,18.847826086956523,0
1,20.55,20.55,Female,0,Yes,Yes,Yes,No,No,10.275,1
61,106.6,6428.4,Female,0,No,No,Yes,Yes,Fiber optic,103.68387096774192,1
67,86.15,5883.85,Female,0,Yes,No,Yes,Yes,DSL,86.52720588235294,0
14,78.85,1043.8,Female,1,No,No,Yes,No,Fiber optic,69.58666666666666,0
59,106.75,6252.9,Male,0,Yes,No,Yes,Yes,Fiber optic,104.21499999999999,1
21,86.55,1857.25,Male,1,Yes,No,Yes,No,Fiber optic,84.42045454545455,0
4,42.4,146.4,Male,0,No,No,No,No phone service,DSL,29.28,0
3,89.45,240.45,Female,0,No,No,Yes,No,Fiber optic,60.1125,1
70,24.25,1724.15,Male,0,Yes,No,Yes,Yes,No,24.28380281690141,0
3,97.9,315.3,Female,0,No,No,Yes,No,Fiber optic,78.825,1
21,20.5,429.55,Male,1,No,No,Yes,No,No,19.525000000000002,0
20,19.6,356.15,Male,0,No,No,Yes,No,No,16.95952380952381,0
22,20.25,488.25,Male,0,Yes,Yes,Yes,No,No,21.22826086956522,0
1,55.7,55.7,Male,0,No,No,Yes,No,DSL,27.85,1
63,20.6,1298.7,Female,0,No,No,Yes,No,No,20.2921875,0
70,19.8,1378.75,Female,0,Yes,Yes,Yes,No,No,19.419014084507044,0
13,79.8,973.45,Male,0,No,No,Yes,No,Fiber optic,69.53214285714286,1
5,80.2,384.25,Female,0,No,No,Yes,No,Fiber optic,64.04166666666667,0
72,116.4,8543.25,Female,0,Yes,Yes,Yes,Yes,Fiber optic,117.03082191780823,0
13,31.65,389.95,Female,0,No,No,No,No phone service,DSL,27.853571428571428,0
61,94.15,5731.85,Male,0,Yes,No,Yes,No,Fiber optic,92.4491935483871,0
1,20.65,20.65,Male,0,No,No,Yes,No,No,10.325,0
56,76.85,4275.75,Female,1,Yes,No,Yes,Yes,Fiber optic,75.01315789473684,0
4,20.15,84.5,Female,0,No,No,Yes,No,No,16.9,0
35,55.25,1924.1,Male,0,No,No,Yes,Yes,DSL,53.44722222222222,0
18,39.05,669.85,Female,0,Yes,No,No,No phone service,DSL,35.25526315789474,1
72,82.15,5784.3,Male,0,Yes,No,Yes,Yes,DSL,79.23698630136987,0
49,103.0,5166.2,Female,1,No,No,Yes,Yes,Fiber optic,103.324,0
44,95.1,4060.55,Female,0,Yes,No,Yes,Yes,Fiber optic,90.23444444444445,0
3,83.9,267.4,Female,1,Yes,No,Yes,No,Fiber optic,66.85,1
37,95.15,3532.85,Female,0,Yes,Yes,Yes,Yes,Fiber optic,92.96973684210526,0
61,79.8,4914.8,Male,0,Yes,No,Yes,Yes,DSL,79.2709677419355,0
70,74.8,5315.8,Male,0,Yes,No,Yes,Yes,DSL,74.87042253521128,0
1,69.85,69.85,Female,1,No,No,Yes,No,Fiber optic,34.925,1
41,20.45,775.6,Female,0,No,No,Yes,No,No,18.46666666666667,0
70,78.35,5445.95,Male,0,Yes,Yes,Yes,Yes,DSL,76.70352112676056,0
1,53.55,53.55,Female,0,No,No,Yes,No,DSL,26.775,1
51,19.1,1007.8,Male,0,No,No,Yes,No,No,19.38076923076923,0
42,20.0,833.55,Female,0,Yes,Yes,Yes,No,No,19.384883720930233,0
70,93.9,6579.05,Female,0,Yes,Yes,Yes,Yes,Fiber optic,92.66267605633803,1
48,19.95,1004.5,Male,0,No,No,Yes,No,No,20.5,0
68,113.15,7856.0,Male,0,Yes,Yes,Yes,Yes,Fiber optic,113.85507246376811,1
48,24.0,1183.05,Female,0,No,No,Yes,Yes,No,24.143877551020406,0
26,84.95,2169.75,Female,1,Yes,No,Yes,No,Fiber optic,80.36111111111111,1
11,80.5,896.9,Male,0,Yes,No,Yes,Yes,Fiber optic,74.74166666666666,1
1,19.3,19.3,Male,0,No,No,Yes,No,No,9.65,1
27,19.15,501.35,Female,0,No,No,Yes,No,No,17.905357142857145,0
46,91.3,4126.35,Female,1,No,No,Yes,No,Fiber optic,87.79468085106383,0
1,49.65,49.65,Male,0,No,No,Yes,No,DSL,24.825,1
46,54.35,2460.15,Female,0,No,No,Yes,No,DSL,52.3436170212766,1
25,19.15,477.6,Male,0,Yes,Yes,Yes,No,No,18.36923076923077,0
4,88.45,370.65,Male,0,No,No,Yes,No,Fiber optic,74.13,1
13,19.75,265.75,Male,0,No,No,Yes,No,No,18.982142857142858,0
31,75.5,2424.45,Male,0,Yes,No,Yes,No,DSL,75.7640625,0
23,83.75,1849.95,Female,0,Yes,Yes,Yes,Yes,Fiber optic,77.08125,0
2,19.4,61.05,Female,0,No,No,Yes,No,No,20.349999999999998,0
65,26.5,1698.55,Female,0,No,No,Yes,Yes,No,25.73560606060606,0
22,90.5,1910.6,Male,1,No,No,Yes,Yes,Fiber optic,83.0695652173913,1
55,19.15,998.1,Female,0,Yes,Yes,Yes,No,No,17.823214285714286,0
9,94.85,890.6,Male,0,Yes,No,Yes,No,Fiber optic,89.06,1
7,69.95,529.5,Male,0,Yes,Yes,Yes,No,Fiber optic,66.1875,1
35,40.9,1383.6,Female,0,Yes,Yes,No,No phone service,DSL,38.43333333333333,0
6,80.25,493.4,Male,0,No,No,Yes,No,DSL,70.48571428571428,0
1,48.6,48.6,Female,0,No,No,Yes,No,DSL,24.3,1
17,70.8,1207.0,Male,0,No,No,Yes,No,Fiber optic,67.05555555555556,0
10,60.2,563.5,Male,0,Yes,Yes,Yes,No,DSL,51.22727272727273,0
15,55.2,864.55,Male,0,No,Yes,Yes,No,DSL,54.034375,0
40,55.8,2109.35,Female,1,No,No,No,No phone service,DSL,51.447560975609754,1
13,54.15,701.05,Female,0,Yes,Yes,Yes,No,DSL,50.074999999999996,0
29,80.15,2265.25,Male,0,Yes,No,Yes,Yes,Fiber optic,75.50833333333334,1
3,75.5,220.6,Female,0,No,No,Yes,Yes,Fiber optic,55.15,1
58,100.4,5749.8,Female,1,Yes,No,Yes,Yes,Fiber optic,97.4542372881356,0
45,62.55,2796.45,Female,0,No,No,Yes,No,DSL,60.792391304347824,0
72,70.45,5165.7,Female,0,Yes,Yes,Yes,Yes,DSL,70.76301369863013,0
68,85.5,5696.6,Male,0,Yes,Yes,Yes,Yes,Fiber optic,82.55942028985508,0
1,20.2,20.2,Male,0,No,No,Yes,No,No,10.1,1
38,54.5,2076.05,Female,0,Yes,Yes,Yes,No,DSL,53.23205128205129,0
2,20.75,44.2,Male,0,No,No,Yes,No,No,14.733333333333334,0
11,20.35,215.25,Male,0,No,No,Yes,No,No,17.9375,0
20,91.0,1859.5,Female,1,Yes,No,Yes,No,Fiber optic,88.54761904761905,0
72,104.8,7470.1,Male,0,Yes,No,Yes,Yes,Fiber optic,102.33013698630137,0
3,74.75,229.5,Female,0,Yes,No,Yes,Yes,Fiber optic,57.375,1
23,104.05,2470.1,Male,0,No,No,Yes,Yes,Fiber optic,102.92083333333333,1
40,51.1,2092.9,Male,0,No,No,Yes,No,DSL,51.046341463414635,0
62,89.8,5629.55,Male,1,Yes,No,Yes,Yes,Fiber optic,89.35793650793651,0
22,20.55,469.85,Female,0,No,Yes,Yes,No,No,20.428260869565218,0
11,64.05,733.95,Female,0,No,No,Yes,No,DSL,61.1625,0
7,74.85,485.25,Male,1,Yes,No,Yes,Yes,Fiber optic,60.65625,0
13,96.65,1244.5,Female,0,No,No,Yes,Yes,Fiber optic,88.89285714285714,1
1,20.05,20.05,Male,1,No,No,Yes,No,No,10.025,1
39,103.45,3994.45,Female,0,No,No,Yes,Yes,Fiber optic,99.86125,1
3,25.0,78.25,Male,0,Yes,No,No,No phone service,DSL,19.5625,0
58,20.3,1131.5,Male,0,No,No,Yes,No,No,19.177966101694917,0
6,26.35,184.05,Male,0,No,Yes,Yes,Yes,No,26.292857142857144,0
1,19.9,19.9,Female,0,Yes,Yes,Yes,No,No,9.95,1
22,54.7,1178.75,Female,0,Yes,No,Yes,No,DSL,51.25,0
14,46.35,667.7,Male,0,Yes,No,No,No phone service,DSL,44.513333333333335,1
64,90.25,5629.15,Male,0,Yes,Yes,Yes,Yes,Fiber optic,86.60230769230769,0
1,19.95,19.95,Male,0,No,No,Yes,No,No,9.975,1
6,20.65,109.3,Male,0,No,No,Yes,No,No,15.614285714285714,0
1,79.6,79.6,Male,0,No,No,Yes,No,Fiber optic,39.8,1
39,25.45,958.45,Male,0,No,Yes,Yes,Yes,No,23.96125,0
20,19.5,403.15,Female,0,No,No,Yes,No,No,19.197619047619046,0
1,75.9,75.9,Male,0,No,No,Yes,No,Fiber optic,37.95,1
1,76.2,76.2,Male,0,Yes,No,Yes,No,Fiber optic,38.1,1
64,66.15,4392.5,Male,0,Yes,No,Yes,Yes,DSL,67.57692307692308,0
1,19.25,19.25,Male,0,No,Yes,Yes,No,No,9.625,1
46,69.1,3168.0,Female,0,Yes,No,Yes,No,DSL,67.40425531914893,0
28,39.1,1096.6,Female,1,Yes,Yes,No,No phone service,DSL,37.813793103448276,0
33,20.05,669.45,Female,0,Yes,No,Yes,No,No,19.689705882352943,0
39,59.8,2343.85,Male,0,Yes,Yes,Yes,No,DSL,58.59625,0
42,84.3,3588.4,Female,0,Yes,No,Yes,Yes,Fiber optic,83.45116279069768,1
1,48.6,48.6,Female,0,No,No,Yes,No,DSL,24.3,0
7,79.0,522.95,Female,0,No,No,Yes,No,Fiber optic,65.36875,1
70,105.35,7511.9,Male,1,Yes,No,Yes,No,Fiber optic,105.80140845070422,0
65,25.1,1725.0,Male,0,No,No,Yes,Yes,No,26.136363636363637,0
1,49.75,49.75,Male,0,No,No,Yes,No,DSL,24.875,0
18,94.75,1691.9,Male,0,Yes,No,Yes,Yes,Fiber optic,89.04736842105264,0
24,93.0,2248.05,Male,0,Yes,No,Yes,Yes,Fiber optic,89.92200000000001,0
63,71.9,4479.2,Male,0,No,No,Yes,Yes,DSL,69.9875,0
44,77.55,3471.1,Female,0,No,Yes,Yes,Yes,DSL,77.13555555555556,0
4,19.85,63.0,Male,0,No,No,Yes,No,No,12.6,0
1,70.25,70.25,Female,0,No,No,Yes,No,Fiber optic,35.125,1
37,95.25,3314.15,Female,0,Yes,Yes,Yes,Yes,Fiber optic,87.21447368421053,0
10,84.6,865.55,Female,1,No,No,Yes,No,Fiber optic,78.68636363636364,1
34,25.05,852.7,Male,0,No,No,No,No phone service,DSL,24.362857142857145,0
35,53.15,1930.9,Male,0,Yes,No,No,No phone service,DSL,53.63611111111111,0
4,20.15,91.4,Female,0,Yes,No,Yes,No,No,18.28,0
39,101.25,3949.15,Female,1,Yes,No,Yes,Yes,Fiber optic,98.72875,0
43,100.55,4304.0,Male,1,Yes,No,Yes,No,Fiber optic,97.81818181818181,0
17,24.1,409.9,Female,0,Yes,Yes,Yes,Yes,No,22.772222222222222,1
61,25.3,1554.9,Female,0,Yes,No,Yes,Yes,No,25.07903225806452,0
49,71.8,3472.05,Female,0,Yes,No,Yes,Yes,DSL,69.441,0
4,19.7,117.8,Male,0,No,No,Yes,No,No,23.56,0
64,49.85,3210.35,Female,0,Yes,Yes,No,No phone service,DSL,49.39,0
3,69.6,207.4,Male,0,No,No,Yes,No,Fiber optic,51.85,0
1,19.75,19.75,Male,0,Yes,Yes,Yes,No,No,9.875,0
40,80.8,3132.75,Male,0,Yes,No,Yes,No,Fiber optic,76.40853658536585,0
1,60.0,60.0,Female,0,No,Yes,Yes,No,DSL,30.0,1
8,86.55,649.65,Male,0,No,No,Yes,Yes,Fiber optic,72.18333333333334,1
1,20.85,20.85,Female,1,Yes,No,Yes,No,No,10.425,1
34,64.2,2106.3,Female,1,Yes,No,Yes,No,DSL,60.18000000000001,0
1,35.0,35.0,Female,0,Yes,No,No,No phone service,DSL,17.5,0
39,50.75,2011.4,Female,0,No,No,No,No phone service,DSL,50.285000000000004,1
58,105.5,6205.5,Female,1,Yes,No,Yes,No,Fiber optic,105.17796610169492,1
45,19.2,903.7,Male,0,Yes,Yes,Yes,No,No,19.645652173913046,0
6,85.15,503.6,Male,1,No,No,Yes,No,Fiber optic,71.94285714285715,1
43,90.65,3882.3,Male,0,No,No,Yes,No,Fiber optic,88.23409090909091,0
41,20.0,879.8,Male,0,Yes,Yes,Yes,No,No,20.947619047619046,0
5,74.65,383.65,Male,0,No,No,Yes,No,Fiber optic,63.94166666666666,0
72,61.2,4390.25,Male,0,No,No,No,No phone service,DSL,60.14041095890411,0
4,19.95,68.2,Male,0,No,No,Yes,No,No,13.64,0
9,54.8,452.8,Male,0,Yes,Yes,Yes,No,DSL,45.28,0
72,73.45,5329.0,Male,1,Yes,No,Yes,Yes,DSL,73.0,0
33,51.45,1758.9,Female,0,Yes,No,Yes,No,DSL,51.73235294117647,0
72,80.45,5737.6,Female,0,Yes,No,Yes,Yes,Fiber optic,78.59726027397261,0
22,54.2,1152.7,Male,0,Yes,No,Yes,No,DSL,50.11739130434783,1
70,109.5,7674.55,Female,0,Yes,No,Yes,Yes,Fiber optic,108.09225352112676,1
21,104.4,2157.95,Male,0,Yes,Yes,Yes,Yes,Fiber optic,98.08863636363635,1
15,85.3,1219.85,Male,0,No,No,Yes,No,Fiber optic,76.240625,0
29,79.3,2414.55,Male,1,Yes,No,Yes,Yes,Fiber optic,80.485,0
15,76.5,1155.6,Female,0,Yes,Yes,Yes,No,DSL,72.225,0
71,105.1,7548.1,Male,1,Yes,Yes,Yes,Yes,Fiber optic,104.83472222222223,1
72,25.4,1809.35,Male,1,No,No,Yes,Yes,No,24.785616438356165,0
19,86.85,1564.4,Female,0,Yes,No,Yes,Yes,Fiber optic,78.22,0
1,19.65,19.65,Male,0,No,No,Yes,No,No,9.825,0
1,75.7,75.7,Female,0,No,No,Yes,No,Fiber optic,37.85,1
2,45.55,84.4,Female,0,No,No,Yes,No,DSL,28.133333333333336,0
11,78.1,864.85,Female,1,Yes,Yes,Yes,Yes,Fiber optic,72.07083333333334,0
12,19.3,228.75,Female,0,No,No,Yes,No,No,17.596153846153847,0
70,110.5,7752.05,Female,0,Yes,No,Yes,Yes,Fiber optic,109.1838028169014,0
20,90.8,1951.0,Female,1,Yes,No,Yes,Yes,Fiber optic,92.9047619047619,1
23,20.3,470.6,Female,0,No,No,Yes,No,No,19.608333333333334,0
49,81.35,4060.9,Male,1,No,No,Yes,Yes,DSL,81.218,0
4,97.95,384.5,Female,0,Yes,Yes,Yes,Yes,Fiber optic,76.9,1
32,108.15,3432.9,Male,0,No,No,Yes,Yes,Fiber optic,104.02727272727273,1
2,55.3,108.65,Male,0,No,Yes,Yes,No,DSL,36.21666666666667,0
69,56.55,3952.65,Male,1,Yes,No,No,No phone service,DSL,56.46642857142857,0
6,80.5,463.05,Male,0,No,No,Yes,No,Fiber optic,66.15,1
24,19.7,494.05,Female,0,Yes,Yes,Yes,No,No,19.762,0
32,104.05,3416.85,Female,0,No,No,Yes,Yes,Fiber optic,103.54090909090908,0
27,52.85,1498.65,Female,0,No,No,Yes,No,DSL,53.52321428571429,0
27,104.3,2867.75,Female,1,Yes,No,Yes,Yes,Fiber optic,102.41964285714286,1
58,80.65,4807.35,Male,0,No,No,Yes,Yes,Fiber optic,81.48050847457628,0
1,71.35,71.35,Male,0,No,No,Yes,No,Fiber optic,35.675,1
18,24.65,471.35,Female,0,Yes,Yes,Yes,Yes,No,24.807894736842105,0
47,21.3,1041.8,Female,0,Yes,Yes,Yes,No,No,21.704166666666666,0
70,110.2,7689.8,Female,0,Yes,Yes,Yes,Yes,Fiber optic,108.30704225352113,0
13,89.4,1132.35,Female,0,No,No,Yes,Yes,Fiber optic,80.88214285714285,1
36,51.05,1815.0,Female,0,Yes,Yes,Yes,No,DSL,49.054054054054056,0
67,19.8,1311.3,Male,0,No,No,Yes,No,No,19.283823529411762,0
10,19.9,199.45,Female,0,No,No,Yes,No,No,18.13181818181818,0
19,87.3,1637.3,Male,1,No,No,Yes,No,Fiber optic,81.865,0
71,19.85,1326.35,Female,0,Yes,Yes,Yes,No,No,18.421527777777776,0
72,89.4,6376.55,Male,0,Yes,Yes,Yes,Yes,DSL,87.35000000000001,0
48,20.0,935.9,Female,0,Yes,Yes,Yes,No,No,19.099999999999998,0
1,20.05,20.05,Male,0,No,No,Yes,No,No,10.025,0
18,83.25,1611.15,Male,0,Yes,Yes,Yes,No,DSL,84.79736842105264,0
1,20.6,20.6,Male,0,No,No,Yes,No,No,10.3,1
67,102.9,6989.7,Male,1,Yes,No,Yes,Yes,Fiber optic,102.78970588235293,0
69,39.1,2779.5,Male,0,Yes,Yes,No,No phone service,DSL,39.707142857142856,0
19,99.95,1931.75,Male,0,No,No,Yes,Yes,Fiber optic,96.5875,1
72,114.5,8331.95,Male,1,Yes,No,Yes,Yes,Fiber optic,114.13630136986302,0
38,20.2,735.9,Female,1,No,No,Yes,No,No,18.869230769230768,0
40,55.8,2283.3,Male,1,Yes,No,Yes,No,DSL,55.69024390243903,0
61,24.2,1445.2,Female,0,Yes,Yes,Yes,Yes,No,23.309677419354838,0
10,81.0,818.05,Female,0,No,No,Yes,Yes,Fiber optic,74.36818181818181,1
32,72.8,2333.05,Male,0,Yes,No,Yes,Yes,DSL,70.69848484848485,0
21,99.85,1992.55,Female,0,No,No,Yes,Yes,Fiber optic,90.57045454545454,0
59,99.5,5890.0,Female,1,No,No,Yes,Yes,Fiber optic,98.16666666666667,0
13,70.15,916.75,Female,1,Yes,No,Yes,No,Fiber optic,65.48214285714286,1
47,20.25,1029.8,Female,0,No,No,Yes,No,No,21.454166666666666,0
69,26.0,1796.55,Male,0,Yes,Yes,Yes,Yes,No,25.665,0
2,19.9,33.7,Male,0,No,No,Yes,No,No,11.233333333333334,0
22,19.05,454.05,Female,0,Yes,Yes,Yes,No,No,19.741304347826087,0
15,96.5,1392.25,Male,1,Yes,No,Yes,Yes,Fiber optic,87.015625,0
53,19.85,1049.6,Female,0,No,No,Yes,No,No,19.437037037037037,0
28,25.7,734.6,Female,1,Yes,No,Yes,Yes,No,25.33103448275862,0
22,20.3,475.1,Male,0,No,No,Yes,No,No,20.656521739130437,0
1,70.15,70.15,Female,0,No,No,Yes,No,Fiber optic,35.075,1
16,91.55,1540.05,Male,1,Yes,No,Yes,No,Fiber optic,90.59117647058824,0
48,39.4,1978.65,Female,0,Yes,Yes,No,No phone service,DSL,40.38061224489796,0
30,105.7,3181.8,Male,1,Yes,No,Yes,Yes,Fiber optic,102.63870967741936,0
3,70.25,229.7,Female,0,No,No,Yes,No,Fiber optic,57.425,0
57,93.75,5625.55,Male,1,No,No,Yes,Yes,Fiber optic,96.99224137931034,0
68,96.55,6581.9,Female,1,Yes,No,Yes,Yes,Fiber optic,95.38985507246376,1
23,60.0,1347.15,Female,0,Yes,No,Yes,No,DSL,56.13125,0
65,59.8,3808.2,Female,0,Yes,No,Yes,No,DSL,57.699999999999996,0
44,90.65,3974.15,Male,0,Yes,No,Yes,No,Fiber optic,88.31444444444445,0
71,109.0,7661.8,Female,0,Yes,Yes,Yes,Yes,Fiber optic,106.41388888888889,0
37,68.1,2479.25,Female,0,Yes,No,Yes,Yes,DSL,65.24342105263158,0
12,20.4,266.6,Female,0,No,No,Yes,No,No,20.50769230769231,0
69,81.95,5601.4,Male,0,Yes,Yes,Yes,Yes,DSL,80.02,0
35,60.55,1982.6,Female,0,No,No,Yes,No,DSL,55.07222222222222,0
5,65.6,339.9,Male,0,No,No,Yes,No,DSL,56.65,0
58,82.5,4828.05,Male,0,Yes,Yes,Yes,Yes,Fiber optic,81.8313559322034,0
72,82.3,5980.55,Male,0,Yes,No,Yes,Yes,DSL,81.92534246575343,0
72,68.15,4808.7,Male,0,Yes,No,Yes,Yes,DSL,65.87260273972602,0
1,20.3,20.3,Female,0,No,No,Yes,No,No,10.15,0
39,95.55,3692.85,Female,0,No,No,Yes,No,Fiber optic,92.32124999999999,1
53,20.2,1068.15,Male,0,Yes,Yes,Yes,No,No,19.78055555555556,0
27,89.2,2383.6,Female,0,No,No,Yes,No,Fiber optic,85.12857142857142,0
1,69.65,69.65,Female,1,No,No,Yes,No,Fiber optic,34.825,1
1,89.3,89.3,Female,1,No,No,Yes,No,Fiber optic,44.65,1
18,74.8,1438.05,Female,0,Yes,No,Yes,No,Fiber optic,75.68684210526315,0
46,20.2,917.45,Male,0,Yes,Yes,Yes,No,No,19.52021276595745,0
72,84.4,6096.45,Female,0,Yes,No,Yes,Yes,DSL,83.51301369863013,0
36,87.55,3078.1,Female,0,No,No,Yes,No,Fiber optic,83.19189189189188,1
4,25.15,99.95,Female,0,Yes,No,No,No phone service,DSL,19.990000000000002,0
25,19.8,475.2,Female,0,No,No,Yes,No,No,18.276923076923076,0
40,50.85,2036.55,Female,0,Yes,Yes,No,No phone service,DSL,49.671951219512195,0
63,102.4,6444.05,Male,0,Yes,No,Yes,Yes,Fiber optic,100.68828125,0
15,96.3,1426.75,Female,1,No,No,Yes,No,Fiber optic,89.171875,1
14,55.5,767.55,Male,0,No,No,Yes,Yes,DSL,51.169999999999995,0
72,109.75,7932.5,Male,1,Yes,No,Yes,Yes,Fiber optic,108.66438356164383,0
39,106.4,4040.65,Male,0,No,No,Yes,Yes,Fiber optic,101.01625,0
47,60.0,2768.65,Female,0,Yes,Yes,No,No phone service,DSL,57.68020833333333,0
19,88.8,1672.35,Male,0,Yes,No,Yes,Yes,Fiber optic,83.61749999999999,0
5,85.2,474.8,Female,0,No,No,Yes,Yes,Fiber optic,79.13333333333334,1
13,35.1,446.1,Female,0,No,No,No,No phone service,DSL,31.864285714285717,1
17,80.05,1345.65,Female,0,No,No,Yes,Yes,Fiber optic,74.75833333333334,0
34,75.55,2425.4,Male,1,Yes,No,Yes,Yes,Fiber optic,69.29714285714286,0
42,49.55,2077.95,Female,0,No,No,Yes,No,DSL,48.32441860465116,0
5,81.3,416.3,Male,0,Yes,No,Yes,Yes,Fiber optic,69.38333333333334,1
71,23.9,1663.5,Female,0,Yes,Yes,Yes,Yes,No,23.104166666666668,0
19,66.4,1286.05,Male,1,Yes,No,Yes,No,DSL,64.3025,0
2,19.6,35.85,Female,0,No,Yes,Yes,No,No,11.950000000000001,1
57,18.8,1094.35,Male,0,No,No,Yes,No,No,18.86810344827586,0
72,108.4,7719.5,Male,0,Yes,No,Yes,Yes,Fiber optic,105.74657534246575,0
6,85.95,514.6,Female,0,No,No,Yes,No,Fiber optic,73.51428571428572,0
17,85.45,1451.6,Female,0,Yes,Yes,Yes,Yes,Fiber optic,80.64444444444445,1
61,80.9,4932.5,Male,0,Yes,No,Yes,Yes,DSL,79.55645161290323,0
1,71.0,71.0,Male,0,Yes,Yes,Yes,No,Fiber optic,35.5,1
48,111.8,5443.65,Male,0,Yes,Yes,Yes,Yes,Fiber optic,111.09489795918367,0
16,20.6,330.25,Male,0,No,No,Yes,No,No,19.426470588235293,0
9,85.05,746.5,Male,1,No,No,Yes,Yes,Fiber optic,74.65,1
3,44.6,122.7,Female,0,No,No,Yes,No,DSL,30.675,0
1,44.4,44.4,Male,0,No,Yes,Yes,No,DSL,22.2,1
65,105.1,6631.85,Male,0,No,No,Yes,Yes,Fiber optic,100.48257575757576,0
70,115.15,8250.0,Female,0,Yes,Yes,Yes,Yes,Fiber optic,116.19718309859155,0
60,59.8,3561.15,Male,0,Yes,No,Yes,No,DSL,58.37950819672131,0
69,26.3,1763.55,Female,0,Yes,No,Yes,Yes,No,25.193571428571428,0
35,70.55,2419.0,Female,1,No,No,Yes,No,Fiber optic,67.19444444444444,0
22,20.05,470.2,Female,0,No,No,Yes,No,No,20.443478260869565,0
66,79.85,5234.95,Male,0,Yes,Yes,Yes,Yes,DSL,78.13358208955223,0
1,70.3,70.3,Male,1,Yes,No,Yes,No,Fiber optic,35.15,1
1,79.35,79.35,Female,0,Yes,No,Yes,No,Fiber optic,39.675,1
34,90.05,3097.0,Male,0,Yes,Yes,Yes,Yes,Fiber optic,88.48571428571428,0
72,24.45,1709.1,Female,0,Yes,Yes,Yes,Yes,No,23.412328767123288,0
31,59.95,1848.8,Male,0,Yes,Yes,No,No phone service,DSL,57.775,0
30,25.35,723.3,Male,0,No,Yes,Yes,Yes,No,23.33225806451613,0
9,90.8,809.75,Female,0,No,No,Yes,No,Fiber optic,80.975,1
20,70.45,1470.95,Male,0,Yes,Yes,Yes,No,Fiber optic,70.04523809523809,1
19,34.3,577.15,Male,1,Yes,No,No,No phone service,DSL,28.857499999999998,0
65,105.05,6914.95,Female,0,Yes,No,Yes,Yes,Fiber optic,104.77196969696969,0
30,19.3,602.9,Female,0,Yes,Yes,Yes,No,No,19.448387096774194,0
6,19.15,124.4,Male,0,No,No,Yes,No,No,17.771428571428572,0
2,51.4,96.8,Female,0,No,No,No,No phone service,DSL,32.266666666666666,0
53,71.85,3827.9,Male,0,Yes,Yes,Yes,Yes,DSL,70.88703703703703,0
7,75.4,533.05,Male,1,Yes,No,Yes,Yes,Fiber optic,66.63125,0
61,49.7,2961.4,Female,0,Yes,Yes,Yes,No,DSL,47.76451612903226,0
70,45.25,3264.45,Male,1,No,No,No,No phone service,DSL,45.97816901408451,1
13,78.75,995.35,Female,0,No,No,Yes,Yes,DSL,71.09642857142858,0
35,81.6,2815.25,Male,1,Yes,No,Yes,Yes,Fiber optic,78.20138888888889,0
2,70.4,154.8,Female,0,Yes,No,Yes,No,Fiber optic,51.6,0
3,75.8,246.3,Female,0,No,No,Yes,Yes,Fiber optic,61.575,1
3,76.1,257.6,Female,0,No,No,Yes,Yes,Fiber optic,64.4,0
62,94.0,5757.2,Female,0,No,No,Yes,Yes,Fiber optic,91.38412698412698,0
72,103.95,7517.7,Male,0,Yes,Yes,Yes,Yes,Fiber optic,102.98219178082192,0
63,19.95,1234.8,Male,0,Yes,No,Yes,No,No,19.29375,0
20,71.3,1389.2,Male,1,No,No,Yes,No,Fiber optic,66.15238095238095,1
35,110.8,3836.3,Female,1,No,No,Yes,Yes,Fiber optic,106.5638888888889,0
21,69.1,1474.75,Male,1,Yes,No,Yes,No,Fiber optic,67.0340909090909,1
62,96.1,6001.45,Male,0,Yes,No,Yes,Yes,Fiber optic,95.2611111111111,0
15,48.8,720.1,Female,0,No,No,Yes,Yes,DSL,45.00625,0
55,50.55,2832.75,Female,0,No,No,Yes,No,DSL,50.58482142857143,0
11,44.65,472.25,Female,0,No,No,Yes,No,DSL,39.354166666666664,0
17,88.25,1460.65,Female,0,Yes,Yes,Yes,Yes,Fiber optic,81.14722222222223,1
61,19.45,1336.35,Female,0,No,No,Yes,No,No,21.554032258064513,0
71,89.3,6388.65,Female,0,Yes,No,Yes,Yes,DSL,88.73124999999999,0
2,70.0,153.05,Female,0,No,No,Yes,No,Fiber optic,51.01666666666667,1
35,19.25,677.9,Male,0,No,No,Yes,No,No,18.830555555555556,0
17,70.5,1165.6,Female,0,No,No,Yes,No,Fiber optic,64.75555555555555,0
21,97.35,2119.5,Female,0,No,No,Yes,Yes,Fiber optic,96.3409090909091,1
47,19.65,921.55,Female,0,Yes,No,Yes,No,No,19.198958333333334,0
3,20.85,72.0,Female,0,Yes,No,Yes,No,No,18.0,0
3,19.65,68.35,Male,0,No,No,Yes,No,No,17.0875,0
44,19.35,847.25,Male,1,Yes,No,Yes,No,No,18.82777777777778,0
1,44.0,44.0,Female,0,No,No,Yes,No,DSL,22.0,0
44,94.4,4295.35,Female,0,Yes,Yes,Yes,Yes,Fiber optic,95.45222222222223,0
5,25.9,135.0,Male,0,Yes,Yes,Yes,Yes,No,22.5,1
24,55.65,1400.55,Male,0,No,No,Yes,Yes,DSL,56.022,1
1,69.65,69.65,Female,0,No,Yes,Yes,No,Fiber optic,34.825,1
18,75.4,1380.4,Female,0,No,No,Yes,No,Fiber optic,72.65263157894738,0
10,100.6,1060.2,Female,0,No,No,Yes,Yes,Fiber optic,96.38181818181819,1
65,71.0,4386.2,Female,0,Yes,No,Yes,No,DSL,66.45757575757575,0
1,86.0,86.0,Female,1,No,No,Yes,No,Fiber optic,43.0,1
53,106.95,5785.5,Female,0,No,No,Yes,Yes,Fiber optic,107.13888888888889,1
3,21.2,52.05,Male,0,No,No,Yes,No,No,13.0125,0
33,61.05,2018.4,Male,0,Yes,No,Yes,No,DSL,59.36470588235294,0
3,29.6,79.45,Male,0,No,No,No,No phone service,DSL,19.8625,1
34,79.95,2727.3,Female,0,No,No,Yes,No,DSL,77.92285714285715,0
14,19.7,263.65,Female,0,Yes,Yes,Yes,No,No,17.576666666666664,0
13,20.3,275.4,Female,0,No,No,Yes,No,No,19.67142857142857,0
46,59.9,2816.65,Male,1,Yes,No,No,No phone service,DSL,59.92872340425532,1
23,24.35,538.5,Male,0,Yes,Yes,Yes,Yes,No,22.4375,0
47,19.75,948.9,Female,0,Yes,Yes,Yes,No,No,19.76875,0
17,50.3,846.8,Male,0,No,Yes,Yes,No,DSL,47.044444444444444,0
49,95.6,4783.5,Female,0,Yes,Yes,Yes,Yes,Fiber optic,95.67,1
59,50.25,2997.45,Male,1,Yes,No,No,No phone service,DSL,49.957499999999996,0
69,85.35,5897.4,Female,0,No,No,Yes,Yes,DSL,84.24857142857142,0
11,41.6,470.6,Male,0,No,No,No,No phone service,DSL,39.21666666666667,1
10,51.65,524.5,Male,0,No,No,Yes,No,DSL,47.68181818181818,0
12,24.0,269.65,Male,0,Yes,Yes,Yes,Yes,No,20.74230769230769,0
45,100.85,4740.0,Male,0,No,No,Yes,Yes,Fiber optic,103.04347826086956,1
39,59.85,2341.5,Female,0,Yes,Yes,Yes,No,DSL,58.5375,0
71,25.45,1789.65,Male,1,Yes,No,Yes,Yes,No,24.856250000000003,0
71,23.9,1626.4,Male,0,Yes,Yes,Yes,Yes,No,22.58888888888889,0
33,24.15,800.3,Female,0,Yes,Yes,Yes,Yes,No,23.538235294117644,0
67,75.7,5060.85,Male,1,No,No,Yes,Yes,Fiber optic,74.42426470588236,0
37,40.2,1448.8,Male,0,Yes,Yes,No,No phone service,DSL,38.126315789473686,1
49,84.5,4254.85,Male,0,Yes,Yes,Yes,Yes,Fiber optic,85.09700000000001,1
9,50.85,466.6,Female,0,Yes,No,Yes,No,DSL,46.660000000000004,0
52,91.6,4627.8,Male,0,Yes,No,Yes,Yes,Fiber optic,87.31698113207547,0
70,98.9,6838.6,Female,0,No,No,Yes,Yes,Fiber optic,96.31830985915494,0
1,85.0,85.0,Male,0,No,No,Yes,No,Fiber optic,42.5,0
14,78.95,1101.85,Female,1,No,No,Yes,Yes,Fiber optic,73.45666666666666,1
1,44.3,44.3,Male,0,No,No,Yes,No,DSL,22.15,0
1,20.2,20.2,Male,0,No,No,Yes,No,No,10.1,1
52,80.2,4297.6,Female,0,No,No,Yes,Yes,Fiber optic,81.0867924528302,0
6,60.9,414.1,Male,0,No,No,Yes,No,DSL,59.15714285714286,0
7,34.2,256.6,Male,0,Yes,No,No,No phone service,DSL,32.075,0
47,85.2,3969.35,Female,1,No,No,Yes,Yes,Fiber optic,82.69479166666666,1
26,87.15,2274.1,Female,0,No,No,Yes,No,Fiber optic,84.22592592592592,0
25,54.3,1296.8,Male,0,Yes,Yes,Yes,No,DSL,49.87692307692308,0
69,19.1,1268.85,Male,0,No,No,Yes,No,No,18.12642857142857,0
72,112.75,8192.6,Female,0,No,No,Yes,Yes,Fiber optic,112.22739726027397,0
4,19.95,59.25,Male,0,No,No,Yes,No,No,11.85,0
59,19.5,1147.85,Male,0,Yes,Yes,Yes,No,No,19.13083333333333,0
67,65.55,4361.55,Male,0,No,No,Yes,No,DSL,64.14044117647059,0
26,78.8,2006.1,Female,1,No,No,Yes,No,Fiber optic,74.3,0
27,78.2,2078.95,Female,0,No,No,Yes,No,DSL,74.24821428571428,0
72,105.25,7609.75,Male,0,Yes,Yes,Yes,Yes,Fiber optic,104.2431506849315,0
6,89.25,487.05,Female,0,No,No,Yes,No,Fiber optic,69.57857142857144,0
62,20.65,1218.45,Male,0,Yes,Yes,Yes,No,No,19.340476190476192,0
20,68.7,1416.2,Male,0,No,No,Yes,Yes,DSL,67.43809523809524,0
6,78.65,483.3,Male,0,No,No,Yes,No,DSL,69.04285714285714,0
51,24.75,1234.6,Male,0,No,No,Yes,Yes,No,23.74230769230769,0
61,19.75,1311.6,Female,0,Yes,Yes,Yes,No,No,21.154838709677417,0
62,89.1,5618.3,Male,1,Yes,No,Yes,Yes,Fiber optic,89.17936507936508,0
72,84.7,6185.15,Female,0,No,No,Yes,Yes,Fiber optic,84.72808219178081,0
13,98.0,1237.85,Male,1,Yes,No,Yes,No,Fiber optic,88.41785714285713,1
5,94.45,498.1,Male,0,Yes,No,Yes,No,Fiber optic,83.01666666666667,1
3,105.0,294.45,Male,1,No,No,Yes,Yes,Fiber optic,73.6125,1
26,93.85,2381.55,Female,1,Yes,No,Yes,Yes,Fiber optic,88.20555555555556,1
13,59.9,788.35,Male,1,No,No,Yes,No,DSL,56.31071428571429,0
38,19.95,756.4,Female,0,Yes,Yes,Yes,No,No,19.394871794871793,0
8,84.0,613.4,Female,1,Yes,No,Yes,Yes,Fiber optic,68.15555555555555,1
34,108.9,3625.2,Male,1,Yes,Yes,Yes,Yes,Fiber optic,103.57714285714285,0
18,33.6,550.35,Male,0,No,No,No,No phone service,DSL,28.96578947368421,0
56,85.85,4793.8,Male,0,Yes,Yes,Yes,No,Fiber optic,84.10175438596491,0
36,34.85,1267.2,Female,0,No,No,No,No phone service,DSL,34.24864864864865,0
9,48.75,442.2,Female,0,Yes,No,No,No phone service,DSL,44.22,1
1,84.85,84.85,Male,0,No,No,Yes,No,Fiber optic,42.425,1
12,56.65,654.85,Male,0,No,No,Yes,No,DSL,50.37307692307692,1
57,95.3,5567.45,Female,1,Yes,Yes,Yes,No,Fiber optic,95.99051724137931,0
42,73.9,3160.55,Female,0,No,No,Yes,No,DSL,73.50116279069768,1
33,24.5,740.3,Female,0,Yes,Yes,Yes,Yes,No,21.773529411764706,1
70,84.6,5706.2,Male,0,Yes,No,Yes,No,Fiber optic,80.36901408450704,0
68,44.95,3085.35,Female,0,No,No,No,No phone service,DSL,44.71521739130435,0
1,24.7,24.7,Male,0,No,Yes,No,No phone service,DSL,12.35,0
37,100.3,3541.4,Female,0,No,No,Yes,Yes,Fiber optic,93.19473684210527,0
4,25.45,84.2,Female,0,No,Yes,Yes,Yes,No,16.84,0
1,50.7,50.7,Male,0,No,No,Yes,No,DSL,25.35,0
20,55.0,1165.55,Male,0,No,No,No,No phone service,DSL,55.50238095238095,0
72,68.4,4855.35,Male,0,Yes,Yes,Yes,No,DSL,66.51164383561644,0
31,89.9,2806.9,Female,0,No,No,Yes,Yes,Fiber optic,87.715625,1
18,78.55,1422.65,Male,1,Yes,No,Yes,No,Fiber optic,74.8763157894737,1
11,55.05,608.15,Male,0,Yes,No,Yes,No,DSL,50.67916666666667,0
33,19.8,641.35,Female,0,Yes,Yes,Yes,No,No,18.863235294117647,0
62,84.45,4959.15,Female,1,No,No,Yes,Yes,Fiber optic,78.71666666666665,0
1,35.9,35.9,Female,0,No,No,No,No phone service,DSL,17.95,0
16,80.75,1321.3,Male,0,Yes,No,Yes,No,Fiber optic,77.7235294117647,0
22,78.65,1663.75,Male,0,Yes,Yes,Yes,Yes,DSL,72.33695652173913,0
49,61.75,3024.15,Female,0,Yes,Yes,Yes,No,DSL,60.483000000000004,0
36,63.7,2188.5,Male,0,Yes,Yes,Yes,No,DSL,59.148648648648646,0
42,99.45,4138.05,Male,0,Yes,No,Yes,Yes,Fiber optic,96.23372093023256,1
4,25.2,102.5,Male,1,No,No,No,No phone service,DSL,20.5,1
12,74.05,872.65,Female,0,No,No,Yes,Yes,DSL,67.12692307692308,1
31,87.6,2724.25,Female,0,No,No,Yes,No,Fiber optic,85.1328125,0
5,89.15,413.25,Male,0,Yes,No,Yes,Yes,Fiber optic,68.875,0
66,20.0,1374.2,Male,0,Yes,Yes,Yes,No,No,20.51044776119403,0
15,55.0,757.1,Female,1,No,No,Yes,Yes,DSL,47.31875,1
64,104.4,6692.65,Male,0,No,No,Yes,Yes,Fiber optic,102.96384615384615,0
10,20.05,218.5,Male,0,Yes,Yes,Yes,No,No,19.863636363636363,0
7,89.75,608.8,Male,0,Yes,Yes,Yes,No,Fiber optic,76.1,1
29,34.3,1004.75,Male,0,No,No,No,No phone service,DSL,33.49166666666667,0
57,20.65,1125.6,Male,0,No,No,Yes,No,No,19.406896551724138,0
46,84.25,3847.6,Female,0,No,No,Yes,Yes,Fiber optic,81.86382978723404,0
53,19.65,978.0,Male,0,No,No,Yes,No,No,18.11111111111111,0
17,79.85,1387.35,Female,0,No,No,Yes,No,DSL,77.07499999999999,0
38,20.2,746.05,Female,0,Yes,Yes,Yes,No,No,19.129487179487178,0
15,19.8,304.6,Male,0,No,No,Yes,No,No,19.0375,0
22,50.35,1098.85,Female,0,No,No,No,No phone service,DSL,47.77608695652174,0
14,85.15,1139.2,Male,0,Yes,No,Yes,Yes,Fiber optic,75.94666666666667,1
57,74.6,4368.95,Female,0,Yes,No,Yes,Yes,DSL,75.32672413793104,0
11,79.15,827.7,Male,1,No,No,Yes,No,Fiber optic,68.97500000000001,0
1,20.35,20.35,Female,0,Yes,Yes,Yes,No,No,10.175,0
12,21.05,262.05,Male,0,Yes,Yes,Yes,No,No,20.157692307692308,0
3,94.6,279.55,Male,1,Yes,No,Yes,Yes,Fiber optic,69.8875,1
36,94.7,3512.5,Male,0,No,Yes,Yes,No,Fiber optic,94.93243243243244,0
16,94.25,1483.25,Male,0,No,No,Yes,No,Fiber optic,87.25,1
65,72.45,4653.85,Male,0,Yes,Yes,Yes,Yes,DSL,70.51287878787879,1
2,74.95,151.75,Male,0,No,No,Yes,No,Fiber optic,50.583333333333336,0
42,105.2,4400.75,Female,0,No,No,Yes,Yes,Fiber optic,102.34302325581395,1
72,111.95,8033.1,Male,0,Yes,Yes,Yes,No,Fiber optic,110.04246575342466,0
62,19.85,1253.65,Male,0,No,No,Yes,No,No,19.899206349206352,0
6,89.75,552.65,Female,0,No,No,Yes,Yes,Fiber optic,78.95,0
48,20.05,1036.0,Male,0,Yes,No,Yes,No,No,21.142857142857142,0
35,108.95,4025.5,Male,0,No,No,Yes,Yes,Fiber optic,111.81944444444444,0
52,19.65,928.4,Male,0,No,Yes,Yes,No,No,17.516981132075472,0
1,24.9,24.9,Female,0,No,No,No,No phone service,DSL,12.45,0
6,82.85,460.25,Male,0,Yes,No,Yes,Yes,Fiber optic,65.75,1
71,93.2,6506.15,Female,0,Yes,No,Yes,Yes,DSL,90.36319444444445,0
67,84.8,5598.3,Female,0,Yes,Yes,Yes,No,Fiber optic,82.32794117647059,0
60,71.75,4374.55,Male,1,No,No,Yes,Yes,DSL,71.71393442622951,0
23,30.35,678.75,Male,0,Yes,Yes,No,No phone service,DSL,28.28125,0
39,54.85,2191.7,Male,0,No,Yes,No,No phone service,DSL,54.7925,0
15,19.5,239.75,Male,0,Yes,Yes,Yes,No,No,14.984375,0
53,103.85,5485.5,Male,1,Yes,No,Yes,Yes,Fiber optic,101.58333333333333,1
24,24.2,609.05,Male,0,Yes,Yes,Yes,Yes,No,24.362,0
37,19.35,683.75,Female,0,Yes,Yes,Yes,No,No,17.99342105263158,0
5,83.6,404.2,Female,0,Yes,Yes,Yes,No,Fiber optic,67.36666666666666,1
50,100.65,5189.75,Female,1,Yes,No,Yes,Yes,Fiber optic,101.75980392156863,0
54,94.1,5060.9,Female,0,No,No,Yes,No,Fiber optic,92.01636363636364,0
3,74.55,233.65,Female,0,No,No,Yes,No,Fiber optic,58.4125,0
68,108.45,7176.55,Male,0,No,No,Yes,Yes,Fiber optic,104.00797101449275,1
5,56.15,291.45,Male,0,No,No,Yes,No,DSL,48.574999999999996,0
33,20.35,689.75,Male,0,No,No,Yes,No,No,20.28676470588235,0
41,80.55,3263.9,Female,0,No,No,Yes,Yes,DSL,77.71190476190476,0
34,61.25,1993.2,Female,0,Yes,Yes,No,No phone service,DSL,56.94857142857143,0
13,20.45,254.5,Female,0,Yes,Yes,Yes,No,No,18.178571428571427,0
20,18.9,347.65,Female,0,No,No,Yes,No,No,16.554761904761904,0
51,19.6,967.9,Female,1,No,No,Yes,No,No,18.61346153846154,0
3,91.5,242.95,Female,0,Yes,No,Yes,Yes,Fiber optic,60.7375,1
41,45.2,1841.9,Female,0,No,Yes,Yes,No,DSL,43.85476190476191,0
13,19.45,232.1,Female,0,No,No,Yes,No,No,16.57857142857143,0
35,25.45,809.25,Male,0,Yes,Yes,Yes,Yes,No,22.479166666666668,0
12,80.85,866.45,Male,0,Yes,No,Yes,No,Fiber optic,66.65,1
4,94.9,360.55,Male,0,No,No,Yes,No,Fiber optic,72.11,0
43,49.05,2076.2,Female,0,No,No,No,No phone service,DSL,47.18636363636363,1
12,29.3,355.9,Female,1,Yes,Yes,No,No phone service,DSL,27.376923076923074,0
68,105.3,7299.65,Male,1,Yes,No,Yes,Yes,Fiber optic,105.79202898550724,1
25,88.95,2291.2,Male,1,No,No,Yes,Yes,Fiber optic,88.12307692307692,1
7,20.25,129.15,Female,0,No,No,Yes,No,No,16.14375,0
66,110.85,7491.75,Male,1,Yes,No,Yes,Yes,Fiber optic,111.81716417910448,1
53,110.5,5835.5,Female,0,Yes,No,Yes,No,Fiber optic,108.06481481481481,0
63,109.4,7031.45,Male,1,No,No,Yes,Yes,Fiber optic,109.86640625,0
70,114.2,7723.9,Female,0,Yes,Yes,Yes,Yes,Fiber optic,108.78732394366196,1
27,36.5,1032.0,Male,1,Yes,No,No,No phone service,DSL,36.857142857142854,1
1,70.75,70.75,Female,0,No,No,Yes,No,Fiber optic,35.375,1
5,19.95,109.6,Female,0,No,No,Yes,No,No,18.266666666666666,0
37,19.6,727.8,Female,1,Yes,No,Yes,No,No,19.152631578947368,0
3,40.15,130.75,Male,0,No,No,No,No phone service,DSL,32.6875,1
12,76.6,893.0,Female,0,No,Yes,Yes,Yes,Fiber optic,68.6923076923077,0
38,19.6,763.1,Female,0,Yes,Yes,Yes,No,No,19.566666666666666,0
9,85.3,781.4,Female,0,No,No,Yes,No,Fiber optic,78.14,0
13,65.85,902.25,Male,0,Yes,No,Yes,Yes,DSL,64.44642857142857,0
29,94.45,2653.65,Male,1,Yes,No,Yes,Yes,Fiber optic,88.455,1
47,20.05,1016.7,Female,0,Yes,Yes,Yes,No,No,21.181250000000002,0
61,99.4,5943.65,Male,0,Yes,No,Yes,Yes,Fiber optic,95.86532258064516,0
16,20.0,275.7,Male,0,No,No,Yes,No,No,16.21764705882353,0
41,78.45,3126.45,Female,0,Yes,Yes,Yes,No,DSL,74.43928571428572,0
43,25.1,1070.15,Female,0,No,Yes,Yes,Yes,No,24.32159090909091,0
36,97.35,3457.9,Female,0,Yes,Yes,Yes,Yes,Fiber optic,93.45675675675676,1
6,55.0,340.4,Female,0,No,No,Yes,No,DSL,48.628571428571426,0
58,71.1,4299.2,Female,0,No,No,Yes,Yes,DSL,72.86779661016949,0
19,61.55,1093.2,Male,0,No,No,Yes,No,DSL,54.660000000000004,0
11,45.9,521.9,Male,0,Yes,No,Yes,No,DSL,43.49166666666667,0
39,40.3,1630.4,Female,0,No,No,No,No phone service,DSL,40.760000000000005,0
8,87.1,713.6,Female,1,No,No,Yes,No,Fiber optic,79.28888888888889,0
26,49.5,1265.65,Female,0,No,Yes,Yes,Yes,DSL,46.87592592592593,0
53,73.8,4003.85,Female,1,No,No,Yes,No,Fiber optic,74.14537037037037,0
70,19.2,1401.4,Female,0,Yes,Yes,Yes,No,No,19.738028169014086,0
1,45.3,45.3,Male,0,No,No,No,No phone service,DSL,22.65,1
59,25.0,1510.5,Male,0,No,No,Yes,Yes,No,25.175,0
2,94.95,178.1,Male,0,No,No,Yes,No,Fiber optic,59.36666666666667,1
7,35.3,264.8,Male,0,No,No,No,No phone service,DSL,33.1,0
12,44.55,480.6,Female,0,No,Yes,Yes,No,DSL,36.96923076923077,1
59,76.75,4541.9,Male,0,Yes,Yes,Yes,No,DSL,75.69833333333332,0
61,81.0,4976.15,Male,0,Yes,Yes,Yes,Yes,DSL,80.26048387096773,0
72,105.55,7542.25,Male,0,Yes,Yes,Yes,Yes,Fiber optic,103.31849315068493,0
13,18.8,251.25,Female,0,Yes,Yes,Yes,No,No,17.946428571428573,0
64,24.9,1595.5,Female,0,Yes,Yes,Yes,Yes,No,24.546153846153846,0
1,23.45,23.45,Male,0,Yes,No,No,No phone service,DSL,11.725,1
10,64.9,685.55,Female,0,No,No,Yes,No,DSL,62.32272727272727,0
65,61.35,3874.1,Female,0,Yes,Yes,Yes,No,DSL,58.698484848484846,0
62,113.95,6891.4,Female,0,Yes,No,Yes,Yes,Fiber optic,109.38730158730158,0
55,90.15,4916.95,Female,0,Yes,No,Yes,Yes,DSL,87.80267857142857,0
25,54.1,1373.0,Female,0,Yes,No,Yes,Yes,DSL,52.80769230769231,0
1,29.7,29.7,Male,0,No,No,No,No phone service,DSL,14.85,1
1,49.8,49.8,Male,0,No,No,Yes,No,DSL,24.9,0
59,101.1,6039.9,Female,0,Yes,No,Yes,Yes,Fiber optic,100.66499999999999,1
64,24.4,1548.65,Male,1,Yes,Yes,Yes,Yes,No,23.825384615384618,0
36,95.0,3440.25,Male,0,Yes,No,Yes,Yes,Fiber optic,92.97972972972973,0
3,50.65,151.3,Female,0,No,No,Yes,Yes,DSL,37.825,1
61,69.9,4226.7,Male,0,Yes,No,Yes,Yes,DSL,68.17258064516129,0
26,39.95,1023.75,Male,0,No,Yes,No,No phone service,DSL,37.916666666666664,0
1,55.4,55.4,Female,0,No,No,Yes,No,DSL,27.7,1
1,90.6,90.6,Female,1,Yes,No,Yes,Yes,Fiber optic,45.3,1
68,103.25,7074.4,Male,0,Yes,Yes,Yes,No,Fiber optic,102.52753623188406,0
2,86.85,156.35,Male,1,Yes,No,Yes,Yes,Fiber optic,52.11666666666667,1
72,94.25,6849.75,Female,0,Yes,No,Yes,Yes,Fiber optic,93.83219178082192,0
71,47.05,3263.6,Female,0,Yes,No,No,No phone service,DSL,45.327777777777776,0
57,20.55,1252.85,Male,0,No,No,Yes,No,No,21.600862068965515,0
4,19.65,67.55,Male,0,No,No,Yes,No,No,13.51,0
1,70.2,70.2,Female,1,No,No,Yes,No,Fiber optic,35.1,0
72,81.0,5750.0,Male,0,Yes,Yes,Yes,Yes,DSL,78.76712328767124,0
21,75.9,1549.75,Male,0,Yes,Yes,Yes,Yes,DSL,70.44318181818181,0
71,24.7,1810.55,Female,0,Yes,Yes,Yes,Yes,No,25.146527777777777,0
29,99.05,2952.85,Female,1,Yes,No,Yes,Yes,Fiber optic,98.42833333333333,1
69,110.25,7467.55,Female,1,No,No,Yes,Yes,Fiber optic,106.67928571428571,0
64,85.0,5484.4,Female,0,Yes,No,Yes,Yes,DSL,84.3753846153846,0
16,19.75,294.9,Male,0,No,No,Yes,No,No,17.34705882352941,0
4,23.9,97.5,Female,0,No,No,Yes,Yes,No,19.5,0
52,111.25,5916.45,Female,0,No,No,Yes,Yes,Fiber optic,111.6311320754717,1
2,55.1,113.35,Male,0,No,No,Yes,No,DSL,37.78333333333333,1
1,19.95,19.95,Male,0,No,No,Yes,No,No,9.975,0
18,25.15,476.8,Male,0,No,No,No,No phone service,DSL,25.094736842105263,0
2,54.15,101.65,Female,0,No,No,Yes,Yes,DSL,33.88333333333333,0
19,59.8,1130.85,Female,0,Yes,No,Yes,No,DSL,56.5425,0
40,83.85,3532.25,Female,0,No,No,Yes,Yes,Fiber optic,86.15243902439025,0
66,104.9,6891.45,Female,1,Yes,Yes,Yes,Yes,Fiber optic,102.85746268656716,0
21,75.3,1570.7,Male,0,No,No,Yes,Yes,Fiber optic,71.39545454545454,0
8,66.65,520.95,Male,0,No,No,Yes,No,DSL,57.88333333333334,0
72,109.5,7854.9,Female,0,Yes,Yes,Yes,No,Fiber optic,107.60136986301369,0
48,73.85,3581.4,Female,0,No,No,Yes,Yes,DSL,73.08979591836734,0
69,19.3,1447.9,Male,0,No,No,Yes,No,No,20.684285714285714,0
72,118.2,8547.15,Male,0,No,No,Yes,Yes,Fiber optic,117.08424657534246,0
14,51.45,727.85,Female,0,No,No,Yes,No,DSL,48.52333333333333,0
6,59.45,357.6,Male,0,No,No,Yes,No,DSL,51.08571428571429,0
8,19.5,159.35,Female,0,Yes,Yes,Yes,No,No,17.705555555555556,0
17,19.55,280.85,Female,0,No,No,Yes,No,No,15.60277777777778,0
65,93.55,6069.25,Male,0,No,No,Yes,Yes,Fiber optic,91.95833333333333,0
57,59.3,3274.35,Female,0,Yes,Yes,Yes,No,DSL,56.45431034482758,0
13,102.25,1359.0,Male,0,Yes,No,Yes,Yes,Fiber optic,97.07142857142857,1
19,95.9,1777.9,Male,1,No,No,Yes,No,Fiber optic,88.89500000000001,1
56,109.8,6109.65,Female,0,Yes,No,Yes,Yes,Fiber optic,107.18684210526315,0
14,78.1,1122.4,Female,0,Yes,No,Yes,No,Fiber optic,74.82666666666667,0
52,39.9,2020.9,Male,0,Yes,No,No,No phone service,DSL,38.130188679245286,0
58,64.9,3795.45,Female,0,No,No,Yes,No,DSL,64.32966101694915,0
47,95.05,4504.55,Female,1,No,No,Yes,Yes,Fiber optic,93.84479166666667,1
67,53.4,3579.15,Female,0,No,No,No,No phone service,DSL,52.63455882352941,0
2,24.9,49.7,Male,0,No,No,No,No phone service,DSL,16.566666666666666,0
6,44.7,276.5,Male,1,No,No,Yes,No,DSL,39.5,0
71,114.0,8175.9,Male,0,Yes,Yes,Yes,Yes,Fiber optic,113.55416666666666,0
46,20.25,890.35,Female,0,Yes,Yes,Yes,No,No,18.943617021276598,0
5,53.85,259.8,Female,0,No,No,Yes,No,DSL,43.300000000000004,1
67,83.85,5588.8,Male,1,Yes,No,Yes,Yes,Fiber optic,82.18823529411765,0
3,20.2,50.6,Male,0,No,Yes,Yes,No,No,12.65,0
3,19.95,58.0,Female,0,No,No,Yes,No,No,14.5,0
52,104.2,5568.35,Male,1,Yes,No,Yes,Yes,Fiber optic,105.06320754716982,1
42,50.25,2203.65,Female,0,Yes,No,Yes,Yes,DSL,51.24767441860465,1
50,20.35,938.95,Male,0,Yes,Yes,Yes,No,No,18.41078431372549,0
23,90.0,2024.1,Male,1,Yes,No,Yes,No,Fiber optic,84.33749999999999,0
67,54.2,3623.95,Female,0,Yes,Yes,No,No phone service,DSL,53.29338235294117,0
25,99.5,2369.05,Female,0,No,No,Yes,No,Fiber optic,91.1173076923077,1
39,99.1,3877.95,Female,1,Yes,No,Yes,No,Fiber optic,96.94874999999999,0
69,66.9,4577.9,Female,0,No,No,Yes,Yes,DSL,65.39857142857143,0
1,25.85,25.85,Female,0,No,No,No,No phone service,DSL,12.925,0
32,91.05,2871.5,Male,0,No,No,Yes,No,Fiber optic,87.01515151515152,0
9,71.0,672.55,Female,0,No,No,Yes,No,Fiber optic,67.255,1
16,93.2,1573.7,Female,0,No,No,Yes,No,Fiber optic,92.57058823529412,1
60,20.95,1270.55,Male,0,Yes,Yes,Yes,No,No,20.828688524590163,0
72,109.2,7711.45,Female,0,Yes,Yes,Yes,Yes,Fiber optic,105.636301369863,0
5,19.35,126.05,Male,0,Yes,No,Yes,No,No,21.008333333333333,1
26,85.8,2193.65,Female,1,No,No,Yes,No,Fiber optic,81.2462962962963,0
3,19.85,64.55,Male,0,No,No,Yes,No,No,16.1375,1
2,19.65,31.2,Male,0,No,No,Yes,No,No,10.4,0
2,20.5,38.25,Female,0,No,Yes,Yes,No,No,12.75,0
36,89.65,3348.1,Female,0,No,No,Yes,Yes,DSL,90.48918918918919,0
7,74.35,533.6,Male,0,No,No,Yes,No,Fiber optic,66.7,0
60,49.45,2907.55,Female,1,Yes,No,No,No phone service,DSL,47.66475409836066,0
19,89.1,1620.8,Female,0,Yes,No,Yes,Yes,Fiber optic,81.03999999999999,0
45,75.15,3480.35,Male,1,Yes,No,Yes,Yes,DSL,75.65978260869565,0
4,70.65,293.85,Male,1,No,No,Yes,No,Fiber optic,58.77,0
31,104.2,3243.45,Female,0,Yes,Yes,Yes,Yes,Fiber optic,101.3578125,1
47,90.05,4137.2,Male,0,Yes,Yes,Yes,No,Fiber optic,86.19166666666666,0
1,79.25,79.25,Male,0,No,No,Yes,No,Fiber optic,39.625,1
1,44.9,44.9,Female,0,No,No,Yes,No,DSL,22.45,1
1,19.4,19.4,Female,0,No,No,Yes,No,No,9.7,0
59,88.75,5348.65,Female,1,Yes,Yes,Yes,Yes,Fiber optic,89.14416666666666,0
10,70.1,659.65,Male,0,Yes,No,Yes,No,Fiber optic,59.96818181818182,1
35,91.0,3180.5,Male,1,No,No,Yes,Yes,Fiber optic,88.34722222222223,0
4,29.65,118.5,Male,0,No,No,No,No phone service,DSL,23.7,1
32,90.8,3023.85,Male,0,Yes,Yes,Yes,No,Fiber optic,91.63181818181818,0
43,77.85,3365.85,Male,0,No,No,Yes,Yes,Fiber optic,76.49659090909091,1
4,54.3,195.3,Male,0,No,No,Yes,No,DSL,39.06,1
54,18.95,1031.1,Female,1,Yes,No,Yes,No,No,18.747272727272726,0
11,95.15,997.65,Female,1,No,No,Yes,Yes,Fiber optic,83.1375,1
66,102.4,6471.85,Female,1,No,No,Yes,Yes,Fiber optic,96.594776119403,0
61,99.9,6241.35,Male,0,Yes,Yes,Yes,Yes,Fiber optic,100.66693548387097,0
72,88.7,6501.35,Male,0,Yes,Yes,Yes,Yes,DSL,89.05958904109589,0
44,54.3,2317.1,Male,0,Yes,Yes,No,No phone service,DSL,51.49111111111111,0
41,55.7,2237.55,Male,0,No,No,Yes,Yes,DSL,53.275000000000006,0
50,103.95,5231.3,Male,0,Yes,No,Yes,Yes,Fiber optic,102.57450980392157,0
47,110.85,5275.8,Male,0,Yes,No,Yes,Yes,Fiber optic,109.91250000000001,1
8,20.15,165.5,Male,0,Yes,Yes,Yes,No,No,18.38888888888889,0
18,20.05,358.5,Male,0,No,No,Yes,No,No,18.86842105263158,0
72,91.95,6614.9,Male,0,Yes,Yes,Yes,Yes,DSL,90.61506849315067,0
1,80.5,80.5,Male,0,No,No,Yes,No,Fiber optic,40.25,1
42,55.65,2421.75,Female,1,No,No,Yes,Yes,DSL,56.31976744186046,0
18,74.7,1294.6,Female,1,No,No,Yes,No,Fiber optic,68.13684210526316,0
13,104.15,1299.1,Female,0,No,Yes,Yes,Yes,Fiber optic,92.79285714285713,0
68,83.65,5733.4,Female,0,Yes,Yes,Yes,Yes,Fiber optic,83.0927536231884,0
4,72.2,305.55,Male,0,No,No,Yes,Yes,Fiber optic,61.11,1
69,110.05,7430.75,Male,0,No,No,Yes,Yes,Fiber optic,106.15357142857142,0
17,51.5,900.5,Male,0,No,No,Yes,No,DSL,50.02777777777778,1
25,25.5,630.6,Male,0,Yes,Yes,Yes,Yes,No,24.253846153846155,0
43,89.55,3856.75,Male,1,No,No,Yes,No,Fiber optic,87.6534090909091,1
59,19.5,1222.65,Female,0,Yes,Yes,Yes,No,No,20.3775,0
5,80.7,374.8,Female,1,No,No,Yes,No,Fiber optic,62.46666666666667,0
21,77.5,1625.0,Male,0,Yes,Yes,Yes,Yes,DSL,73.86363636363636,1
69,105.1,7234.8,Female,0,Yes,Yes,Yes,Yes,Fiber optic,103.35428571428572,0
13,25.15,331.85,Male,0,No,No,No,No phone service,DSL,23.70357142857143,0
42,95.25,3959.35,Male,0,Yes,No,Yes,Yes,Fiber optic,92.07790697674419,1
52,95.65,5088.4,Male,0,Yes,No,Yes,Yes,Fiber optic,96.00754716981132,0
46,85.0,3969.4,Male,1,No,No,Yes,No,Fiber optic,84.45531914893617,1
61,80.8,4860.85,Male,0,Yes,No,Yes,Yes,DSL,78.40080645161291,0
29,24.85,788.05,Male,0,No,No,No,No phone service,DSL,26.26833333333333,0
25,54.75,1266.35,Female,0,No,Yes,Yes,No,DSL,48.70576923076923,0
5,85.75,470.95,Female,0,Yes,Yes,Yes,No,Fiber optic,78.49166666666666,1
15,50.75,688.2,Male,0,No,No,No,No phone service,DSL,43.0125,0
19,20.15,387.7,Female,0,Yes,Yes,Yes,No,No,19.384999999999998,0
44,20.05,845.25,Male,0,No,No,Yes,No,No,18.783333333333335,0
6,98.25,560.6,Female,1,No,No,Yes,Yes,Fiber optic,80.08571428571429,1
58,71.6,4230.25,Male,0,Yes,Yes,Yes,Yes,DSL,71.69915254237289,0
62,81.45,4983.05,Male,0,Yes,Yes,Yes,No,Fiber optic,79.09603174603176,0
70,58.4,4113.15,Female,0,Yes,Yes,No,No phone service,DSL,57.93169014084506,0
1,25.7,25.7,Female,1,No,No,No,No phone service,DSL,12.85,1
10,53.7,521.0,Male,0,Yes,Yes,No,No phone service,DSL,47.36363636363637,0
26,19.6,471.85,Male,0,No,No,Yes,No,No,17.475925925925928,0
66,89.4,5976.9,Male,0,No,No,Yes,Yes,Fiber optic,89.20746268656715,0
7,69.0,506.9,Female,0,Yes,Yes,Yes,No,Fiber optic,63.3625,1
51,84.2,4299.75,Male,0,Yes,Yes,Yes,Yes,Fiber optic,82.6875,0
72,106.1,7548.6,Male,0,Yes,Yes,Yes,Yes,Fiber optic,103.4054794520548,0
65,25.75,1654.75,Male,0,No,No,Yes,Yes,No,25.071969696969695,0
2,46.05,80.35,Male,0,No,No,Yes,No,DSL,26.78333333333333,1
70,64.95,4551.5,Male,0,No,Yes,Yes,Yes,DSL,64.1056338028169,0
72,85.45,6227.5,Male,0,Yes,No,Yes,Yes,DSL,85.3082191780822,0
1,20.05,20.05,Female,0,Yes,Yes,Yes,No,No,10.025,0
1,76.4,76.4,Female,1,Yes,No,Yes,No,Fiber optic,38.2,1
5,100.5,514.0,Female,0,No,No,Yes,Yes,Fiber optic,85.66666666666667,1
3,20.7,57.5,Male,0,No,No,Yes,No,No,14.375,0
58,25.3,1474.35,Male,0,No,No,Yes,Yes,No,24.988983050847455,0
22,40.05,880.2,Male,1,Yes,Yes,No,No phone service,DSL,38.2695652173913,1
33,100.6,3270.25,Male,1,Yes,No,Yes,Yes,Fiber optic,96.18382352941177,0
1,69.95,69.95,Male,0,No,No,Yes,No,Fiber optic,34.975,1
54,74.0,3919.15,Male,1,Yes,No,Yes,Yes,Fiber optic,71.25727272727273,0
72,99.4,7285.7,Male,0,Yes,No,Yes,Yes,Fiber optic,99.80410958904109,0
1,93.3,93.3,Male,0,No,Yes,Yes,Yes,Fiber optic,46.65,1
3,49.15,169.05,Male,0,No,No,Yes,No,DSL,42.2625,1
72,107.45,7658.3,Female,0,Yes,Yes,Yes,Yes,Fiber optic,104.90821917808219,0
72,83.6,5959.3,Female,0,Yes,Yes,Yes,Yes,DSL,81.63424657534247,0
54,99.05,5295.7,Male,1,Yes,No,Yes,Yes,Fiber optic,96.28545454545454,0
59,80.1,4693.2,Female,0,Yes,No,Yes,Yes,DSL,78.22,0
54,65.3,3512.9,Male,0,No,No,Yes,No,DSL,63.870909090909095,0
60,89.55,5231.2,Male,0,No,No,Yes,Yes,Fiber optic,85.75737704918032,0
60,60.8,3603.45,Female,0,Yes,No,No,No phone service,DSL,59.07295081967213,0
3,74.5,217.45,Male,0,No,No,Yes,Yes,Fiber optic,54.3625,0
69,99.15,6875.35,Female,0,Yes,No,Yes,Yes,Fiber optic,98.21928571428572,0
1,19.25,19.25,Female,0,Yes,Yes,Yes,No,No,9.625,0
50,39.45,2021.35,Male,0,Yes,Yes,No,No phone service,DSL,39.634313725490195,0
56,44.85,2564.95,Female,0,No,No,No,No phone service,DSL,44.99912280701754,0
60,97.2,5611.75,Female,0,Yes,No,Yes,No,Fiber optic,91.99590163934427,0
69,110.55,7610.1,Male,1,Yes,No,Yes,Yes,Fiber optic,108.71571428571428,0
1,35.05,35.05,Female,0,No,No,No,No phone service,DSL,17.525,1
1,73.0,73.0,Female,1,No,No,Yes,No,Fiber optic,36.5,1
3,19.9,45.75,Female,0,Yes,No,Yes,No,No,11.4375,0
60,76.95,4543.95,Male,0,Yes,Yes,Yes,No,DSL,74.49098360655738,0
13,35.4,450.4,Female,0,No,No,No,No phone service,DSL,32.17142857142857,0
62,20.45,1297.35,Male,0,Yes,Yes,Yes,No,No,20.59285714285714,0
45,96.75,4442.75,Female,0,No,No,Yes,Yes,Fiber optic,96.58152173913044,0
25,54.2,1423.15,Female,0,No,No,No,No phone service,DSL,54.736538461538466,0
44,100.1,4378.35,Male,0,No,No,Yes,No,Fiber optic,97.29666666666668,0
2,45.25,74.2,Female,0,No,No,Yes,No,DSL,24.733333333333334,0
33,83.85,2716.3,Male,1,No,No,Yes,Yes,Fiber optic,79.89117647058823,1
1,70.1,70.1,Female,0,No,No,Yes,No,Fiber optic,35.05,1
22,20.85,450.65,Female,0,No,No,Yes,No,No,19.593478260869563,0
35,33.45,1175.85,Female,0,No,No,No,No phone service,DSL,32.662499999999994,0
29,20.2,558.8,Female,0,Yes,Yes,Yes,No,No,18.626666666666665,0
27,85.9,2220.1,Male,1,Yes,No,Yes,Yes,Fiber optic,79.28928571428571,0
54,61.0,3283.05,Male,0,No,Yes,Yes,No,DSL,59.691818181818185,0
2,70.65,142.35,Female,1,No,No,Yes,No,Fiber optic,47.449999999999996,1
57,86.9,4939.25,Male,0,No,No,Yes,Yes,Fiber optic,85.15948275862068,0
62,69.4,4237.5,Male,0,No,No,Yes,Yes,DSL,67.26190476190476,0
15,20.35,335.95,Female,0,Yes,Yes,Yes,No,No,20.996875,0
2,20.35,33.2,Male,0,No,No,Yes,No,No,11.066666666666668,1
70,104.3,7188.5,Female,0,Yes,No,Yes,Yes,Fiber optic,101.24647887323944,0
21,44.95,926.25,Female,0,Yes,Yes,Yes,No,DSL,42.10227272727273,0
23,49.45,1119.35,Female,0,No,Yes,Yes,No,DSL,46.63958333333333,0
6,20.6,116.6,Male,0,No,No,Yes,No,No,16.657142857142855,0
4,19.55,68.8,Male,0,Yes,Yes,Yes,No,No,13.76,0
3,99.0,287.4,Female,0,No,No,Yes,No,Fiber optic,71.85,1
23,93.5,2341.55,Female,0,No,No,Yes,Yes,Fiber optic,97.56458333333335,0
26,54.55,1362.85,Male,0,No,No,No,No phone service,DSL,50.47592592592592,0
8,20.05,163.6,Female,0,No,Yes,Yes,No,No,18.177777777777777,0
26,83.95,2254.2,Male,0,No,No,Yes,Yes,Fiber optic,83.48888888888888,1
2,79.45,145.15,Male,0,No,No,Yes,Yes,Fiber optic,48.38333333333333,0
67,116.2,7752.3,Male,0,No,No,Yes,Yes,Fiber optic,114.00441176470588,1
71,93.7,6585.35,Female,0,Yes,No,Yes,Yes,Fiber optic,91.46319444444445,1
59,79.85,4786.1,Female,0,No,No,Yes,Yes,DSL,79.76833333333335,0
39,100.0,3835.55,Male,0,Yes,Yes,Yes,Yes,Fiber optic,95.88875,0
21,19.6,397.0,Male,0,No,Yes,Yes,No,No,18.045454545454547,0
1,19.7,19.7,Male,0,No,No,Yes,No,No,9.85,1
48,20.2,1027.25,Female,0,Yes,Yes,Yes,No,No,20.964285714285715,0
31,50.4,1580.1,Female,1,Yes,No,No,No phone service,DSL,49.378125,0
64,113.35,7222.75,Female,0,Yes,Yes,Yes,Yes,Fiber optic,111.11923076923077,0
46,80.0,3769.7,Male,0,Yes,Yes,Yes,Yes,Fiber optic,80.2063829787234,0
52,80.95,4233.95,Female,0,No,No,Yes,Yes,DSL,79.88584905660377,0
67,24.9,1680.25,Female,0,Yes,Yes,Yes,Yes,No,24.709558823529413,0
67,54.9,3725.5,Female,1,No,No,Yes,Yes,DSL,54.786764705882355,0
5,75.55,413.65,Female,0,No,No,Yes,Yes,Fiber optic,68.94166666666666,1
71,109.25,7707.7,Female,0,Yes,No,Yes,Yes,Fiber optic,107.05138888888888,0
9,77.65,714.15,Female,0,No,No,Yes,No,Fiber optic,71.41499999999999,1
26,95.0,2497.2,Female,1,No,No,Yes,Yes,Fiber optic,92.48888888888888,1
71,116.3,8309.55,Male,0,No,No,Yes,Yes,Fiber optic,115.41041666666666,0
32,19.9,601.55,Female,0,No,No,Yes,No,No,18.228787878787877,0
2,70.35,139.25,Female,0,No,No,Yes,No,Fiber optic,46.416666666666664,0
71,25.6,1888.25,Female,0,Yes,No,Yes,Yes,No,26.225694444444443,0
60,44.45,2773.9,Female,0,No,No,No,No phone service,DSL,45.47377049180328,0
55,100.15,5409.75,Female,1,No,No,Yes,Yes,Fiber optic,96.60267857142857,0
54,105.4,5643.4,Male,0,No,No,Yes,No,Fiber optic,102.60727272727271,1
2,95.85,197.7,Male,0,No,No,Yes,No,Fiber optic,65.89999999999999,1
6,73.85,401.3,Female,0,No,No,Yes,Yes,Fiber optic,57.32857142857143,0
48,70.1,3238.4,Female,0,Yes,Yes,Yes,No,DSL,66.08979591836734,0
63,25.25,1573.05,Male,0,Yes,Yes,Yes,Yes,No,24.57890625,0
1,79.15,79.15,Male,0,No,No,Yes,Yes,Fiber optic,39.575,1
12,21.05,235.8,Male,0,No,Yes,Yes,No,No,18.138461538461538,0
54,24.95,1364.75,Male,1,Yes,No,No,No phone service,DSL,24.813636363636363,0
30,64.5,1985.15,Female,0,Yes,Yes,Yes,No,DSL,64.03709677419356,0
30,19.65,655.85,Female,0,Yes,No,Yes,No,No,21.156451612903226,1
4,79.0,303.15,Female,0,No,No,Yes,No,Fiber optic,60.629999999999995,1
40,105.95,4335.2,Female,0,No,No,Yes,Yes,Fiber optic,105.73658536585366,0
9,75.85,647.5,Female,0,Yes,Yes,Yes,No,Fiber optic,64.75,0
17,91.85,1574.45,Female,0,Yes,Yes,Yes,No,Fiber optic,87.46944444444445,1
62,43.6,2748.7,Female,0,No,No,No,No phone service,DSL,43.630158730158726,0
28,91.25,2483.65,Male,0,No,No,Yes,No,Fiber optic,85.64310344827587,0
70,89.75,6367.2,Female,0,No,No,Yes,Yes,DSL,89.67887323943661,0
46,104.4,4904.2,Female,0,No,No,Yes,No,Fiber optic,104.34468085106383,0
23,90.15,2044.95,Female,0,Yes,No,Yes,Yes,Fiber optic,85.20625,0
47,40.3,1794.8,Male,0,Yes,Yes,No,No phone service,DSL,37.391666666666666,0
68,105.25,7173.15,Male,0,Yes,Yes,Yes,No,Fiber optic,103.9586956521739,0
60,106.0,6441.4,Female,1,No,No,Yes,Yes,Fiber optic,105.5967213114754,1
67,104.0,7039.05,Female,0,No,Yes,Yes,Yes,Fiber optic,103.51544117647059,0
14,69.65,921.4,Female,0,No,No,Yes,No,DSL,61.42666666666666,0
57,74.3,4018.35,Male,0,Yes,Yes,Yes,Yes,Fiber optic,69.28189655172413,0
55,100.9,5448.6,Female,0,Yes,Yes,Yes,Yes,Fiber optic,97.29642857142858,0
1,20.25,20.25,Male,0,No,No,Yes,No,No,10.125,0
1,49.9,49.9,Male,0,No,Yes,Yes,No,DSL,24.95,1
23,96.9,2085.45,Male,0,No,No,Yes,Yes,Fiber optic,86.89375,0
13,100.35,1358.85,Female,0,No,No,Yes,Yes,Fiber optic,97.06071428571428,1
47,104.1,5135.15,Male,0,Yes,No,Yes,Yes,Fiber optic,106.98229166666665,0
38,20.1,730.1,Male,0,No,No,Yes,No,No,18.72051282051282,0
38,74.95,2869.85,Female,1,Yes,No,Yes,Yes,Fiber optic,73.58589743589744,1
2,56.55,118.25,Female,1,No,No,Yes,Yes,DSL,39.416666666666664,0
1,49.25,49.25,Male,1,Yes,Yes,Yes,No,DSL,24.625,1
15,68.6,1108.6,Male,0,Yes,No,Yes,No,Fiber optic,69.2875,0
26,69.05,1815.65,Female,0,No,No,Yes,No,Fiber optic,67.2462962962963,0
35,19.7,730.4,Female,0,Yes,Yes,Yes,No,No,20.288888888888888,0
3,20.05,75.45,Male,0,No,Yes,Yes,No,No,18.8625,0
50,103.7,5071.05,Male,0,Yes,Yes,Yes,Yes,Fiber optic,99.43235294117648,1
42,94.4,4014.6,Male,0,Yes,No,Yes,Yes,Fiber optic,93.36279069767441,0
10,54.95,568.85,Male,0,Yes,No,Yes,No,DSL,51.71363636363637,0
61,93.7,5860.7,Female,0,Yes,No,Yes,No,Fiber optic,94.52741935483871,0
68,110.25,7279.35,Female,0,No,No,Yes,Yes,Fiber optic,105.49782608695652,0
10,98.9,1064.95,Male,0,No,No,Yes,No,Fiber optic,96.81363636363636,0
65,89.75,5769.6,Male,0,Yes,No,Yes,Yes,Fiber optic,87.41818181818182,1
72,80.45,5886.85,Female,0,Yes,Yes,Yes,No,DSL,80.64178082191782,0
55,79.4,4238.45,Male,0,Yes,Yes,Yes,No,Fiber optic,75.68660714285714,0
1,20.3,20.3,Female,0,No,No,Yes,No,No,10.15,1
7,62.8,418.3,Female,0,No,No,Yes,No,DSL,52.2875,0
2,74.9,136.05,Female,0,No,No,Yes,Yes,Fiber optic,45.35,0
9,74.85,708.2,Female,0,No,No,Yes,No,Fiber optic,70.82000000000001,0
27,25.85,788.55,Male,0,No,Yes,Yes,Yes,No,28.162499999999998,0
7,101.95,700.85,Male,1,Yes,No,Yes,Yes,Fiber optic,87.60625,1
64,68.3,4378.8,Female,0,Yes,No,Yes,No,DSL,67.36615384615385,0
70,48.4,3442.8,Male,0,No,No,No,No phone service,DSL,48.49014084507043,0
2,94.0,181.7,Male,1,No,No,Yes,Yes,Fiber optic,60.56666666666666,1
67,105.05,7171.7,Male,1,No,No,Yes,No,Fiber optic,105.46617647058824,0
45,89.3,4016.85,Female,0,No,No,Yes,Yes,Fiber optic,87.32282608695652,1
24,25.15,553.0,Female,0,No,No,Yes,Yes,No,22.12,0
4,19.5,96.85,Male,0,Yes,Yes,Yes,No,No,19.369999999999997,0
44,92.95,4122.9,Male,0,Yes,Yes,Yes,No,Fiber optic,91.61999999999999,0
72,20.7,1482.3,Female,0,Yes,Yes,Yes,No,No,20.305479452054794,0
1,74.3,74.3,Female,0,No,No,Yes,No,Fiber optic,37.15,1
66,19.35,1240.8,Male,0,No,No,Yes,No,No,18.519402985074628,0
1,44.65,44.65,Male,0,No,No,No,No phone service,DSL,22.325,1
13,84.05,1095.3,Male,0,Yes,Yes,Yes,No,Fiber optic,78.23571428571428,1
10,80.7,788.8,Male,0,No,No,Yes,Yes,Fiber optic,71.7090909090909,1
65,104.35,6578.55,Male,1,Yes,No,Yes,Yes,Fiber optic,99.675,0
1,19.55,19.55,Male,0,No,Yes,Yes,No,No,9.775,0
38,74.05,2802.3,Male,0,Yes,Yes,Yes,No,DSL,71.85384615384616,0
23,40.1,857.75,Male,0,No,Yes,No,No phone service,DSL,35.739583333333336,0
10,20.1,184.4,Female,0,Yes,No,Yes,No,No,16.763636363636365,0
4,101.7,364.55,Male,0,No,Yes,Yes,Yes,Fiber optic,72.91,1
72,83.55,6093.3,Male,0,Yes,Yes,Yes,Yes,DSL,83.46986301369863,0
35,56.85,1861.1,Female,0,Yes,No,Yes,No,DSL,51.69722222222222,0
1,20.4,20.4,Female,0,No,No,Yes,No,No,10.2,1
58,19.55,1079.65,Female,0,Yes,Yes,Yes,No,No,18.299152542372884,0
70,106.15,7475.1,Male,0,Yes,Yes,Yes,No,Fiber optic,105.2830985915493,0
38,78.95,2862.55,Male,0,Yes,Yes,Yes,Yes,DSL,73.39871794871796,0
60,49.75,3069.45,Female,0,Yes,Yes,No,No phone service,DSL,50.31885245901639,0
26,92.4,2349.8,Male,0,No,No,Yes,Yes,Fiber optic,87.02962962962964,0
8,58.2,469.25,Female,0,No,No,Yes,No,DSL,52.138888888888886,0
41,102.6,4213.35,Male,0,Yes,Yes,Yes,Yes,Fiber optic,100.31785714285715,1
36,91.95,3301.05,Female,1,Yes,No,Yes,Yes,Fiber optic,89.21756756756757,0
54,65.25,3529.95,Male,1,No,No,Yes,No,DSL,64.18090909090908,0
71,106.0,7723.7,Male,0,Yes,Yes,Yes,Yes,Fiber optic,107.27361111111111,1
55,73.1,4144.9,Female,0,No,No,Yes,Yes,Fiber optic,74.01607142857142,0
72,59.75,4265.0,Female,0,No,No,Yes,Yes,DSL,58.42465753424658,0
3,55.1,154.65,Female,0,No,Yes,Yes,No,DSL,38.6625,1
54,59.8,3246.45,Female,0,Yes,Yes,Yes,Yes,DSL,59.026363636363634,0
72,116.6,8337.45,Male,0,Yes,Yes,Yes,Yes,Fiber optic,114.21164383561644,0
52,109.3,5731.4,Male,0,No,No,Yes,Yes,Fiber optic,108.13962264150943,0
60,101.4,6176.6,Female,1,No,No,Yes,Yes,Fiber optic,101.25573770491803,0
39,50.65,1905.4,Female,0,No,No,No,No phone service,DSL,47.635000000000005,0
15,56.15,931.9,Female,0,No,No,Yes,No,DSL,58.24375,0
69,106.5,7348.8,Male,0,No,No,Yes,Yes,Fiber optic,104.98285714285714,1
43,19.2,776.25,Male,0,Yes,Yes,Yes,No,No,17.642045454545453,0
63,83.0,5243.05,Female,1,No,No,Yes,Yes,DSL,81.92265625,0
2,70.1,141.65,Male,1,Yes,No,Yes,No,Fiber optic,47.21666666666667,0
72,108.3,7679.65,Female,0,Yes,Yes,Yes,No,Fiber optic,105.20068493150684,0
32,91.05,2954.5,Female,0,Yes,Yes,Yes,Yes,Fiber optic,89.53030303030303,1
40,25.25,1006.9,Male,0,Yes,Yes,Yes,Yes,No,24.558536585365854,0
58,45.35,2540.1,Female,0,Yes,No,No,No phone service,DSL,43.052542372881355,0
67,43.9,3097.2,Male,0,No,No,No,No phone service,DSL,45.54705882352941,0
51,77.5,3807.35,Female,1,Yes,No,Yes,Yes,Fiber optic,73.21826923076922,1
31,79.3,2484.0,Male,0,Yes,No,Yes,Yes,DSL,77.625,0
69,84.9,5785.65,Male,1,Yes,No,Yes,Yes,Fiber optic,82.65214285714285,0
32,79.25,2619.15,Male,0,Yes,No,Yes,Yes,Fiber optic,79.36818181818182,0
21,71.05,1524.85,Female,0,No,No,Yes,No,DSL,69.31136363636364,0
52,53.75,2790.65,Male,0,No,No,Yes,No,DSL,52.653773584905665,0
72,24.25,1784.5,Female,0,Yes,Yes,Yes,Yes,No,24.445205479452056,0
72,54.2,3937.45,Female,0,Yes,No,No,No phone service,DSL,53.93767123287671,1
52,44.25,2276.1,Male,0,Yes,Yes,No,No phone service,DSL,42.945283018867926,0
41,50.05,2029.05,Female,0,No,No,Yes,No,DSL,48.31071428571428,0
41,20.15,802.35,Male,0,No,No,Yes,No,No,19.103571428571428,0
6,69.25,418.4,Female,0,No,No,Yes,No,Fiber optic,59.771428571428565,1
67,69.35,4653.25,Male,0,Yes,Yes,Yes,Yes,DSL,68.43014705882354,0
16,19.35,275.9,Female,0,Yes,Yes,Yes,No,No,16.22941176470588,0
17,19.15,343.45,Male,0,No,No,Yes,No,No,19.080555555555556,0
35,61.0,2130.45,Male,0,Yes,No,Yes,No,DSL,59.17916666666666,0
58,20.5,1191.4,Female,0,Yes,Yes,Yes,No,No,20.193220338983053,0
1,50.5,50.5,Male,0,No,No,Yes,No,DSL,25.25,1
52,50.2,2554.0,Male,0,Yes,Yes,No,No phone service,DSL,48.18867924528302,0
70,79.6,5589.45,Female,0,No,No,Yes,No,DSL,78.72464788732394,0
19,24.9,467.7,Female,0,Yes,Yes,Yes,Yes,No,23.384999999999998,0
1,74.4,74.4,Male,1,No,No,Yes,Yes,Fiber optic,37.2,1
35,106.9,3756.45,Female,0,Yes,Yes,Yes,No,Fiber optic,104.34583333333333,0
32,101.35,3334.9,Female,0,No,No,Yes,Yes,Fiber optic,101.05757575757576,0
17,55.35,920.5,Female,0,Yes,Yes,Yes,No,DSL,51.138888888888886,0
67,50.55,3431.75,Female,0,Yes,Yes,Yes,No,DSL,50.466911764705884,0
9,19.5,150.35,Female,0,No,No,Yes,No,No,15.035,0
31,79.45,2587.7,Male,0,No,Yes,Yes,Yes,DSL,80.865625,1
4,90.65,367.95,Male,0,No,No,Yes,Yes,Fiber optic,73.59,0
58,89.85,5125.75,Male,1,Yes,Yes,Yes,Yes,Fiber optic,86.87711864406779,0
60,79.0,4801.1,Male,0,No,No,Yes,No,DSL,78.70655737704918,0
58,104.65,6219.6,Male,0,No,No,Yes,Yes,Fiber optic,105.41694915254237,1
1,19.55,19.55,Male,0,No,No,Yes,No,No,9.775,0
27,19.9,550.1,Female,0,Yes,Yes,Yes,No,No,19.646428571428572,0
66,116.25,7862.25,Male,1,Yes,Yes,Yes,Yes,Fiber optic,117.34701492537313,0
15,87.75,1242.2,Male,0,No,No,Yes,Yes,Fiber optic,77.6375,0
47,100.05,4871.05,Male,1,Yes,No,Yes,Yes,Fiber optic,101.48020833333334,1
41,81.3,3190.65,Female,0,No,No,Yes,Yes,Fiber optic,75.96785714285714,0
59,44.3,2666.75,Male,0,Yes,No,No,No phone service,DSL,44.44583333333333,0
50,70.35,3533.6,Female,0,No,Yes,Yes,No,Fiber optic,69.28627450980392,0
17,44.45,792.15,Male,0,Yes,Yes,No,No phone service,DSL,44.00833333333333,0
6,49.15,295.65,Male,0,Yes,Yes,Yes,No,DSL,42.23571428571428,0
51,29.45,1459.35,Male,1,Yes,No,No,No phone service,DSL,28.064423076923074,0
44,100.55,4398.15,Male,0,No,No,Yes,No,Fiber optic,97.73666666666666,1
49,85.3,4297.95,Male,0,Yes,No,Yes,No,Fiber optic,85.959,0
2,95.65,167.3,Male,0,No,No,Yes,No,Fiber optic,55.76666666666667,1
59,69.1,4096.9,Male,0,Yes,No,Yes,Yes,DSL,68.28166666666667,0
50,70.35,3454.6,Male,1,No,No,Yes,Yes,DSL,67.73725490196078,0
59,20.6,1286.0,Female,0,Yes,Yes,Yes,No,No,21.433333333333334,0
18,74.15,1387.0,Male,0,No,No,Yes,Yes,Fiber optic,73.0,0
10,75.05,786.3,Male,0,No,No,Yes,Yes,Fiber optic,71.48181818181818,0
14,44.6,641.25,Male,0,Yes,No,Yes,No,DSL,42.75,0
35,21.45,705.45,Male,0,No,No,Yes,No,No,19.595833333333335,0
8,43.45,345.5,Male,0,Yes,Yes,Yes,No,DSL,38.388888888888886,0
18,20.05,345.9,Male,0,Yes,Yes,Yes,No,No,18.205263157894734,0
60,94.15,5811.8,Female,0,Yes,Yes,Yes,Yes,Fiber optic,95.27540983606558,0
1,94.4,94.4,Female,0,No,No,Yes,No,Fiber optic,47.2,1
6,19.55,124.45,Female,0,No,No,Yes,No,No,17.77857142857143,0
19,75.9,1375.6,Female,0,No,Yes,Yes,Yes,DSL,68.78,0
53,64.15,3491.55,Male,0,Yes,Yes,Yes,Yes,DSL,64.65833333333333,0
72,109.55,7920.7,Male,1,Yes,No,Yes,Yes,Fiber optic,108.5027397260274,0
60,110.8,6640.7,Female,0,Yes,No,Yes,Yes,Fiber optic,108.8639344262295,0
1,55.0,55.0,Female,0,No,No,Yes,No,DSL,27.5,1
13,53.45,718.1,Female,0,No,Yes,Yes,No,DSL,51.292857142857144,0
5,69.95,320.4,Female,0,Yes,Yes,Yes,No,Fiber optic,53.4,0
1,101.45,101.45,Male,0,No,No,Yes,Yes,Fiber optic,50.725,1
13,97.0,1334.45,Male,0,Yes,Yes,Yes,No,Fiber optic,95.31785714285715,0
37,90.6,3358.65,Male,0,No,No,Yes,Yes,DSL,88.38552631578948,0
64,73.55,4764.0,Male,0,Yes,No,Yes,No,Fiber optic,73.29230769230769,0
5,67.95,350.3,Female,0,Yes,No,Yes,Yes,DSL,58.38333333333333,1
61,94.35,5703.0,Female,0,Yes,No,Yes,Yes,Fiber optic,91.98387096774194,0
1,69.5,69.5,Female,0,No,No,Yes,No,Fiber optic,34.75,1
1,18.85,18.85,Male,0,No,No,Yes,No,No,9.425,1
26,19.4,525.55,Male,0,No,No,Yes,No,No,19.46481481481481,0
1,69.2,69.2,Female,0,No,No,Yes,No,Fiber optic,34.6,1
24,19.75,483.15,Male,0,Yes,No,Yes,No,No,19.326,0
17,54.6,934.8,Male,0,Yes,No,No,No phone service,DSL,51.93333333333333,0
26,29.8,786.5,Female,0,No,Yes,No,No phone service,DSL,29.12962962962963,0
1,69.65,69.65,Male,0,No,No,Yes,No,Fiber optic,34.825,1
40,101.85,4086.3,Male,1,Yes,No,Yes,Yes,Fiber optic,99.66585365853659,1
52,103.05,5364.8,Male,0,No,No,Yes,Yes,Fiber optic,101.22264150943397,0
1,82.3,82.3,Female,0,No,No,Yes,No,Fiber optic,41.15,1
1,20.3,20.3,Male,0,No,No,Yes,No,No,10.15,0
21,35.1,770.4,Female,0,No,No,No,No phone service,DSL,35.018181818181816,0
67,105.7,6816.95,Female,0,Yes,No,Yes,Yes,Fiber optic,100.24926470588235,0
44,56.25,2419.55,Female,0,Yes,Yes,Yes,No,DSL,53.76777777777778,0
70,60.35,4138.7,Male,0,Yes,Yes,No,No phone service,DSL,58.291549295774644,0
3,79.25,267.6,Male,0,No,No,Yes,No,Fiber optic,66.9,1
56,59.8,3457.45,Male,0,Yes,Yes,Yes,No,DSL,60.657017543859645,0
13,84.6,1115.2,Female,0,No,No,Yes,Yes,Fiber optic,79.65714285714286,1
58,93.4,5435.6,Female,0,Yes,Yes,Yes,Yes,Fiber optic,92.12881355932204,1
42,94.2,4186.3,Female,0,Yes,Yes,Yes,Yes,Fiber optic,97.35581395348838,1
1,25.05,25.05,Male,1,Yes,No,No,No phone service,DSL,12.525,1
46,99.65,4630.2,Female,0,Yes,Yes,Yes,Yes,Fiber optic,98.51489361702127,0
63,50.65,3221.25,Female,0,Yes,Yes,Yes,No,DSL,50.33203125,0
11,60.9,688.5,Male,0,No,No,Yes,No,DSL,57.375,0
15,59.65,867.1,Male,0,Yes,Yes,Yes,Yes,DSL,54.19375,0
72,64.7,4746.05,Male,0,Yes,No,No,No phone service,DSL,65.01438356164384,0
29,25.1,712.85,Female,0,No,No,No,No phone service,DSL,23.761666666666667,1
1,48.95,48.95,Male,0,No,Yes,Yes,No,DSL,24.475,1
6,54.85,355.1,Female,0,Yes,Yes,Yes,No,DSL,50.728571428571435,0
1,45.3,45.3,Male,0,No,No,Yes,No,DSL,22.65,1
63,91.35,5764.7,Male,0,Yes,Yes,Yes,Yes,Fiber optic,90.0734375,0
2,85.85,167.3,Male,0,No,No,Yes,No,Fiber optic,55.76666666666667,1
18,25.1,428.45,Female,0,Yes,Yes,Yes,Yes,No,22.55,0
43,34.0,1505.35,Female,0,Yes,No,No,No phone service,DSL,34.2125,0
15,45.9,693.45,Female,0,No,No,No,No phone service,DSL,43.340625,0
10,95.2,930.4,Male,0,No,Yes,Yes,Yes,Fiber optic,84.58181818181818,1
55,20.5,1177.95,Male,0,Yes,Yes,Yes,No,No,21.03482142857143,0
49,100.6,5069.65,Male,0,No,Yes,Yes,Yes,Fiber optic,101.39299999999999,1
6,55.3,324.25,Male,0,Yes,Yes,Yes,No,DSL,46.32142857142857,1
70,20.35,1458.1,Male,0,Yes,Yes,Yes,No,No,20.536619718309858,0
2,74.85,156.4,Male,1,No,No,Yes,Yes,Fiber optic,52.13333333333333,1
63,36.1,2298.9,Male,1,Yes,No,No,No phone service,DSL,35.9203125,0
25,65.8,1679.65,Female,0,No,No,Yes,No,DSL,64.60192307692309,0
18,20.35,369.6,Female,1,No,No,Yes,No,No,19.45263157894737,0
28,105.8,2998.0,Male,1,Yes,No,Yes,Yes,Fiber optic,103.37931034482759,0
53,96.75,5206.55,Female,1,No,No,Yes,No,Fiber optic,96.4175925925926,0
35,102.35,3626.1,Male,0,No,No,Yes,No,Fiber optic,100.725,1
1,24.4,24.4,Male,0,No,No,No,No phone service,DSL,12.2,0
70,115.65,7968.85,Male,0,Yes,No,Yes,Yes,Fiber optic,112.23732394366198,1
2,79.85,152.45,Male,0,No,No,Yes,No,Fiber optic,50.81666666666666,1
26,73.05,1959.5,Female,0,Yes,No,Yes,No,DSL,72.57407407407408,0
34,64.35,2053.05,Female,0,No,No,Yes,No,DSL,58.658571428571435,0
19,20.5,398.55,Female,0,No,Yes,Yes,No,No,19.927500000000002,0
15,76.0,1130.85,Male,0,No,No,Yes,Yes,Fiber optic,70.678125,1
62,54.75,3425.35,Female,0,Yes,Yes,Yes,No,DSL,54.37063492063492,0
42,104.75,4323.45,Female,1,No,No,Yes,Yes,Fiber optic,100.5453488372093,1
9,74.65,703.55,Female,0,No,No,Yes,No,DSL,70.35499999999999,1
24,51.15,1275.7,Male,0,No,No,Yes,No,DSL,51.028,0
68,41.95,2965.75,Male,1,Yes,No,No,No phone service,DSL,42.981884057971016,0
31,54.35,1647.0,Male,0,Yes,Yes,Yes,No,DSL,51.46875,0
1,56.25,56.25,Female,0,No,No,Yes,No,DSL,28.125,1
21,106.1,2249.95,Male,0,Yes,No,Yes,Yes,Fiber optic,102.27045454545454,1
63,96.0,6109.75,Female,0,Yes,No,Yes,No,Fiber optic,95.46484375,0
2,79.75,159.4,Female,1,No,No,Yes,No,Fiber optic,53.13333333333333,1
61,61.45,3751.15,Female,0,Yes,Yes,No,No phone service,DSL,60.502419354838715,0
1,68.65,68.65,Female,0,No,No,Yes,No,Fiber optic,34.325,1
18,19.65,411.25,Male,0,No,No,Yes,No,No,21.644736842105264,0
6,19.0,105.5,Female,0,Yes,Yes,Yes,No,No,15.071428571428571,0
33,100.0,3320.6,Female,0,No,No,Yes,Yes,Fiber optic,97.66470588235293,0
16,20.25,327.45,Male,0,No,No,Yes,No,No,19.261764705882353,1
56,98.7,5669.5,Female,0,Yes,No,Yes,No,Fiber optic,99.46491228070175,0
23,19.8,465.45,Male,0,No,Yes,Yes,No,No,19.39375,0
9,73.8,704.3,Male,0,No,No,Yes,No,Fiber optic,70.42999999999999,0
14,100.2,1369.8,Female,1,Yes,No,Yes,Yes,Fiber optic,91.32,1
15,74.9,1107.25,Male,0,Yes,Yes,Yes,Yes,Fiber optic,69.203125,1
5,20.05,95.55,Male,0,No,No,Yes,No,No,15.924999999999999,0
61,106.2,6375.2,Male,0,Yes,No,Yes,Yes,Fiber optic,102.8258064516129,0
70,116.55,8152.3,Male,0,Yes,Yes,Yes,Yes,Fiber optic,114.82112676056339,0
15,99.7,1566.75,Male,0,No,No,Yes,Yes,Fiber optic,97.921875,0
8,19.7,130.25,Male,0,Yes,Yes,Yes,No,No,14.472222222222221,0
8,19.5,162.15,Female,0,Yes,Yes,Yes,No,No,18.016666666666666,0
4,29.15,110.05,Female,0,No,No,No,No phone service,DSL,22.009999999999998,0
34,55.0,1885.15,Female,0,No,No,Yes,No,DSL,53.861428571428576,0
68,90.8,6302.85,Male,0,Yes,No,Yes,Yes,DSL,91.34565217391305,0
45,51.0,2264.5,Female,0,Yes,Yes,No,No phone service,DSL,49.22826086956522,0
9,90.1,816.8,Female,1,No,No,Yes,Yes,Fiber optic,81.67999999999999,0
22,59.05,1253.5,Female,0,No,No,Yes,Yes,DSL,54.5,0
2,20.3,41.2,Female,0,No,No,Yes,No,No,13.733333333333334,0
70,72.95,5265.55,Male,0,Yes,No,Yes,Yes,DSL,74.16267605633803,0
10,73.55,693.3,Female,0,No,Yes,Yes,Yes,DSL,63.027272727272724,0
72,84.3,5997.1,Male,0,No,No,Yes,Yes,DSL,82.15205479452055,0
49,78.0,3824.2,Female,0,Yes,Yes,Yes,No,DSL,76.484,0
54,72.1,3886.05,Female,1,No,No,Yes,Yes,DSL,70.65545454545455,0
71,106.75,7283.25,Female,0,No,No,Yes,Yes,Fiber optic,101.15625,0
22,19.25,412.55,Female,0,No,No,Yes,No,No,17.93695652173913,0
50,20.55,1070.25,Female,0,Yes,Yes,Yes,No,No,20.985294117647058,0
43,20.0,817.95,Female,0,Yes,Yes,Yes,No,No,18.589772727272727,0
45,24.65,1171.3,Female,0,Yes,Yes,Yes,Yes,No,25.463043478260868,0
64,103.5,6548.65,Male,1,No,No,Yes,Yes,Fiber optic,100.74846153846153,0
23,23.85,625.65,Female,0,Yes,Yes,Yes,Yes,No,26.068749999999998,0
68,25.8,1911.5,Female,0,Yes,No,Yes,Yes,No,27.702898550724637,0
1,70.85,70.85,Female,0,No,No,Yes,No,Fiber optic,35.425,1
2,69.8,134.7,Male,0,No,No,Yes,No,Fiber optic,44.9,1
26,59.45,1507.0,Male,0,No,No,Yes,No,DSL,55.81481481481482,0
55,54.55,2978.3,Male,0,Yes,No,No,No phone service,DSL,53.183928571428574,1
14,20.05,299.3,Male,0,No,No,Yes,No,No,19.953333333333333,0
71,82.55,5832.65,Male,0,Yes,No,Yes,No,DSL,81.00902777777777,0
64,81.25,5567.55,Male,0,No,No,Yes,Yes,DSL,85.65461538461538,0
7,70.75,450.8,Female,0,No,No,Yes,No,DSL,56.35,1
57,74.3,4166.35,Female,0,No,No,Yes,No,DSL,71.83362068965518,0
13,94.1,1215.6,Female,0,Yes,No,Yes,Yes,Fiber optic,86.82857142857142,1
3,29.7,91.7,Female,0,Yes,Yes,No,No phone service,DSL,22.925,1
72,109.7,7898.45,Male,1,Yes,No,Yes,Yes,Fiber optic,108.19794520547946,0
40,96.35,3915.4,Female,0,Yes,Yes,Yes,Yes,Fiber optic,95.49756097560976,0
14,66.6,979.5,Male,0,Yes,No,Yes,Yes,DSL,65.3,0
2,44.5,90.05,Male,0,Yes,Yes,Yes,No,DSL,30.016666666666666,0
66,110.9,7432.05,Male,1,No,No,Yes,Yes,Fiber optic,110.92611940298508,1
38,105.0,4026.4,Female,0,Yes,No,Yes,Yes,Fiber optic,103.24102564102564,1
1,25.3,25.3,Male,0,No,Yes,No,No phone service,DSL,12.65,1
22,55.15,1193.05,Male,0,No,No,Yes,No,DSL,51.87173913043478,1
1,20.1,20.1,Male,0,No,No,Yes,No,No,10.05,1
5,80.1,398.55,Male,0,No,No,Yes,No,Fiber optic,66.425,0
29,69.05,1958.45,Male,0,Yes,Yes,Yes,Yes,DSL,65.28166666666667,0
1,69.9,69.9,Male,0,Yes,Yes,Yes,No,Fiber optic,34.95,1
3,20.4,63.15,Female,0,No,No,Yes,No,No,15.7875,0
71,19.7,1301.1,Male,0,Yes,Yes,Yes,No,No,18.070833333333333,0
9,50.1,484.05,Male,0,No,Yes,Yes,No,DSL,48.405,0
43,101.4,4528.0,Male,0,No,No,Yes,Yes,Fiber optic,102.9090909090909,1
48,83.45,3887.85,Female,0,No,No,Yes,Yes,DSL,79.34387755102041,0
26,86.65,2208.75,Male,0,No,No,Yes,Yes,Fiber optic,81.80555555555556,0
9,20.15,238.15,Female,0,No,No,Yes,No,No,23.815,0
1,80.8,80.8,Male,0,No,No,Yes,No,Fiber optic,40.4,1
46,19.4,958.15,Female,0,Yes,Yes,Yes,No,No,20.386170212765958,0
2,62.05,118.3,Male,0,No,No,Yes,Yes,DSL,39.43333333333333,1
1,76.45,76.45,Male,1,No,No,Yes,Yes,Fiber optic,38.225,1
64,60.05,3845.45,Male,0,Yes,Yes,No,No phone service,DSL,59.160769230769226,0
12,91.3,1094.5,Female,1,No,No,Yes,Yes,Fiber optic,84.1923076923077,1
6,95.75,573.75,Male,1,Yes,No,Yes,No,Fiber optic,81.96428571428571,1
59,20.35,1267.0,Female,0,Yes,No,Yes,No,No,21.116666666666667,0
7,94.05,633.45,Female,0,No,No,Yes,No,Fiber optic,79.18125,0
72,84.1,6129.65,Female,1,Yes,No,Yes,Yes,DSL,83.96780821917808,0
16,78.75,1218.25,Male,1,No,No,Yes,No,Fiber optic,71.66176470588235,0
25,55.55,1405.3,Male,0,Yes,No,Yes,Yes,DSL,54.05,0
34,62.65,2274.9,Female,0,Yes,No,Yes,Yes,DSL,64.99714285714286,1
1,74.5,74.5,Female,0,No,No,Yes,Yes,Fiber optic,37.25,1
10,102.1,1068.85,Female,0,Yes,Yes,Yes,Yes,Fiber optic,97.16818181818181,1
24,20.1,533.9,Male,0,Yes,No,Yes,No,No,21.355999999999998,0
10,70.3,676.15,Female,0,Yes,Yes,Yes,Yes,DSL,61.46818181818182,0
69,53.65,3804.4,Male,0,Yes,No,Yes,No,DSL,54.34857142857143,0
57,20.75,1118.8,Male,0,No,No,Yes,No,No,19.28965517241379,0
50,103.4,5236.4,Male,0,Yes,Yes,Yes,No,Fiber optic,102.67450980392157,0
28,50.8,1386.8,Male,0,Yes,Yes,No,No phone service,DSL,47.820689655172416,0
16,50.15,762.25,Female,0,No,No,Yes,No,DSL,44.838235294117645,1
25,79.0,1902.0,Male,0,No,No,Yes,No,DSL,73.15384615384616,0
3,74.6,239.05,Female,1,Yes,No,Yes,No,Fiber optic,59.7625,0
61,96.5,5673.7,Male,0,Yes,No,Yes,Yes,Fiber optic,91.51129032258065,0
2,20.1,39.8,Female,0,No,No,Yes,No,No,13.266666666666666,0
51,19.4,997.75,Male,0,Yes,Yes,Yes,No,No,19.1875,0
71,77.55,5574.35,Female,0,Yes,Yes,Yes,No,DSL,77.42152777777778,0
20,20.05,406.05,Female,0,Yes,Yes,Yes,No,No,19.335714285714285,0
6,19.85,138.85,Male,0,Yes,Yes,Yes,No,No,19.835714285714285,0
6,20.2,123.65,Female,0,No,No,Yes,No,No,17.664285714285715,0
29,67.45,1801.1,Female,0,No,No,Yes,Yes,DSL,60.03666666666666,0
36,18.55,689.0,Male,0,No,No,Yes,No,No,18.62162162162162,0
28,29.75,790.7,Female,0,No,No,No,No phone service,DSL,27.26551724137931,0
7,86.5,582.5,Female,0,Yes,No,Yes,Yes,Fiber optic,72.8125,1
63,24.2,1618.2,Female,0,No,No,Yes,Yes,No,25.284375,0
48,23.55,1173.35,Male,0,Yes,Yes,Yes,Yes,No,23.945918367346938,0
49,20.45,900.9,Female,0,Yes,No,Yes,No,No,18.018,0
27,81.45,2122.05,Male,1,No,No,Yes,Yes,Fiber optic,75.78750000000001,1
72,92.3,6719.9,Male,0,Yes,No,Yes,Yes,DSL,92.05342465753424,0
1,69.15,69.15,Male,0,Yes,No,Yes,No,Fiber optic,34.575,1
72,53.65,3784.0,Female,0,Yes,Yes,No,No phone service,DSL,51.83561643835616,0
47,39.65,1798.65,Female,0,No,No,No,No phone service,DSL,37.471875000000004,0
1,54.65,54.65,Female,0,No,No,Yes,No,DSL,27.325,0
36,104.8,3886.45,Female,0,No,No,Yes,Yes,Fiber optic,105.03918918918919,0
43,29.3,1224.05,Male,0,Yes,Yes,No,No phone service,DSL,27.81931818181818,0
27,83.85,2310.2,Female,1,Yes,No,Yes,Yes,DSL,82.50714285714285,0
9,79.55,723.4,Female,0,No,No,Yes,No,Fiber optic,72.34,1
38,103.65,3988.5,Female,0,No,No,Yes,Yes,Fiber optic,102.26923076923077,0
35,99.05,3554.6,Female,1,No,No,Yes,Yes,Fiber optic,98.73888888888888,0
0,73.35,2283.3004408418656,Female,0,Yes,Yes,Yes,Yes,DSL,2283.3004408418656,0
59,100.05,6034.85,Female,0,Yes,No,Yes,No,Fiber optic,100.58083333333335,0
27,20.35,531.6,Male,0,No,No,Yes,No,No,18.985714285714288,0
2,43.95,85.1,Female,1,No,No,Yes,No,DSL,28.366666666666664,0
7,23.5,173.0,Male,0,No,No,Yes,Yes,No,21.625,0
36,70.7,2511.95,Female,0,No,No,Yes,Yes,DSL,67.89054054054054,0
41,94.3,3893.6,Female,0,Yes,Yes,Yes,Yes,Fiber optic,92.70476190476191,0
13,29.15,357.15,Female,0,No,No,No,No phone service,DSL,25.510714285714283,0
19,20.85,467.5,Male,0,No,Yes,Yes,No,No,23.375,0
60,37.7,2288.7,Female,0,Yes,No,No,No phone service,DSL,37.51967213114754,0
48,95.5,4627.85,Female,0,No,Yes,Yes,No,Fiber optic,94.44591836734695,1
3,91.05,289.1,Male,1,No,No,Yes,Yes,Fiber optic,72.275,1
69,92.45,6460.55,Male,0,Yes,No,Yes,Yes,Fiber optic,92.29357142857143,0
43,44.15,1931.3,Male,0,No,No,No,No phone service,DSL,43.893181818181816,0
11,36.05,402.6,Female,0,No,Yes,No,No phone service,DSL,33.550000000000004,0
45,50.25,2221.55,Female,0,Yes,No,Yes,No,DSL,48.29456521739131,0
72,109.75,7758.9,Male,0,Yes,No,Yes,Yes,Fiber optic,106.28630136986301,0
2,79.2,172.85,Female,1,Yes,No,Yes,Yes,Fiber optic,57.61666666666667,1
12,20.3,224.5,Female,0,Yes,Yes,Yes,No,No,17.26923076923077,0
67,112.35,7388.45,Female,0,Yes,Yes,Yes,Yes,Fiber optic,108.65367647058824,0
37,94.3,3460.95,Male,0,Yes,No,Yes,Yes,Fiber optic,91.07763157894736,0
39,41.15,1700.9,Female,0,No,No,No,No phone service,DSL,42.5225,0
41,74.65,3090.65,Female,0,No,No,Yes,Yes,DSL,73.58690476190476,0
25,48.25,1293.8,Female,0,No,No,No,No phone service,DSL,49.76153846153846,0
8,76.15,645.8,Male,0,Yes,Yes,Yes,Yes,DSL,71.75555555555555,0
71,71.1,5224.95,Female,0,Yes,Yes,Yes,Yes,DSL,72.56875,0
5,96.55,500.1,Male,0,No,No,Yes,Yes,Fiber optic,83.35000000000001,0
30,79.3,2427.1,Female,0,No,No,Yes,Yes,DSL,78.29354838709678,0
40,89.6,3488.15,Male,0,No,No,Yes,No,Fiber optic,85.07682926829268,0
54,20.5,1035.7,Female,0,No,No,Yes,No,No,18.830909090909092,0
72,106.3,7565.35,Male,0,Yes,No,Yes,Yes,Fiber optic,103.63493150684933,0
28,100.35,2799.0,Male,0,Yes,Yes,Yes,No,Fiber optic,96.51724137931035,0
18,85.6,1601.5,Male,0,Yes,Yes,Yes,No,Fiber optic,84.28947368421052,0
2,45.25,85.5,Female,0,No,No,No,No phone service,DSL,28.5,1
59,106.15,6256.2,Female,0,Yes,Yes,Yes,Yes,Fiber optic,104.27,0
22,51.1,1232.9,Male,0,Yes,Yes,Yes,No,DSL,53.60434782608696,0
1,19.9,19.9,Female,0,No,No,Yes,No,No,9.95,0
72,25.7,1937.4,Female,1,Yes,No,Yes,Yes,No,26.53972602739726,0
14,74.3,1096.25,Female,1,No,No,Yes,Yes,Fiber optic,73.08333333333333,1
50,99.4,5059.75,Male,0,Yes,No,Yes,Yes,Fiber optic,99.21078431372548,0
48,69.7,3023.65,Female,0,Yes,Yes,Yes,No,DSL,61.707142857142856,0
49,98.35,4889.2,Female,0,Yes,Yes,Yes,Yes,Fiber optic,97.78399999999999,0
28,85.45,2289.9,Male,0,Yes,Yes,Yes,No,Fiber optic,78.96206896551725,0
68,95.9,6503.2,Male,1,No,No,Yes,Yes,Fiber optic,94.24927536231884,0
13,100.75,1313.25,Male,0,No,No,Yes,Yes,Fiber optic,93.80357142857143,0
11,89.2,990.3,Female,0,No,No,Yes,Yes,Fiber optic,82.52499999999999,0
3,74.1,228.0,Female,0,Yes,No,Yes,Yes,Fiber optic,57.0,1
57,100.6,5746.15,Male,1,Yes,No,Yes,Yes,Fiber optic,99.07155172413792,1
3,75.0,209.1,Male,0,No,No,Yes,Yes,Fiber optic,52.275,1
72,25.75,1864.2,Male,0,Yes,No,Yes,Yes,No,25.536986301369865,0
70,84.1,5979.7,Male,0,Yes,Yes,Yes,Yes,DSL,84.22112676056338,0
49,79.3,3902.45,Female,0,Yes,Yes,Yes,Yes,DSL,78.04899999999999,0
67,107.05,7142.5,Female,1,Yes,No,Yes,Yes,Fiber optic,105.03676470588235,0
46,20.05,902.0,Male,0,No,No,Yes,No,No,19.19148936170213,0
64,70.2,4481.0,Female,1,No,No,Yes,No,DSL,68.93846153846154,1
37,19.5,805.2,Female,0,Yes,No,Yes,No,No,21.189473684210526,0
2,70.75,154.85,Female,1,No,No,Yes,No,Fiber optic,51.61666666666667,1
13,45.3,528.45,Female,1,Yes,No,No,No phone service,DSL,37.746428571428574,0
72,115.15,8349.7,Female,0,Yes,No,Yes,Yes,Fiber optic,114.37945205479453,0
68,72.95,4953.25,Male,0,Yes,Yes,Yes,No,DSL,71.78623188405797,0
15,19.65,332.65,Male,0,Yes,Yes,Yes,No,No,20.790625,0
24,19.55,470.2,Female,0,No,No,Yes,No,No,18.808,0
24,89.55,2259.35,Female,0,No,No,Yes,Yes,Fiber optic,90.374,0
27,50.35,1411.35,Male,0,No,No,Yes,No,DSL,50.40535714285714,0
12,50.25,593.75,Male,0,No,No,Yes,No,DSL,45.67307692307692,1
71,87.25,6328.7,Female,0,Yes,Yes,Yes,No,DSL,87.89861111111111,0
67,20.8,1411.9,Male,0,Yes,Yes,Yes,No,No,20.76323529411765,0
63,109.25,6841.4,Female,0,Yes,No,Yes,Yes,Fiber optic,106.896875,0
1,20.35,20.35,Male,0,No,No,Yes,No,No,10.175,0
4,55.9,238.5,Male,0,No,No,Yes,No,DSL,47.7,0
40,79.2,3233.85,Female,1,No,No,Yes,No,Fiber optic,78.87439024390244,1
12,96.0,1062.1,Female,0,No,No,Yes,No,Fiber optic,81.69999999999999,1
52,79.2,4016.3,Male,0,Yes,Yes,Yes,No,DSL,75.77924528301887,0
10,24.0,226.55,Male,0,No,No,Yes,Yes,No,20.595454545454547,0
68,101.35,7110.75,Male,0,No,No,Yes,Yes,Fiber optic,103.05434782608695,0
54,100.1,5440.9,Female,0,No,No,Yes,Yes,Fiber optic,98.92545454545454,1
4,56.5,235.1,Female,0,Yes,Yes,Yes,No,DSL,47.019999999999996,1
52,35.45,1958.95,Female,0,Yes,No,No,No phone service,DSL,36.96132075471698,0
1,85.0,85.0,Female,1,No,No,Yes,No,Fiber optic,42.5,1
70,79.4,5528.9,Male,0,Yes,No,Yes,Yes,DSL,77.8718309859155,0
43,35.2,1463.7,Male,0,No,No,No,No phone service,DSL,33.26590909090909,0
52,19.65,1025.05,Male,0,No,No,Yes,No,No,19.340566037735847,0
12,49.85,552.1,Female,0,No,No,No,No phone service,DSL,42.46923076923077,0
56,68.75,3815.4,Female,0,Yes,Yes,Yes,Yes,DSL,66.93684210526315,0
0,61.9,2283.3004408418656,Male,0,No,Yes,Yes,Yes,DSL,2283.3004408418656,0
42,79.9,3313.4,Male,0,No,No,Yes,Yes,Fiber optic,77.05581395348837,0
22,89.75,1938.9,Male,1,Yes,No,Yes,No,Fiber optic,84.3,0
51,59.3,3014.65,Male,0,Yes,Yes,No,No phone service,DSL,57.97403846153846,1
27,19.4,460.25,Male,0,No,No,Yes,No,No,16.4375,0
51,93.65,4839.15,Male,1,Yes,No,Yes,Yes,Fiber optic,93.06057692307692,0
4,49.4,184.4,Male,0,No,Yes,Yes,No,DSL,36.88,1
1,19.9,19.9,Male,0,No,No,Yes,No,No,9.95,0
35,55.0,2010.55,Male,0,No,No,Yes,No,DSL,55.84861111111111,1
71,72.9,5139.65,Male,1,Yes,Yes,Yes,Yes,DSL,71.38402777777777,0
1,69.2,69.2,Female,0,No,No,Yes,No,Fiber optic,34.6,1
69,25.6,1673.4,Female,0,Yes,Yes,Yes,Yes,No,23.905714285714286,0
14,19.75,309.35,Male,0,Yes,Yes,Yes,No,No,20.623333333333335,0
57,55.7,3171.6,Male,0,Yes,No,Yes,No,DSL,54.682758620689654,0
72,117.5,8670.1,Female,0,Yes,Yes,Yes,Yes,Fiber optic,118.76849315068493,0
48,19.85,916.0,Male,0,No,No,Yes,No,No,18.693877551020407,0
4,78.9,299.75,Female,0,Yes,Yes,Yes,No,Fiber optic,59.95,0
31,20.65,702.05,Male,0,Yes,Yes,Yes,No,No,21.9390625,0
38,62.3,2354.8,Male,0,No,No,Yes,No,DSL,60.379487179487185,1
37,92.5,3473.4,Male,1,Yes,No,Yes,Yes,Fiber optic,91.40526315789474,1
1,19.65,19.65,Female,0,No,No,Yes,No,No,9.825,0
57,79.75,4438.2,Male,1,No,No,Yes,Yes,DSL,76.5206896551724,0
62,79.95,4819.75,Female,1,Yes,No,Yes,No,DSL,76.50396825396825,0
3,29.9,92.25,Male,0,Yes,No,No,No phone service,DSL,23.0625,0
72,19.75,1567.0,Female,0,No,Yes,Yes,No,No,21.465753424657535,0
29,45.0,1242.45,Male,0,No,Yes,No,No phone service,DSL,41.415,0
13,44.8,559.2,Male,0,Yes,Yes,Yes,No,DSL,39.94285714285714,0
3,69.65,220.1,Male,0,No,Yes,Yes,No,Fiber optic,55.025,1
11,51.1,531.15,Female,0,No,No,Yes,No,DSL,44.262499999999996,0
21,53.15,1183.2,Female,0,No,Yes,No,No phone service,DSL,53.78181818181818,0
19,24.7,465.85,Female,0,No,No,Yes,Yes,No,23.2925,0
61,111.6,6876.05,Male,0,No,No,Yes,Yes,Fiber optic,110.90403225806452,1
11,48.55,501.0,Female,0,No,No,Yes,No,DSL,41.75,1
35,109.95,3782.4,Male,0,Yes,Yes,Yes,Yes,Fiber optic,105.06666666666666,0
25,20.8,460.2,Male,0,No,Yes,Yes,No,No,17.7,0
1,20.2,20.2,Female,0,No,No,Yes,No,No,10.1,1
67,25.6,1790.35,Female,0,No,No,Yes,Yes,No,26.328676470588235,0
19,39.65,733.35,Male,0,No,No,No,No phone service,DSL,36.667500000000004,1
56,24.9,1334.0,Male,0,No,No,Yes,Yes,No,23.403508771929825,1
72,108.4,7767.25,Male,0,Yes,Yes,Yes,Yes,Fiber optic,106.40068493150685,0
43,19.55,876.15,Male,0,No,No,Yes,No,No,19.912499999999998,0
55,85.1,4600.95,Female,0,Yes,Yes,Yes,Yes,Fiber optic,82.15982142857142,0
2,56.7,113.55,Male,0,Yes,Yes,Yes,Yes,DSL,37.85,1
27,69.05,1793.25,Male,0,No,No,Yes,No,Fiber optic,64.04464285714286,0
13,70.15,886.7,Female,0,No,No,Yes,No,Fiber optic,63.33571428571429,0
70,111.15,7737.55,Female,0,No,No,Yes,Yes,Fiber optic,108.97957746478873,0
14,105.95,1348.9,Female,0,Yes,No,Yes,No,Fiber optic,89.92666666666668,1
19,89.35,1686.85,Female,0,Yes,Yes,Yes,Yes,Fiber optic,84.3425,0
20,89.1,1879.25,Female,0,No,No,Yes,Yes,Fiber optic,89.48809523809524,0
43,91.25,4013.8,Male,0,Yes,Yes,Yes,Yes,Fiber optic,91.22272727272728,0
5,90.35,434.5,Male,0,Yes,Yes,Yes,No,Fiber optic,72.41666666666667,0
70,105.55,7195.35,Female,1,Yes,No,Yes,Yes,Fiber optic,101.34295774647887,0
40,19.1,780.1,Female,0,Yes,No,Yes,No,No,19.026829268292683,0
6,20.4,107.6,Male,0,Yes,Yes,Yes,No,No,15.37142857142857,0
39,100.45,3801.7,Male,0,No,No,Yes,No,Fiber optic,95.04249999999999,0
4,74.95,308.7,Male,1,Yes,No,Yes,Yes,Fiber optic,61.739999999999995,1
15,29.7,438.25,Male,0,No,No,No,No phone service,DSL,27.390625,1
1,50.35,50.35,Male,0,Yes,No,No,No phone service,DSL,25.175,1
45,85.7,3778.1,Female,1,No,No,Yes,No,Fiber optic,82.13260869565217,0
64,47.85,3147.5,Female,0,Yes,No,No,No phone service,DSL,48.42307692307692,1
57,94.0,5438.95,Female,1,Yes,No,Yes,Yes,Fiber optic,93.77499999999999,0
72,69.85,5102.35,Male,0,Yes,Yes,Yes,Yes,DSL,69.89520547945206,0
1,70.3,70.3,Male,0,No,No,Yes,No,Fiber optic,35.15,1
72,25.85,1872.2,Male,0,Yes,No,Yes,Yes,No,25.646575342465756,0
3,71.1,213.35,Female,0,No,No,Yes,No,DSL,53.3375,0
55,98.8,5617.75,Male,1,No,No,Yes,Yes,Fiber optic,100.31696428571429,1
59,93.35,5386.5,Female,0,Yes,No,Yes,Yes,Fiber optic,89.775,0
18,99.85,1776.95,Female,0,No,No,Yes,Yes,Fiber optic,93.52368421052631,1
32,80.3,2483.05,Male,1,Yes,No,Yes,No,Fiber optic,75.2439393939394,1
4,50.55,235.65,Female,0,No,No,Yes,No,DSL,47.13,0
66,80.45,5224.35,Female,1,No,No,Yes,Yes,Fiber optic,77.97537313432836,1
27,81.3,2272.8,Male,0,No,No,Yes,Yes,Fiber optic,81.17142857142858,0
4,20.7,83.75,Male,0,No,No,Yes,No,No,16.75,0
60,79.05,4663.4,Male,0,Yes,Yes,Yes,No,DSL,76.44918032786885,0
8,19.05,201.7,Female,0,Yes,Yes,Yes,No,No,22.41111111111111,0
8,19.6,125.0,Male,0,Yes,Yes,Yes,No,No,13.88888888888889,0
35,20.2,684.4,Male,0,No,No,Yes,No,No,19.01111111111111,0
7,86.8,620.35,Male,0,No,No,Yes,Yes,Fiber optic,77.54375,1
53,20.9,1146.05,Female,0,Yes,Yes,Yes,No,No,21.223148148148148,0
18,103.6,1806.35,Female,1,No,No,Yes,Yes,Fiber optic,95.07105263157894,0
15,38.8,603.0,Female,0,No,No,No,No phone service,DSL,37.6875,0
67,88.4,5798.3,Male,0,Yes,No,Yes,Yes,Fiber optic,85.26911764705882,0
6,84.2,519.15,Male,1,Yes,No,Yes,No,Fiber optic,74.16428571428571,1
6,79.7,497.6,Male,1,No,No,Yes,No,Fiber optic,71.08571428571429,0
13,99.0,1301.7,Male,0,No,No,Yes,Yes,Fiber optic,92.97857142857143,1
11,100.75,1129.75,Female,0,No,No,Yes,Yes,Fiber optic,94.14583333333333,1
1,19.3,19.3,Male,0,No,Yes,Yes,No,No,9.65,0
5,55.75,266.95,Male,0,No,No,Yes,No,DSL,44.49166666666667,0
13,19.95,257.0,Male,0,No,No,Yes,No,No,18.357142857142858,0
9,91.75,865.8,Female,0,Yes,No,Yes,Yes,Fiber optic,86.58,1
29,89.65,2623.65,Male,0,No,No,Yes,No,Fiber optic,87.455,0
1,45.85,45.85,Male,1,No,No,Yes,No,DSL,22.925,0
1,79.55,79.55,Female,0,No,No,Yes,Yes,Fiber optic,39.775,1
18,55.95,1082.8,Female,0,Yes,Yes,Yes,No,DSL,56.98947368421052,0
2,69.0,147.8,Female,0,Yes,No,Yes,No,DSL,49.26666666666667,0
30,83.55,2570.2,Male,0,Yes,Yes,Yes,Yes,Fiber optic,82.90967741935484,0
66,65.7,4378.9,Male,0,No,Yes,Yes,Yes,DSL,65.35671641791045,0
38,94.9,3616.25,Male,0,Yes,Yes,Yes,Yes,Fiber optic,92.72435897435898,0
44,61.9,2924.05,Male,0,Yes,Yes,Yes,No,DSL,64.97888888888889,0
54,111.1,6014.85,Female,0,No,No,Yes,Yes,Fiber optic,109.3609090909091,1
2,20.0,32.7,Male,0,No,No,Yes,No,No,10.9,0
42,67.7,2882.25,Female,0,No,No,Yes,No,DSL,67.02906976744185,0
58,25.15,1509.9,Female,0,Yes,Yes,Yes,Yes,No,25.591525423728815,0
58,92.85,5305.05,Male,0,Yes,Yes,Yes,No,Fiber optic,89.91610169491526,0
25,89.1,2368.4,Female,0,Yes,Yes,Yes,Yes,Fiber optic,91.0923076923077,1
71,111.3,7985.9,Female,0,No,No,Yes,Yes,Fiber optic,110.91527777777777,0
37,101.9,3545.35,Female,0,No,No,Yes,Yes,Fiber optic,93.29868421052632,1
14,91.65,1301.0,Female,0,Yes,Yes,Yes,Yes,Fiber optic,86.73333333333333,1
4,88.85,372.45,Female,1,No,No,Yes,Yes,Fiber optic,74.49,1
48,60.6,2985.25,Female,0,Yes,No,Yes,Yes,DSL,60.923469387755105,0
3,25.3,77.75,Female,1,No,No,No,No phone service,DSL,19.4375,1
8,65.5,564.35,Female,0,Yes,No,Yes,No,DSL,62.705555555555556,0
1,95.45,95.45,Male,0,No,No,Yes,Yes,Fiber optic,47.725,1
67,19.95,1311.75,Male,0,No,No,Yes,No,No,19.290441176470587,0
13,91.1,1135.7,Male,0,No,No,Yes,No,Fiber optic,81.12142857142858,1
45,54.15,2319.8,Female,0,Yes,Yes,Yes,No,DSL,50.4304347826087,1
49,74.6,3720.35,Male,0,No,No,Yes,Yes,Fiber optic,74.407,0
52,94.6,5025.8,Female,0,Yes,No,Yes,Yes,Fiber optic,94.82641509433962,0
63,81.15,5224.5,Female,0,Yes,No,Yes,No,Fiber optic,81.6328125,0
68,89.05,6185.8,Female,0,Yes,Yes,Yes,Yes,DSL,89.64927536231885,0
31,49.2,1498.55,Female,0,Yes,No,Yes,No,DSL,46.8296875,0
64,19.45,1208.6,Female,0,Yes,No,Yes,No,No,18.59384615384615,0
62,104.3,6613.65,Female,0,Yes,No,Yes,No,Fiber optic,104.97857142857143,0
1,69.7,69.7,Female,0,No,No,Yes,No,Fiber optic,34.85,1
6,89.5,573.3,Female,0,No,No,Yes,No,Fiber optic,81.89999999999999,1
21,86.05,1818.9,Female,0,Yes,No,Yes,No,Fiber optic,82.67727272727274,0
72,25.2,1787.35,Female,0,Yes,Yes,Yes,Yes,No,24.484246575342464,0
32,35.15,1051.05,Female,0,Yes,Yes,No,No phone service,DSL,31.849999999999998,0
71,99.65,7181.25,Female,1,No,No,Yes,Yes,Fiber optic,99.73958333333333,0
34,105.35,3688.6,Female,0,No,Yes,Yes,No,Fiber optic,105.38857142857142,0
3,35.15,99.75,Male,0,Yes,No,No,No phone service,DSL,24.9375,1
12,73.75,871.4,Male,0,No,Yes,Yes,Yes,Fiber optic,67.03076923076922,1
8,101.35,780.5,Female,1,No,No,Yes,Yes,Fiber optic,86.72222222222223,1
35,24.3,821.6,Female,0,Yes,Yes,Yes,Yes,No,22.822222222222223,0
3,80.7,239.45,Female,0,Yes,Yes,Yes,No,Fiber optic,59.8625,0
3,89.85,244.45,Male,0,No,No,Yes,No,Fiber optic,61.1125,0
53,61.1,3357.9,Male,0,No,No,Yes,No,DSL,62.18333333333334,0
4,29.05,129.6,Female,0,Yes,No,No,No phone service,DSL,25.919999999999998,0
48,99.7,4977.2,Female,0,Yes,Yes,Yes,No,Fiber optic,101.57551020408162,0
6,55.9,365.35,Female,0,Yes,Yes,Yes,No,DSL,52.19285714285714,1
3,105.9,334.65,Male,1,Yes,No,Yes,Yes,Fiber optic,83.6625,1
54,46.0,2424.05,Male,0,Yes,Yes,No,No phone service,DSL,44.07363636363637,0
1,43.95,43.95,Female,0,No,No,Yes,No,DSL,21.975,1
62,80.4,4981.15,Male,0,No,No,Yes,No,DSL,79.06587301587301,0
22,100.05,2090.25,Male,0,Yes,Yes,Yes,No,Fiber optic,90.8804347826087,0
1,45.1,45.1,Male,0,No,No,Yes,No,DSL,22.55,1
51,94.0,4905.75,Male,1,No,No,Yes,No,Fiber optic,94.34134615384616,0
30,68.95,2038.7,Female,0,No,No,Yes,Yes,DSL,65.76451612903226,0
56,68.45,4014.0,Female,1,Yes,No,Yes,Yes,DSL,70.42105263157895,0
35,69.0,2441.7,Male,0,Yes,No,Yes,Yes,DSL,67.82499999999999,0
64,43.85,2751.0,Female,1,No,No,No,No phone service,DSL,42.323076923076925,0
30,44.5,1307.8,Male,0,No,Yes,No,No phone service,DSL,42.18709677419355,0
25,18.7,383.65,Female,0,Yes,Yes,Yes,No,No,14.75576923076923,0
41,70.25,2868.05,Female,0,No,No,Yes,No,Fiber optic,68.28690476190476,1
9,55.35,449.75,Male,0,No,Yes,Yes,No,DSL,44.975,1
1,53.55,53.55,Female,0,Yes,No,Yes,No,DSL,26.775,0
70,114.6,7882.5,Male,0,No,Yes,Yes,Yes,Fiber optic,111.02112676056338,0
57,20.1,1087.7,Female,0,Yes,Yes,Yes,No,No,18.75344827586207,0
9,85.5,791.7,Male,0,No,No,Yes,Yes,Fiber optic,79.17,0
69,108.75,7493.05,Female,0,Yes,Yes,Yes,Yes,Fiber optic,107.04357142857143,0
43,103.0,4414.3,Male,1,Yes,No,Yes,Yes,Fiber optic,100.325,1
72,97.85,6841.3,Female,0,Yes,No,Yes,Yes,Fiber optic,93.71643835616439,0
44,19.55,819.95,Male,0,No,Yes,Yes,No,No,18.221111111111114,0
72,84.05,6052.25,Female,0,Yes,No,Yes,Yes,Fiber optic,82.90753424657534,0
33,103.75,3361.05,Female,0,Yes,No,Yes,No,Fiber optic,98.85441176470589,1
54,89.4,4869.5,Male,0,No,No,Yes,Yes,Fiber optic,88.53636363636363,0
27,19.7,509.3,Male,0,No,Yes,Yes,No,No,18.189285714285713,0
54,79.85,4308.25,Male,0,No,No,Yes,Yes,Fiber optic,78.33181818181818,0
3,74.45,221.1,Male,0,No,No,Yes,No,Fiber optic,55.275,0
53,74.1,3833.95,Female,0,Yes,No,Yes,Yes,DSL,70.99907407407407,0
1,69.35,69.35,Male,0,No,No,Yes,No,Fiber optic,34.675,1
15,18.8,294.95,Male,0,Yes,No,Yes,No,No,18.434375,0
56,73.85,4092.85,Female,0,No,No,Yes,No,Fiber optic,71.80438596491229,1
5,64.4,316.9,Male,0,Yes,Yes,Yes,Yes,DSL,52.81666666666666,0
48,55.8,2651.2,Male,0,Yes,Yes,Yes,No,DSL,54.10612244897959,0
25,20.05,471.7,Female,0,No,Yes,Yes,No,No,18.142307692307693,0
3,75.15,216.75,Female,0,Yes,No,Yes,Yes,Fiber optic,54.1875,1
58,99.15,5720.95,Male,0,No,No,Yes,No,Fiber optic,96.96525423728814,0
10,56.75,503.25,Male,0,No,No,Yes,No,DSL,45.75,0
1,69.6,69.6,Male,0,No,No,Yes,No,Fiber optic,34.8,1
71,104.15,7365.3,Male,0,Yes,No,Yes,Yes,Fiber optic,102.29583333333333,0
65,110.8,7245.9,Female,0,Yes,Yes,Yes,Yes,Fiber optic,109.78636363636363,0
5,80.15,385.0,Male,0,Yes,Yes,Yes,Yes,Fiber optic,64.16666666666667,1
28,35.75,961.4,Female,0,No,No,No,No phone service,DSL,33.15172413793103,0
67,69.9,4615.9,Female,0,Yes,Yes,Yes,Yes,DSL,67.88088235294117,0
35,89.2,3251.3,Male,0,No,No,Yes,No,Fiber optic,90.3138888888889,0
72,55.65,3880.05,Female,0,Yes,Yes,No,No phone service,DSL,53.1513698630137,0
61,50.7,3088.75,Female,0,Yes,Yes,No,No phone service,DSL,49.818548387096776,0
68,20.0,1396.0,Male,1,No,No,Yes,No,No,20.231884057971016,0
1,30.5,30.5,Female,0,Yes,Yes,No,No phone service,DSL,15.25,1
3,19.1,53.05,Male,0,No,No,Yes,No,No,13.2625,0
70,98.3,6859.5,Male,0,Yes,Yes,Yes,Yes,Fiber optic,96.61267605633803,1
48,45.55,2108.35,Female,0,No,Yes,No,No phone service,DSL,43.02755102040816,0
68,101.05,6770.5,Male,0,Yes,Yes,Yes,Yes,Fiber optic,98.1231884057971,0
47,103.7,4730.6,Female,0,No,No,Yes,No,Fiber optic,98.55416666666667,0
32,36.25,1151.05,Male,0,Yes,Yes,No,No phone service,DSL,34.880303030303025,0
5,49.4,232.55,Female,0,Yes,Yes,Yes,No,DSL,38.75833333333333,0
49,19.9,1022.6,Male,0,No,No,Yes,No,No,20.452,0
48,107.4,5121.3,Female,0,No,No,Yes,Yes,Fiber optic,104.51632653061225,1
13,82.0,1127.2,Female,1,No,No,Yes,Yes,Fiber optic,80.51428571428572,1
15,19.8,309.4,Male,0,No,No,Yes,No,No,19.3375,0
12,45.05,523.1,Female,0,No,No,Yes,No,DSL,40.23846153846154,0
67,64.55,4250.1,Male,1,No,No,Yes,Yes,DSL,62.5014705882353,0
9,86.25,770.5,Male,0,No,No,Yes,No,Fiber optic,77.05,0
13,19.75,246.7,Female,0,Yes,Yes,Yes,No,No,17.62142857142857,0
38,89.1,3342.0,Female,0,No,No,Yes,No,Fiber optic,85.6923076923077,0
42,95.55,3930.6,Female,1,Yes,No,Yes,Yes,Fiber optic,91.4093023255814,0
24,75.4,1747.85,Female,0,Yes,No,Yes,Yes,Fiber optic,69.914,1
27,101.25,2754.45,Female,1,Yes,No,Yes,No,Fiber optic,98.37321428571428,1
9,102.6,897.75,Male,0,Yes,Yes,Yes,Yes,Fiber optic,89.775,0
49,56.3,2780.6,Female,0,Yes,No,No,No phone service,DSL,55.611999999999995,0
61,94.2,5895.45,Female,1,Yes,No,Yes,Yes,Fiber optic,95.08790322580644,0
50,43.05,2208.05,Male,0,No,Yes,No,No phone service,DSL,43.29509803921569,0
25,89.5,2196.15,Male,1,No,No,Yes,Yes,Fiber optic,84.4673076923077,1
22,74.4,1692.6,Female,1,No,No,Yes,Yes,Fiber optic,73.59130434782608,1
1,20.5,20.5,Male,0,No,No,Yes,No,No,10.25,1
4,74.35,265.35,Male,0,No,No,Yes,Yes,Fiber optic,53.07000000000001,1
18,99.75,1836.25,Female,1,Yes,No,Yes,Yes,Fiber optic,96.64473684210526,1
56,111.95,6418.9,Female,1,No,No,Yes,Yes,Fiber optic,112.61228070175439,1
53,94.0,4871.45,Female,1,Yes,No,Yes,No,Fiber optic,90.21203703703704,0
51,98.85,4947.55,Female,0,Yes,No,Yes,Yes,Fiber optic,95.14519230769231,0
24,64.35,1558.65,Female,0,Yes,Yes,Yes,Yes,DSL,62.346000000000004,0
62,72.0,4284.2,Female,0,Yes,No,Yes,No,DSL,68.0031746031746,0
24,49.7,1218.25,Male,0,No,No,Yes,No,DSL,48.73,0
70,80.7,5617.95,Female,0,Yes,Yes,Yes,Yes,DSL,79.12605633802816,0
1,24.2,24.2,Male,0,No,Yes,No,No phone service,DSL,12.1,0
16,39.0,679.85,Male,1,No,No,No,No phone service,DSL,39.991176470588236,1
8,65.45,554.45,Female,0,No,No,Yes,No,DSL,61.60555555555556,0
72,74.35,5237.4,Female,0,Yes,Yes,Yes,No,DSL,71.74520547945205,0
23,83.2,2032.3,Female,0,No,No,Yes,No,Fiber optic,84.67916666666666,0
31,25.0,789.2,Male,0,No,Yes,No,No phone service,DSL,24.6625,0
37,40.2,1525.35,Male,0,Yes,Yes,No,No phone service,DSL,40.14078947368421,0
30,94.1,2804.45,Female,0,Yes,No,Yes,Yes,Fiber optic,90.46612903225805,1
35,108.35,3726.15,Female,1,No,No,Yes,Yes,Fiber optic,103.50416666666666,0
23,69.5,1652.1,Female,0,Yes,Yes,Yes,Yes,DSL,68.83749999999999,0
20,76.0,1588.75,Female,0,Yes,Yes,Yes,Yes,DSL,75.6547619047619,0
36,93.6,3366.05,Male,0,Yes,No,Yes,No,Fiber optic,90.97432432432433,0
8,95.65,778.1,Female,0,No,No,Yes,Yes,Fiber optic,86.45555555555556,1
71,100.55,7113.75,Male,0,Yes,Yes,Yes,Yes,Fiber optic,98.80208333333333,0
50,88.05,4367.35,Female,1,Yes,No,Yes,Yes,Fiber optic,85.6343137254902,1
43,24.45,993.15,Female,0,Yes,Yes,Yes,Yes,No,22.571590909090908,0
57,89.55,5012.35,Male,0,No,Yes,Yes,Yes,DSL,86.4198275862069,0
41,66.5,2728.6,Female,0,Yes,Yes,Yes,No,DSL,64.96666666666667,1
27,76.1,2093.4,Female,0,Yes,No,Yes,No,Fiber optic,74.76428571428572,0
13,80.5,1011.8,Female,0,No,No,Yes,No,Fiber optic,72.27142857142857,0
3,35.45,106.85,Male,0,No,No,No,No phone service,DSL,26.7125,1
67,20.55,1343.4,Female,0,No,No,Yes,No,No,19.75588235294118,0
3,49.9,130.1,Male,0,No,No,Yes,No,DSL,32.525,1
64,105.4,6794.75,Female,0,Yes,No,Yes,Yes,Fiber optic,104.53461538461538,0
26,35.75,1022.5,Male,0,No,No,No,No phone service,DSL,37.870370370370374,0
38,95.1,3691.2,Male,0,No,No,Yes,Yes,Fiber optic,94.64615384615384,0
23,19.3,486.2,Male,0,Yes,No,Yes,No,No,20.258333333333333,0
40,104.5,4036.85,Male,0,No,No,Yes,Yes,Fiber optic,98.45975609756097,1
72,63.1,4685.55,Male,1,Yes,No,No,No phone service,DSL,64.18561643835616,0
3,75.05,256.25,Female,1,No,No,Yes,Yes,Fiber optic,64.0625,1
23,81.0,1917.1,Male,0,No,No,Yes,Yes,Fiber optic,79.87916666666666,1
1,74.45,74.45,Female,1,Yes,No,Yes,Yes,Fiber optic,37.225,1
4,60.4,272.15,Female,0,No,No,Yes,No,DSL,54.42999999999999,1
62,84.95,5150.55,Female,0,Yes,No,Yes,Yes,DSL,81.7547619047619,0
40,93.4,3756.4,Female,0,No,No,Yes,Yes,Fiber optic,91.61951219512196,0
41,89.2,3645.75,Male,0,No,No,Yes,Yes,Fiber optic,86.80357142857143,0
34,85.2,2874.45,Male,1,Yes,No,Yes,No,Fiber optic,82.12714285714286,0
1,49.95,49.95,Female,0,No,No,Yes,No,DSL,24.975,0
51,20.65,1020.75,Female,0,No,No,Yes,No,No,19.629807692307693,0
1,70.65,70.65,Male,0,Yes,Yes,Yes,No,Fiber optic,35.325,1
39,20.15,826.0,Female,0,No,No,Yes,No,No,20.65,0
12,19.2,239.0,Male,0,Yes,Yes,Yes,No,No,18.384615384615383,0
12,59.8,727.8,Male,0,No,No,Yes,No,DSL,55.98461538461538,1
72,104.95,7544.3,Male,0,No,No,Yes,Yes,Fiber optic,103.34657534246575,0
63,103.5,6479.4,Female,1,Yes,No,Yes,Yes,Fiber optic,101.240625,0
44,84.8,3626.35,Male,0,Yes,No,Yes,Yes,Fiber optic,80.58555555555556,0
18,95.05,1679.4,Female,0,No,No,Yes,Yes,Fiber optic,88.38947368421053,0
9,44.2,403.35,Female,0,No,No,Yes,No,DSL,40.335,1
13,73.35,931.55,Male,0,No,No,Yes,No,DSL,66.53928571428571,0
68,64.1,4326.25,Female,0,Yes,No,Yes,No,DSL,62.69927536231884,0
6,44.4,263.05,Female,1,No,No,No,No phone service,DSL,37.57857142857143,0
2,20.05,39.25,Female,0,No,No,Yes,No,No,13.083333333333334,0
55,60.0,3316.1,Male,1,Yes,No,Yes,Yes,DSL,59.216071428571425,0
1,75.75,75.75,Male,1,No,No,Yes,Yes,Fiber optic,37.875,1
38,69.5,2625.25,Male,0,No,No,Yes,No,Fiber optic,67.31410256410257,0
67,102.95,6886.25,Female,0,No,No,Yes,Yes,Fiber optic,101.26838235294117,1
19,78.7,1495.1,Male,0,No,No,Yes,No,Fiber optic,74.755,0
12,60.65,743.3,Female,0,No,No,No,No phone service,DSL,57.176923076923075,0
72,21.15,1419.4,Female,0,No,No,Yes,No,No,19.443835616438356,0
24,84.8,1990.5,Male,0,Yes,Yes,Yes,Yes,DSL,79.62,0
72,103.2,7362.9,Female,0,Yes,Yes,Yes,Yes,Fiber optic,100.86164383561643,0
11,29.6,346.45,Female,0,Yes,Yes,No,No phone service,DSL,28.870833333333334,0
4,74.4,306.6,Male,1,Yes,No,Yes,Yes,Fiber optic,61.32000000000001,1
66,105.65,6844.5,Male,0,No,No,Yes,No,Fiber optic,102.15671641791045,0
